date,location,latitude,longitude,temperature,humidity,rainfall,wind_speed,air_pressure,co2,source
2024-01-01,Karachi,24.8607,67.0011,23.1,68.2,0.0,13.7,1012.0,418.5,Weather Station
2024-01-01,Lahore,31.5204,74.3587,19.7,53.0,7.5,27.3,1011.7,422.5,Weather Station
2024-01-01,Islamabad,33.6844,73.0479,14.6,54.3,2.1,22.8,1016.7,407.0,Satellite Telemetry
2024-01-01,Peshawar,34.0151,71.5249,15.6,43.2,0.5,27.5,1012.3,409.2,Sensor Network
2024-01-01,Quetta,30.1798,66.975,9.3,38.3,0.1,14.7,1021.6,396.4,Satellite Telemetry
2024-01-01,Multan,30.1575,71.5249,23.8,42.8,5.4,10.4,1014.4,418.0,Environmental IoT
2024-01-01,Hyderabad,25.396,68.3578,22.5,68.9,0.6,20.3,1014.5,414.1,Environmental IoT
2024-01-01,Faisalabad,31.4504,73.135,21.3,51.2,4.8,21.4,1010.3,424.9,Weather Station
2024-01-02,Karachi,24.8607,67.0011,20.1,70.3,3.1,11.0,1011.2,417.4,Environmental IoT
2024-01-02,Lahore,31.5204,74.3587,20.8,56.0,6.7,26.4,1015.0,423.5,Environmental IoT
2024-01-02,Islamabad,33.6844,73.0479,12.9,47.0,6.7,26.1,1013.3,404.1,Satellite Telemetry
2024-01-02,Peshawar,34.0151,71.5249,15.1,44.4,0.0,15.2,1014.6,411.2,Sensor Network
2024-01-02,Quetta,30.1798,66.975,8.9,38.1,0.7,27.1,1017.3,395.0,Environmental IoT
2024-01-02,Multan,30.1575,71.5249,25.0,42.7,0.0,19.3,1012.9,422.3,Satellite Telemetry
2024-01-02,Hyderabad,25.396,68.3578,21.5,61.7,2.2,27.8,1009.2,411.2,Environmental IoT
2024-01-02,Faisalabad,31.4504,73.135,21.5,53.7,4.6,14.4,1011.0,424.6,Weather Station
2024-01-03,Karachi,24.8607,67.0011,22.0,67.7,5.3,14.8,1009.4,416.0,Satellite Telemetry
2024-01-03,Lahore,31.5204,74.3587,19.9,57.3,2.4,21.0,1012.0,420.2,Environmental IoT
2024-01-03,Islamabad,33.6844,73.0479,14.1,52.3,8.3,25.8,1013.4,406.9,Weather Station
2024-01-03,Peshawar,34.0151,71.5249,17.8,45.5,6.4,25.8,1017.4,411.9,Environmental IoT
2024-01-03,Quetta,30.1798,66.975,10.1,32.0,2.4,25.5,1017.6,399.7,Satellite Telemetry
2024-01-03,Multan,30.1575,71.5249,23.7,45.7,0.0,21.5,1013.9,422.8,Weather Station
2024-01-03,Hyderabad,25.396,68.3578,19.5,68.5,0.8,23.7,1011.7,413.2,Environmental IoT
2024-01-03,Faisalabad,31.4504,73.135,19.6,50.4,5.8,22.9,1011.6,425.9,Satellite Telemetry
2024-01-04,Karachi,24.8607,67.0011,21.8,66.8,0.0,14.1,1011.4,418.3,Environmental IoT
2024-01-04,Lahore,31.5204,74.3587,17.7,54.8,5.7,27.4,1015.0,421.8,Sensor Network
2024-01-04,Islamabad,33.6844,73.0479,15.4,48.3,8.7,13.9,1013.8,402.8,Sensor Network
2024-01-04,Peshawar,34.0151,71.5249,14.9,51.4,4.6,24.7,1015.4,412.9,Sensor Network
2024-01-04,Quetta,30.1798,66.975,9.9,35.6,1.0,12.7,1016.6,400.9,Satellite Telemetry
2024-01-04,Multan,30.1575,71.5249,22.3,41.3,1.1,10.2,1011.9,421.0,Environmental IoT
2024-01-04,Hyderabad,25.396,68.3578,20.6,60.7,0.2,15.6,1010.4,416.5,Sensor Network
2024-01-04,Faisalabad,31.4504,73.135,20.3,49.3,4.4,17.2,1015.2,423.6,Sensor Network
2024-01-05,Karachi,24.8607,67.0011,22.8,69.1,0.0,17.9,1013.7,419.4,Environmental IoT
2024-01-05,Lahore,31.5204,74.3587,18.3,58.4,3.6,14.5,1014.1,420.1,Weather Station
2024-01-05,Islamabad,33.6844,73.0479,12.6,53.2,6.8,18.6,1013.3,406.0,Satellite Telemetry
2024-01-05,Peshawar,34.0151,71.5249,15.3,44.3,4.6,26.3,1016.2,410.0,Environmental IoT
2024-01-05,Quetta,30.1798,66.975,9.4,34.9,0.5,27.9,1016.1,395.8,Satellite Telemetry
2024-01-05,Multan,30.1575,71.5249,22.4,42.0,0.6,14.8,1010.9,422.2,Sensor Network
2024-01-05,Hyderabad,25.396,68.3578,21.2,61.8,5.8,16.4,1011.1,411.6,Environmental IoT
2024-01-05,Faisalabad,31.4504,73.135,20.1,50.4,6.2,17.7,1013.8,423.9,Sensor Network
2024-01-06,Karachi,24.8607,67.0011,22.8,70.2,0.0,14.0,1008.2,417.4,Satellite Telemetry
2024-01-06,Lahore,31.5204,74.3587,20.9,53.5,3.0,15.6,1012.2,423.6,Satellite Telemetry
2024-01-06,Islamabad,33.6844,73.0479,13.6,47.1,8.3,27.5,1015.1,404.2,Sensor Network
2024-01-06,Peshawar,34.0151,71.5249,15.5,51.6,5.8,16.6,1012.3,409.0,Satellite Telemetry
2024-01-06,Quetta,30.1798,66.975,11.6,37.3,0.0,21.6,1020.6,398.4,Environmental IoT
2024-01-06,Multan,30.1575,71.5249,24.3,45.0,0.0,11.5,1009.4,417.6,Satellite Telemetry
2024-01-06,Hyderabad,25.396,68.3578,21.2,68.5,0.2,19.6,1009.7,415.4,Environmental IoT
2024-01-06,Faisalabad,31.4504,73.135,18.5,53.1,0.0,14.1,1012.8,424.1,Satellite Telemetry
2024-01-07,Karachi,24.8607,67.0011,21.2,66.1,0.0,27.5,1009.7,420.5,Sensor Network
2024-01-07,Lahore,31.5204,74.3587,19.6,54.5,2.5,25.1,1014.6,423.6,Sensor Network
2024-01-07,Islamabad,33.6844,73.0479,13.5,48.5,1.6,27.0,1016.1,407.1,Environmental IoT
2024-01-07,Peshawar,34.0151,71.5249,16.8,52.6,5.0,27.7,1013.7,411.9,Satellite Telemetry
2024-01-07,Quetta,30.1798,66.975,12.0,38.2,1.8,26.5,1020.9,396.6,Weather Station
2024-01-07,Multan,30.1575,71.5249,22.5,44.0,0.6,11.8,1014.0,417.6,Sensor Network
2024-01-07,Hyderabad,25.396,68.3578,22.7,69.3,0.0,25.0,1010.7,416.6,Sensor Network
2024-01-07,Faisalabad,31.4504,73.135,21.3,54.5,0.0,10.4,1015.4,426.6,Environmental IoT
2024-01-08,Karachi,24.8607,67.0011,20.9,73.7,0.1,13.9,1011.9,420.3,Weather Station
2024-01-08,Lahore,31.5204,74.3587,20.2,59.9,4.1,14.8,1013.4,420.8,Satellite Telemetry
2024-01-08,Islamabad,33.6844,73.0479,12.5,50.8,1.8,13.3,1017.8,403.9,Satellite Telemetry
2024-01-08,Peshawar,34.0151,71.5249,17.5,52.7,4.5,17.3,1014.9,413.1,Sensor Network
2024-01-08,Quetta,30.1798,66.975,9.3,39.7,0.0,27.5,1016.2,398.5,Satellite Telemetry
2024-01-08,Multan,30.1575,71.5249,21.6,43.7,0.0,22.7,1010.9,420.2,Weather Station
2024-01-08,Hyderabad,25.396,68.3578,21.5,67.6,5.9,14.5,1013.5,414.7,Sensor Network
2024-01-08,Faisalabad,31.4504,73.135,18.7,48.9,0.0,27.6,1010.4,426.2,Weather Station
2024-01-09,Karachi,24.8607,67.0011,20.7,66.6,2.2,20.1,1012.8,415.8,Satellite Telemetry
2024-01-09,Lahore,31.5204,74.3587,20.3,51.7,2.0,24.9,1014.8,422.4,Environmental IoT
2024-01-09,Islamabad,33.6844,73.0479,13.5,48.3,6.5,14.5,1013.1,406.0,Satellite Telemetry
2024-01-09,Peshawar,34.0151,71.5249,16.2,43.6,1.3,12.0,1012.9,409.6,Satellite Telemetry
2024-01-09,Quetta,30.1798,66.975,9.5,32.2,0.0,14.4,1021.7,396.3,Weather Station
2024-01-09,Multan,30.1575,71.5249,23.4,42.3,2.0,10.7,1014.8,422.5,Satellite Telemetry
2024-01-09,Hyderabad,25.396,68.3578,22.9,65.8,2.7,26.7,1014.6,415.8,Sensor Network
2024-01-09,Faisalabad,31.4504,73.135,22.0,51.3,6.7,25.1,1013.8,425.1,Satellite Telemetry
2024-01-10,Karachi,24.8607,67.0011,23.2,67.4,5.0,27.8,1011.1,419.5,Sensor Network
2024-01-10,Lahore,31.5204,74.3587,19.6,54.6,0.4,13.2,1014.1,420.6,Sensor Network
2024-01-10,Islamabad,33.6844,73.0479,15.4,48.9,7.3,10.1,1018.3,407.1,Sensor Network
2024-01-10,Peshawar,34.0151,71.5249,14.1,46.7,1.6,15.9,1015.2,409.8,Environmental IoT
2024-01-10,Quetta,30.1798,66.975,11.3,33.6,0.0,12.2,1020.2,400.9,Weather Station
2024-01-10,Multan,30.1575,71.5249,22.9,48.6,0.7,26.8,1012.9,422.2,Satellite Telemetry
2024-01-10,Hyderabad,25.396,68.3578,22.0,63.2,1.0,11.2,1011.3,413.4,Weather Station
2024-01-10,Faisalabad,31.4504,73.135,18.7,52.2,6.7,10.4,1014.6,421.2,Weather Station
2024-01-11,Karachi,24.8607,67.0011,23.0,69.4,1.5,24.8,1013.2,416.3,Sensor Network
2024-01-11,Lahore,31.5204,74.3587,17.5,59.0,3.0,15.7,1015.2,423.0,Environmental IoT
2024-01-11,Islamabad,33.6844,73.0479,15.3,49.1,4.4,25.9,1016.9,403.8,Environmental IoT
2024-01-11,Peshawar,34.0151,71.5249,14.6,49.3,2.8,25.8,1017.3,412.4,Weather Station
2024-01-11,Quetta,30.1798,66.975,11.6,38.4,0.6,27.7,1019.9,396.5,Satellite Telemetry
2024-01-11,Multan,30.1575,71.5249,21.6,44.3,0.0,22.7,1012.7,419.6,Sensor Network
2024-01-11,Hyderabad,25.396,68.3578,20.2,69.1,4.9,12.6,1014.0,415.9,Sensor Network
2024-01-11,Faisalabad,31.4504,73.135,18.9,51.3,5.0,20.8,1012.9,421.7,Environmental IoT
2024-01-12,Karachi,24.8607,67.0011,21.7,70.7,4.5,16.1,1009.6,420.8,Environmental IoT
2024-01-12,Lahore,31.5204,74.3587,18.3,59.0,0.5,24.4,1016.6,420.3,Environmental IoT
2024-01-12,Islamabad,33.6844,73.0479,13.0,49.6,4.2,17.9,1017.1,405.3,Weather Station
2024-01-12,Peshawar,34.0151,71.5249,16.0,47.7,0.0,19.4,1017.8,409.6,Weather Station
2024-01-12,Quetta,30.1798,66.975,11.0,36.3,0.0,16.2,1019.5,396.9,Environmental IoT
2024-01-12,Multan,30.1575,71.5249,21.4,44.2,3.1,20.1,1010.9,417.4,Satellite Telemetry
2024-01-12,Hyderabad,25.396,68.3578,20.3,65.8,2.0,14.3,1010.6,416.4,Satellite Telemetry
2024-01-12,Faisalabad,31.4504,73.135,20.8,54.4,1.4,26.7,1010.6,423.1,Sensor Network
2024-01-13,Karachi,24.8607,67.0011,23.9,74.9,3.3,10.4,1012.4,415.6,Satellite Telemetry
2024-01-13,Lahore,31.5204,74.3587,19.1,52.8,4.9,19.9,1014.5,423.6,Environmental IoT
2024-01-13,Islamabad,33.6844,73.0479,13.2,51.3,8.4,18.2,1017.3,408.0,Environmental IoT
2024-01-13,Peshawar,34.0151,71.5249,17.0,44.4,1.4,17.9,1013.8,409.3,Weather Station
2024-01-13,Quetta,30.1798,66.975,9.6,38.2,3.7,25.8,1018.6,395.9,Weather Station
2024-01-13,Multan,30.1575,71.5249,22.1,48.9,1.8,23.3,1013.1,419.2,Satellite Telemetry
2024-01-13,Hyderabad,25.396,68.3578,22.0,67.6,4.5,24.9,1011.6,412.9,Weather Station
2024-01-13,Faisalabad,31.4504,73.135,20.9,56.0,5.7,14.5,1014.0,423.4,Environmental IoT
2024-01-14,Karachi,24.8607,67.0011,23.5,72.3,0.0,12.9,1011.8,418.7,Environmental IoT
2024-01-14,Lahore,31.5204,74.3587,20.4,55.6,1.7,25.4,1015.1,422.8,Environmental IoT
2024-01-14,Islamabad,33.6844,73.0479,15.4,45.2,3.1,20.3,1017.8,402.3,Sensor Network
2024-01-14,Peshawar,34.0151,71.5249,17.3,46.2,4.7,19.9,1016.7,411.6,Environmental IoT
2024-01-14,Quetta,30.1798,66.975,11.2,36.5,0.0,21.2,1021.8,398.6,Environmental IoT
2024-01-14,Multan,30.1575,71.5249,24.9,45.8,3.5,22.5,1013.8,420.7,Weather Station
2024-01-14,Hyderabad,25.396,68.3578,21.6,66.6,4.4,25.2,1010.9,413.8,Satellite Telemetry
2024-01-14,Faisalabad,31.4504,73.135,21.7,51.9,2.0,16.3,1011.7,425.1,Environmental IoT
2024-01-15,Karachi,24.8607,67.0011,23.3,65.5,0.0,26.2,1012.6,417.2,Weather Station
2024-01-15,Lahore,31.5204,74.3587,18.2,53.5,6.9,23.4,1015.2,420.8,Weather Station
2024-01-15,Islamabad,33.6844,73.0479,13.0,50.0,6.2,19.0,1016.5,403.9,Sensor Network
2024-01-15,Peshawar,34.0151,71.5249,14.5,43.8,5.7,18.0,1013.4,407.5,Satellite Telemetry
2024-01-15,Quetta,30.1798,66.975,8.4,30.8,4.0,25.2,1016.2,397.9,Satellite Telemetry
2024-01-15,Multan,30.1575,71.5249,24.2,44.1,0.0,24.9,1010.5,420.9,Environmental IoT
2024-01-15,Hyderabad,25.396,68.3578,22.9,63.8,3.5,17.5,1014.3,414.4,Sensor Network
2024-01-15,Faisalabad,31.4504,73.135,20.7,49.5,4.3,22.0,1011.8,424.8,Satellite Telemetry
2024-01-16,Karachi,24.8607,67.0011,23.9,74.9,2.7,23.1,1011.5,419.5,Sensor Network
2024-01-16,Lahore,31.5204,74.3587,18.4,53.5,5.2,11.1,1014.3,421.0,Weather Station
2024-01-16,Islamabad,33.6844,73.0479,14.9,49.8,8.0,16.2,1016.0,405.3,Weather Station
2024-01-16,Peshawar,34.0151,71.5249,15.0,45.7,4.0,13.5,1012.2,411.4,Environmental IoT
2024-01-16,Quetta,30.1798,66.975,10.1,31.8,1.6,17.9,1018.4,398.9,Satellite Telemetry
2024-01-16,Multan,30.1575,71.5249,23.0,48.6,2.0,17.3,1011.7,417.6,Sensor Network
2024-01-16,Hyderabad,25.396,68.3578,20.6,63.0,4.0,17.6,1011.0,412.2,Satellite Telemetry
2024-01-16,Faisalabad,31.4504,73.135,20.7,49.3,1.1,10.9,1014.7,421.9,Environmental IoT
2024-01-17,Karachi,24.8607,67.0011,20.5,68.7,0.6,14.5,1012.9,416.8,Sensor Network
2024-01-17,Lahore,31.5204,74.3587,19.4,59.7,6.0,14.1,1016.3,421.7,Sensor Network
2024-01-17,Islamabad,33.6844,73.0479,13.5,52.2,1.5,17.3,1013.8,402.8,Weather Station
2024-01-17,Peshawar,34.0151,71.5249,17.4,51.0,2.1,11.1,1014.8,409.0,Sensor Network
2024-01-17,Quetta,30.1798,66.975,9.8,39.3,0.0,16.6,1018.1,397.8,Sensor Network
2024-01-17,Multan,30.1575,71.5249,23.8,44.2,5.6,20.8,1014.4,423.0,Weather Station
2024-01-17,Hyderabad,25.396,68.3578,20.0,64.9,3.0,12.3,1014.9,414.6,Satellite Telemetry
2024-01-17,Faisalabad,31.4504,73.135,19.6,47.5,2.3,23.8,1014.3,422.3,Weather Station
2024-01-18,Karachi,24.8607,67.0011,23.8,68.3,5.2,16.9,1010.2,419.2,Weather Station
2024-01-18,Lahore,31.5204,74.3587,18.3,56.8,6.5,23.0,1012.7,424.9,Sensor Network
2024-01-18,Islamabad,33.6844,73.0479,15.3,46.1,8.9,23.0,1017.9,406.3,Satellite Telemetry
2024-01-18,Peshawar,34.0151,71.5249,14.4,51.6,3.4,21.5,1012.1,407.7,Satellite Telemetry
2024-01-18,Quetta,30.1798,66.975,10.1,33.1,0.8,24.3,1022.0,399.2,Environmental IoT
2024-01-18,Multan,30.1575,71.5249,23.0,45.4,3.8,15.4,1012.3,418.0,Environmental IoT
2024-01-18,Hyderabad,25.396,68.3578,22.0,66.6,1.3,22.4,1011.7,412.9,Weather Station
2024-01-18,Faisalabad,31.4504,73.135,20.1,48.0,0.5,12.7,1012.4,425.1,Weather Station
2024-01-19,Karachi,24.8607,67.0011,20.8,73.4,3.4,24.1,1011.9,415.9,Satellite Telemetry
2024-01-19,Lahore,31.5204,74.3587,19.9,54.4,0.0,10.2,1012.4,423.6,Weather Station
2024-01-19,Islamabad,33.6844,73.0479,14.6,47.8,7.2,14.9,1016.8,407.9,Satellite Telemetry
2024-01-19,Peshawar,34.0151,71.5249,16.4,45.9,5.5,15.7,1015.0,408.7,Sensor Network
2024-01-19,Quetta,30.1798,66.975,8.2,36.3,0.0,25.7,1019.3,401.1,Sensor Network
2024-01-19,Multan,30.1575,71.5249,22.0,43.9,0.3,17.1,1009.1,418.8,Environmental IoT
2024-01-19,Hyderabad,25.396,68.3578,22.6,64.3,0.0,10.4,1009.5,412.1,Environmental IoT
2024-01-19,Faisalabad,31.4504,73.135,21.3,56.5,1.8,20.0,1010.7,421.6,Satellite Telemetry
2024-01-20,Karachi,24.8607,67.0011,20.2,66.8,0.1,15.6,1013.3,415.8,Sensor Network
2024-01-20,Lahore,31.5204,74.3587,20.1,57.5,5.2,15.6,1012.2,422.0,Weather Station
2024-01-20,Islamabad,33.6844,73.0479,15.6,45.2,4.3,18.2,1013.6,404.8,Satellite Telemetry
2024-01-20,Peshawar,34.0151,71.5249,15.7,48.9,2.1,10.5,1013.1,409.9,Environmental IoT
2024-01-20,Quetta,30.1798,66.975,9.0,37.5,1.9,20.1,1020.4,397.7,Sensor Network
2024-01-20,Multan,30.1575,71.5249,22.6,45.6,0.0,27.3,1014.8,418.4,Environmental IoT
2024-01-20,Hyderabad,25.396,68.3578,22.4,69.6,5.8,20.9,1010.1,411.3,Environmental IoT
2024-01-20,Faisalabad,31.4504,73.135,20.8,52.1,2.5,10.7,1014.1,427.2,Satellite Telemetry
2024-01-21,Karachi,24.8607,67.0011,20.3,66.6,4.5,24.3,1012.2,417.2,Environmental IoT
2024-01-21,Lahore,31.5204,74.3587,18.9,52.6,4.2,19.4,1015.1,423.2,Satellite Telemetry
2024-01-21,Islamabad,33.6844,73.0479,14.5,47.5,6.3,14.3,1016.1,403.7,Weather Station
2024-01-21,Peshawar,34.0151,71.5249,15.1,47.4,3.1,26.0,1015.3,408.9,Weather Station
2024-01-21,Quetta,30.1798,66.975,10.8,30.2,0.0,20.8,1018.9,397.7,Environmental IoT
2024-01-21,Multan,30.1575,71.5249,24.4,46.0,0.0,18.2,1014.9,418.5,Sensor Network
2024-01-21,Hyderabad,25.396,68.3578,22.3,62.8,5.6,11.3,1010.1,416.5,Weather Station
2024-01-21,Faisalabad,31.4504,73.135,18.0,50.5,6.4,21.8,1010.7,424.2,Satellite Telemetry
2024-01-22,Karachi,24.8607,67.0011,21.1,70.0,4.3,11.1,1009.0,420.8,Satellite Telemetry
2024-01-22,Lahore,31.5204,74.3587,17.4,53.2,0.9,25.6,1012.5,422.6,Satellite Telemetry
2024-01-22,Islamabad,33.6844,73.0479,12.8,48.8,1.4,21.8,1017.9,407.7,Sensor Network
2024-01-22,Peshawar,34.0151,71.5249,17.8,45.4,0.0,25.1,1012.9,409.7,Weather Station
2024-01-22,Quetta,30.1798,66.975,10.3,31.6,0.0,18.8,1016.4,396.0,Weather Station
2024-01-22,Multan,30.1575,71.5249,24.1,47.2,0.0,23.6,1010.0,420.7,Environmental IoT
2024-01-22,Hyderabad,25.396,68.3578,20.3,60.4,1.9,21.7,1014.3,412.9,Environmental IoT
2024-01-22,Faisalabad,31.4504,73.135,19.6,56.4,0.0,14.4,1011.7,424.6,Satellite Telemetry
2024-01-23,Karachi,24.8607,67.0011,23.4,70.8,3.2,20.6,1013.5,418.7,Weather Station
2024-01-23,Lahore,31.5204,74.3587,18.3,50.0,3.9,27.7,1011.8,422.0,Sensor Network
2024-01-23,Islamabad,33.6844,73.0479,12.5,52.8,3.3,13.2,1016.3,407.1,Environmental IoT
2024-01-23,Peshawar,34.0151,71.5249,15.2,47.5,0.0,13.5,1017.5,407.8,Satellite Telemetry
2024-01-23,Quetta,30.1798,66.975,8.0,32.1,3.8,14.0,1021.8,399.6,Environmental IoT
2024-01-23,Multan,30.1575,71.5249,21.0,41.1,2.5,17.6,1012.8,419.4,Weather Station
2024-01-23,Hyderabad,25.396,68.3578,22.8,65.9,2.5,23.1,1014.3,414.2,Weather Station
2024-01-23,Faisalabad,31.4504,73.135,19.5,48.4,5.0,10.9,1015.9,424.1,Weather Station
2024-01-24,Karachi,24.8607,67.0011,21.4,67.7,0.0,19.5,1010.4,416.4,Sensor Network
2024-01-24,Lahore,31.5204,74.3587,17.7,50.1,6.4,20.7,1011.8,422.9,Sensor Network
2024-01-24,Islamabad,33.6844,73.0479,12.1,54.2,4.3,14.3,1013.8,407.6,Weather Station
2024-01-24,Peshawar,34.0151,71.5249,16.7,51.3,0.8,16.5,1017.4,411.4,Satellite Telemetry
2024-01-24,Quetta,30.1798,66.975,9.9,32.2,2.8,11.1,1017.6,396.1,Environmental IoT
2024-01-24,Multan,30.1575,71.5249,21.5,43.0,5.2,23.2,1013.2,422.7,Weather Station
2024-01-24,Hyderabad,25.396,68.3578,21.4,63.9,0.2,21.9,1014.3,415.9,Sensor Network
2024-01-24,Faisalabad,31.4504,73.135,18.1,55.9,0.6,11.8,1013.2,425.9,Environmental IoT
2024-01-25,Karachi,24.8607,67.0011,22.6,74.2,0.0,24.2,1008.6,420.7,Sensor Network
2024-01-25,Lahore,31.5204,74.3587,20.9,52.6,4.5,26.1,1016.6,421.5,Environmental IoT
2024-01-25,Islamabad,33.6844,73.0479,15.0,46.7,2.7,11.9,1016.1,405.9,Sensor Network
2024-01-25,Peshawar,34.0151,71.5249,15.1,43.2,5.4,24.8,1014.2,410.7,Weather Station
2024-01-25,Quetta,30.1798,66.975,8.0,39.1,0.7,18.1,1017.3,401.1,Environmental IoT
2024-01-25,Multan,30.1575,71.5249,24.0,50.0,0.0,18.4,1011.3,421.7,Satellite Telemetry
2024-01-25,Hyderabad,25.396,68.3578,22.0,65.4,0.0,13.9,1014.8,417.1,Environmental IoT
2024-01-25,Faisalabad,31.4504,73.135,20.6,54.1,5.0,17.2,1010.6,422.3,Satellite Telemetry
2024-01-26,Karachi,24.8607,67.0011,22.6,70.3,0.0,27.1,1008.3,417.4,Satellite Telemetry
2024-01-26,Lahore,31.5204,74.3587,18.4,50.4,3.0,13.3,1015.8,422.7,Weather Station
2024-01-26,Islamabad,33.6844,73.0479,13.5,50.4,4.1,22.9,1016.5,408.1,Weather Station
2024-01-26,Peshawar,34.0151,71.5249,17.4,52.7,2.7,15.0,1015.8,407.9,Sensor Network
2024-01-26,Quetta,30.1798,66.975,11.2,34.3,5.0,13.7,1016.3,401.1,Weather Station
2024-01-26,Multan,30.1575,71.5249,22.6,45.8,5.1,18.6,1013.7,421.5,Satellite Telemetry
2024-01-26,Hyderabad,25.396,68.3578,20.5,64.1,5.0,14.9,1009.5,417.2,Satellite Telemetry
2024-01-26,Faisalabad,31.4504,73.135,19.2,52.3,2.1,24.1,1011.5,425.9,Environmental IoT
2024-01-27,Karachi,24.8607,67.0011,21.1,73.0,1.9,18.0,1012.5,416.9,Weather Station
2024-01-27,Lahore,31.5204,74.3587,18.1,56.9,7.0,13.4,1014.4,419.9,Environmental IoT
2024-01-27,Islamabad,33.6844,73.0479,15.9,51.7,7.2,21.4,1017.5,404.4,Sensor Network
2024-01-27,Peshawar,34.0151,71.5249,16.6,52.2,0.5,20.9,1013.7,407.4,Weather Station
2024-01-27,Quetta,30.1798,66.975,8.6,39.9,1.9,18.9,1018.3,400.9,Weather Station
2024-01-27,Multan,30.1575,71.5249,24.3,42.3,1.1,19.2,1011.3,423.3,Weather Station
2024-01-27,Hyderabad,25.396,68.3578,22.4,63.9,4.3,17.5,1013.4,414.8,Sensor Network
2024-01-27,Faisalabad,31.4504,73.135,21.7,47.1,5.2,20.7,1014.9,422.7,Environmental IoT
2024-01-28,Karachi,24.8607,67.0011,24.0,68.8,5.4,14.1,1010.3,418.8,Satellite Telemetry
2024-01-28,Lahore,31.5204,74.3587,17.8,58.6,4.4,10.9,1015.5,421.3,Environmental IoT
2024-01-28,Islamabad,33.6844,73.0479,12.4,46.5,2.7,21.4,1016.2,407.3,Environmental IoT
2024-01-28,Peshawar,34.0151,71.5249,14.9,44.3,0.4,19.2,1015.8,411.4,Satellite Telemetry
2024-01-28,Quetta,30.1798,66.975,8.5,34.2,0.1,24.2,1018.2,399.0,Weather Station
2024-01-28,Multan,30.1575,71.5249,23.7,48.9,2.8,25.6,1011.0,421.4,Weather Station
2024-01-28,Hyderabad,25.396,68.3578,21.8,63.3,4.4,26.3,1014.5,413.5,Environmental IoT
2024-01-28,Faisalabad,31.4504,73.135,18.5,48.8,1.7,17.3,1010.8,423.5,Sensor Network
2024-01-29,Karachi,24.8607,67.0011,22.3,65.8,0.6,15.1,1013.7,415.7,Sensor Network
2024-01-29,Lahore,31.5204,74.3587,19.5,52.3,1.9,12.7,1016.0,421.6,Environmental IoT
2024-01-29,Islamabad,33.6844,73.0479,12.8,46.7,7.9,13.0,1018.4,403.7,Weather Station
2024-01-29,Peshawar,34.0151,71.5249,16.0,51.8,0.0,18.0,1017.3,412.5,Sensor Network
2024-01-29,Quetta,30.1798,66.975,10.8,30.6,1.0,14.8,1017.8,401.1,Weather Station
2024-01-29,Multan,30.1575,71.5249,23.7,48.7,4.8,12.7,1011.1,417.9,Environmental IoT
2024-01-29,Hyderabad,25.396,68.3578,21.7,68.6,0.2,12.3,1013.6,411.9,Satellite Telemetry
2024-01-29,Faisalabad,31.4504,73.135,21.0,56.8,0.0,26.8,1015.1,423.9,Satellite Telemetry
2024-01-30,Karachi,24.8607,67.0011,23.3,70.7,0.0,18.9,1011.4,416.2,Satellite Telemetry
2024-01-30,Lahore,31.5204,74.3587,19.2,58.1,2.1,20.4,1012.3,423.5,Satellite Telemetry
2024-01-30,Islamabad,33.6844,73.0479,14.7,45.3,1.5,23.6,1014.3,406.1,Weather Station
2024-01-30,Peshawar,34.0151,71.5249,16.6,43.4,6.1,15.7,1013.1,411.8,Weather Station
2024-01-30,Quetta,30.1798,66.975,9.2,37.3,0.0,12.0,1019.2,400.8,Satellite Telemetry
2024-01-30,Multan,30.1575,71.5249,23.8,47.5,2.4,26.9,1011.1,419.8,Weather Station
2024-01-30,Hyderabad,25.396,68.3578,20.1,63.7,5.1,24.4,1009.0,415.2,Satellite Telemetry
2024-01-30,Faisalabad,31.4504,73.135,20.0,48.7,0.0,10.9,1014.9,425.9,Weather Station
2024-01-31,Karachi,24.8607,67.0011,22.7,70.0,2.0,13.1,1008.3,415.9,Satellite Telemetry
2024-01-31,Lahore,31.5204,74.3587,19.4,55.6,1.8,27.0,1016.7,421.1,Sensor Network
2024-01-31,Islamabad,33.6844,73.0479,13.4,46.9,9.0,12.9,1013.1,408.0,Satellite Telemetry
2024-01-31,Peshawar,34.0151,71.5249,15.6,43.3,1.0,20.2,1013.5,411.6,Sensor Network
2024-01-31,Quetta,30.1798,66.975,8.4,35.7,0.0,10.4,1017.7,398.2,Sensor Network
2024-01-31,Multan,30.1575,71.5249,22.5,43.4,1.6,18.1,1012.3,418.9,Environmental IoT
2024-01-31,Hyderabad,25.396,68.3578,23.0,60.8,2.1,23.3,1014.7,411.8,Weather Station
2024-01-31,Faisalabad,31.4504,73.135,19.3,54.8,2.0,15.9,1014.7,423.8,Weather Station
2024-02-01,Karachi,24.8607,67.0011,22.3,75.1,0.0,15.5,1009.4,416.0,Sensor Network
2024-02-01,Lahore,31.5204,74.3587,20.3,58.4,7.1,17.9,1016.5,421.3,Sensor Network
2024-02-01,Islamabad,33.6844,73.0479,14.4,56.5,8.7,14.7,1015.3,407.1,Weather Station
2024-02-01,Peshawar,34.0151,71.5249,18.1,47.1,0.0,20.7,1012.9,410.4,Weather Station
2024-02-01,Quetta,30.1798,66.975,10.2,43.6,0.0,21.1,1019.3,400.9,Weather Station
2024-02-01,Multan,30.1575,71.5249,22.2,47.3,3.7,11.5,1010.0,420.4,Satellite Telemetry
2024-02-01,Hyderabad,25.396,68.3578,22.4,68.8,0.4,24.4,1011.9,412.1,Weather Station
2024-02-01,Faisalabad,31.4504,73.135,19.9,52.2,0.0,14.6,1013.2,425.6,Environmental IoT
2024-02-02,Karachi,24.8607,67.0011,23.1,69.4,2.4,19.7,1009.6,418.2,Environmental IoT
2024-02-02,Lahore,31.5204,74.3587,20.0,61.0,7.4,22.0,1013.9,420.6,Sensor Network
2024-02-02,Islamabad,33.6844,73.0479,16.2,54.4,1.9,12.2,1015.7,404.7,Environmental IoT
2024-02-02,Peshawar,34.0151,71.5249,16.6,50.3,5.9,23.1,1015.0,412.5,Sensor Network
2024-02-02,Quetta,30.1798,66.975,12.9,36.1,0.0,16.0,1016.5,399.2,Sensor Network
2024-02-02,Multan,30.1575,71.5249,23.9,46.7,2.6,16.4,1010.9,420.6,Sensor Network
2024-02-02,Hyderabad,25.396,68.3578,20.5,70.5,0.1,18.9,1012.8,411.7,Sensor Network
2024-02-02,Faisalabad,31.4504,73.135,20.9,60.2,5.0,20.7,1011.5,426.2,Sensor Network
2024-02-03,Karachi,24.8607,67.0011,24.3,76.9,3.3,23.7,1011.5,420.3,Weather Station
2024-02-03,Lahore,31.5204,74.3587,18.7,60.5,7.2,24.0,1011.3,424.4,Weather Station
2024-02-03,Islamabad,33.6844,73.0479,16.1,52.4,2.7,25.5,1017.3,404.2,Sensor Network
2024-02-03,Peshawar,34.0151,71.5249,18.5,51.4,3.1,16.8,1014.7,408.5,Satellite Telemetry
2024-02-03,Quetta,30.1798,66.975,11.8,36.6,4.4,14.7,1020.7,395.7,Weather Station
2024-02-03,Multan,30.1575,71.5249,23.6,45.2,3.9,19.1,1011.6,417.6,Satellite Telemetry
2024-02-03,Hyderabad,25.396,68.3578,22.9,63.9,0.0,10.7,1013.2,412.7,Weather Station
2024-02-03,Faisalabad,31.4504,73.135,20.8,51.0,2.6,14.2,1012.6,422.6,Weather Station
2024-02-04,Karachi,24.8607,67.0011,21.6,70.0,3.9,25.5,1009.7,421.4,Environmental IoT
2024-02-04,Lahore,31.5204,74.3587,22.0,58.2,5.4,17.6,1014.9,423.8,Sensor Network
2024-02-04,Islamabad,33.6844,73.0479,13.2,49.4,5.9,13.3,1018.2,405.6,Satellite Telemetry
2024-02-04,Peshawar,34.0151,71.5249,16.2,49.6,4.4,13.7,1013.8,407.6,Environmental IoT
2024-02-04,Quetta,30.1798,66.975,9.6,36.3,3.3,24.2,1019.6,401.1,Weather Station
2024-02-04,Multan,30.1575,71.5249,24.8,45.4,0.0,20.0,1012.2,423.0,Sensor Network
2024-02-04,Hyderabad,25.396,68.3578,20.7,71.5,1.4,13.9,1013.9,414.7,Sensor Network
2024-02-04,Faisalabad,31.4504,73.135,19.9,52.4,4.1,21.4,1015.5,422.2,Environmental IoT
2024-02-05,Karachi,24.8607,67.0011,23.2,78.6,0.0,27.3,1008.7,417.2,Satellite Telemetry
2024-02-05,Lahore,31.5204,74.3587,18.8,55.5,1.8,12.1,1016.7,424.8,Satellite Telemetry
2024-02-05,Islamabad,33.6844,73.0479,15.0,49.0,2.6,17.9,1014.9,405.3,Satellite Telemetry
2024-02-05,Peshawar,34.0151,71.5249,17.8,55.8,0.1,21.7,1013.0,411.0,Weather Station
2024-02-05,Quetta,30.1798,66.975,9.7,40.6,4.0,12.4,1019.1,395.7,Weather Station
2024-02-05,Multan,30.1575,71.5249,25.3,45.9,5.6,22.9,1014.3,420.3,Sensor Network
2024-02-05,Hyderabad,25.396,68.3578,21.9,71.0,0.4,13.9,1010.2,412.0,Satellite Telemetry
2024-02-05,Faisalabad,31.4504,73.135,21.2,53.7,0.0,11.3,1015.6,427.3,Satellite Telemetry
2024-02-06,Karachi,24.8607,67.0011,23.6,73.5,3.7,27.7,1011.6,418.0,Satellite Telemetry
2024-02-06,Lahore,31.5204,74.3587,21.8,62.8,7.5,22.8,1016.6,421.4,Satellite Telemetry
2024-02-06,Islamabad,33.6844,73.0479,15.2,58.0,3.2,12.1,1018.2,403.5,Environmental IoT
2024-02-06,Peshawar,34.0151,71.5249,16.8,47.1,0.9,22.6,1015.5,410.9,Weather Station
2024-02-06,Quetta,30.1798,66.975,10.8,35.3,0.5,20.8,1021.1,400.6,Sensor Network
2024-02-06,Multan,30.1575,71.5249,23.4,52.3,4.0,20.3,1013.1,420.2,Weather Station
2024-02-06,Hyderabad,25.396,68.3578,21.8,65.5,4.2,14.4,1013.2,415.8,Sensor Network
2024-02-06,Faisalabad,31.4504,73.135,22.1,58.2,2.7,16.6,1013.8,426.2,Satellite Telemetry
2024-02-07,Karachi,24.8607,67.0011,21.9,77.4,4.9,15.9,1011.7,420.0,Environmental IoT
2024-02-07,Lahore,31.5204,74.3587,21.8,56.5,0.1,17.1,1016.6,423.8,Satellite Telemetry
2024-02-07,Islamabad,33.6844,73.0479,17.0,52.3,3.2,16.4,1018.5,407.3,Environmental IoT
2024-02-07,Peshawar,34.0151,71.5249,18.0,52.4,4.8,14.0,1013.0,412.6,Sensor Network
2024-02-07,Quetta,30.1798,66.975,11.5,43.3,0.0,23.6,1020.4,397.4,Sensor Network
2024-02-07,Multan,30.1575,71.5249,23.8,52.9,0.0,26.9,1010.2,418.7,Satellite Telemetry
2024-02-07,Hyderabad,25.396,68.3578,20.2,69.8,1.7,25.0,1010.5,412.4,Weather Station
2024-02-07,Faisalabad,31.4504,73.135,21.4,59.2,0.8,16.8,1010.6,421.8,Weather Station
2024-02-08,Karachi,24.8607,67.0011,21.8,69.3,2.4,16.5,1012.5,420.3,Weather Station
2024-02-08,Lahore,31.5204,74.3587,20.2,58.0,1.7,25.7,1011.6,425.1,Satellite Telemetry
2024-02-08,Islamabad,33.6844,73.0479,15.2,50.2,8.8,15.0,1018.1,406.2,Environmental IoT
2024-02-08,Peshawar,34.0151,71.5249,18.4,52.0,6.9,16.4,1015.4,408.5,Environmental IoT
2024-02-08,Quetta,30.1798,66.975,9.5,41.4,1.0,20.4,1016.5,396.1,Sensor Network
2024-02-08,Multan,30.1575,71.5249,24.2,52.9,0.0,24.7,1010.7,418.2,Environmental IoT
2024-02-08,Hyderabad,25.396,68.3578,21.8,73.2,0.7,10.6,1013.4,414.1,Weather Station
2024-02-08,Faisalabad,31.4504,73.135,20.1,58.7,5.6,16.6,1012.6,423.8,Environmental IoT
2024-02-09,Karachi,24.8607,67.0011,21.8,74.6,3.8,10.5,1010.1,417.5,Satellite Telemetry
2024-02-09,Lahore,31.5204,74.3587,19.6,63.0,1.6,25.4,1011.2,421.2,Sensor Network
2024-02-09,Islamabad,33.6844,73.0479,16.4,56.2,3.1,12.2,1018.9,407.8,Sensor Network
2024-02-09,Peshawar,34.0151,71.5249,18.7,51.7,4.3,10.0,1016.4,409.6,Sensor Network
2024-02-09,Quetta,30.1798,66.975,10.7,41.2,0.0,19.1,1021.8,400.9,Sensor Network
2024-02-09,Multan,30.1575,71.5249,22.9,44.2,2.4,11.2,1012.7,422.0,Satellite Telemetry
2024-02-09,Hyderabad,25.396,68.3578,21.4,69.0,4.6,17.0,1014.9,414.4,Satellite Telemetry
2024-02-09,Faisalabad,31.4504,73.135,22.6,54.5,3.5,11.3,1014.5,423.2,Weather Station
2024-02-10,Karachi,24.8607,67.0011,21.8,72.7,2.2,23.9,1011.5,417.8,Sensor Network
2024-02-10,Lahore,31.5204,74.3587,18.2,56.4,1.6,27.7,1016.8,423.4,Weather Station
2024-02-10,Islamabad,33.6844,73.0479,15.9,55.8,8.8,22.1,1018.3,404.8,Satellite Telemetry
2024-02-10,Peshawar,34.0151,71.5249,15.4,56.7,0.8,10.6,1015.6,407.7,Sensor Network
2024-02-10,Quetta,30.1798,66.975,12.2,37.3,3.1,19.8,1019.3,398.7,Environmental IoT
2024-02-10,Multan,30.1575,71.5249,26.1,47.1,4.9,15.5,1009.7,422.2,Environmental IoT
2024-02-10,Hyderabad,25.396,68.3578,21.9,67.9,5.9,26.7,1014.3,413.9,Environmental IoT
2024-02-10,Faisalabad,31.4504,73.135,21.3,57.6,1.2,16.0,1014.5,426.2,Sensor Network
2024-02-11,Karachi,24.8607,67.0011,22.6,74.8,2.6,15.0,1011.5,419.7,Satellite Telemetry
2024-02-11,Lahore,31.5204,74.3587,19.7,62.7,3.9,25.4,1016.2,425.1,Weather Station
2024-02-11,Islamabad,33.6844,73.0479,15.4,55.8,2.5,24.0,1017.3,407.5,Environmental IoT
2024-02-11,Peshawar,34.0151,71.5249,16.5,51.3,5.6,16.2,1014.2,407.8,Environmental IoT
2024-02-11,Quetta,30.1798,66.975,12.6,43.5,1.0,26.8,1017.2,401.5,Sensor Network
2024-02-11,Multan,30.1575,71.5249,23.9,53.6,2.4,18.2,1011.7,420.1,Environmental IoT
2024-02-11,Hyderabad,25.396,68.3578,20.1,69.1,5.4,14.3,1009.6,417.2,Sensor Network
2024-02-11,Faisalabad,31.4504,73.135,21.6,56.7,2.4,25.1,1011.0,422.1,Sensor Network
2024-02-12,Karachi,24.8607,67.0011,24.4,73.9,1.1,23.2,1008.3,419.4,Environmental IoT
2024-02-12,Lahore,31.5204,74.3587,20.9,57.5,2.7,20.9,1014.5,423.8,Weather Station
2024-02-12,Islamabad,33.6844,73.0479,13.5,55.4,2.4,17.5,1013.8,405.7,Weather Station
2024-02-12,Peshawar,34.0151,71.5249,19.0,51.3,2.0,22.9,1016.9,408.1,Satellite Telemetry
2024-02-12,Quetta,30.1798,66.975,11.1,38.1,1.3,18.3,1017.9,396.8,Satellite Telemetry
2024-02-12,Multan,30.1575,71.5249,22.9,50.9,4.2,15.4,1009.1,419.7,Satellite Telemetry
2024-02-12,Hyderabad,25.396,68.3578,20.9,71.7,0.0,26.7,1009.4,416.5,Satellite Telemetry
2024-02-12,Faisalabad,31.4504,73.135,21.2,60.5,0.0,16.1,1010.1,426.1,Satellite Telemetry
2024-02-13,Karachi,24.8607,67.0011,23.6,74.2,1.2,11.8,1013.4,419.0,Environmental IoT
2024-02-13,Lahore,31.5204,74.3587,19.2,60.4,2.4,24.1,1014.6,424.5,Weather Station
2024-02-13,Islamabad,33.6844,73.0479,15.4,50.0,6.3,23.7,1017.4,404.5,Satellite Telemetry
2024-02-13,Peshawar,34.0151,71.5249,16.2,51.9,2.0,27.2,1012.7,407.7,Environmental IoT
2024-02-13,Quetta,30.1798,66.975,12.7,41.6,4.1,11.0,1016.9,399.6,Sensor Network
2024-02-13,Multan,30.1575,71.5249,24.2,45.5,5.6,13.2,1009.4,421.0,Sensor Network
2024-02-13,Hyderabad,25.396,68.3578,22.0,64.2,5.6,27.4,1013.4,411.8,Satellite Telemetry
2024-02-13,Faisalabad,31.4504,73.135,21.9,58.8,0.0,18.2,1015.1,425.6,Weather Station
2024-02-14,Karachi,24.8607,67.0011,22.6,76.0,4.8,27.9,1013.5,420.0,Weather Station
2024-02-14,Lahore,31.5204,74.3587,20.4,54.3,0.9,23.3,1011.8,424.5,Weather Station
2024-02-14,Islamabad,33.6844,73.0479,14.0,50.6,4.0,23.3,1017.5,403.9,Environmental IoT
2024-02-14,Peshawar,34.0151,71.5249,17.6,50.9,1.4,10.4,1012.9,409.4,Sensor Network
2024-02-14,Quetta,30.1798,66.975,12.6,41.4,0.0,23.9,1018.4,399.1,Sensor Network
2024-02-14,Multan,30.1575,71.5249,25.0,44.9,2.7,24.1,1010.1,417.9,Sensor Network
2024-02-14,Hyderabad,25.396,68.3578,21.1,67.1,4.6,12.4,1010.4,413.1,Sensor Network
2024-02-14,Faisalabad,31.4504,73.135,19.2,56.8,4.2,19.9,1014.9,427.3,Weather Station
2024-02-15,Karachi,24.8607,67.0011,48.5,69.7,0.0,20.6,1010.5,421.3,Environmental IoT
2024-02-15,Lahore,31.5204,74.3587,19.7,60.4,0.3,19.5,1013.9,424.2,Weather Station
2024-02-15,Islamabad,33.6844,73.0479,14.1,49.6,3.6,19.7,1017.0,406.8,Sensor Network
2024-02-15,Peshawar,34.0151,71.5249,18.9,46.9,6.1,16.9,1016.5,408.3,Sensor Network
2024-02-15,Quetta,30.1798,66.975,11.3,40.6,0.0,14.4,1021.5,396.9,Satellite Telemetry
2024-02-15,Multan,30.1575,71.5249,24.5,45.8,2.6,27.7,1009.7,422.8,Satellite Telemetry
2024-02-15,Hyderabad,25.396,68.3578,20.1,67.8,0.9,24.9,1010.5,416.3,Environmental IoT
2024-02-15,Faisalabad,31.4504,73.135,19.4,54.6,0.5,14.6,1011.1,427.2,Sensor Network
2024-02-16,Karachi,24.8607,67.0011,21.3,77.8,4.4,23.0,1012.7,420.3,Sensor Network
2024-02-16,Lahore,31.5204,74.3587,18.2,61.9,2.6,20.9,1013.7,422.4,Sensor Network
2024-02-16,Islamabad,33.6844,73.0479,14.4,56.8,4.5,26.3,1015.8,408.4,Weather Station
2024-02-16,Peshawar,34.0151,71.5249,18.0,51.9,0.0,13.8,1017.2,409.9,Environmental IoT
2024-02-16,Quetta,30.1798,66.975,9.4,42.6,0.0,23.6,1019.9,399.0,Environmental IoT
2024-02-16,Multan,30.1575,71.5249,25.4,48.8,3.0,24.4,1014.4,420.6,Environmental IoT
2024-02-16,Hyderabad,25.396,68.3578,23.7,69.5,5.0,26.7,1010.2,415.0,Sensor Network
2024-02-16,Faisalabad,31.4504,73.135,21.5,53.8,1.0,25.3,1014.3,425.1,Weather Station
2024-02-17,Karachi,24.8607,67.0011,21.4,74.6,0.0,17.1,1010.7,418.8,Weather Station
2024-02-17,Lahore,31.5204,74.3587,19.6,59.0,2.0,20.1,1012.6,423.7,Satellite Telemetry
2024-02-17,Islamabad,33.6844,73.0479,13.9,56.6,8.5,14.3,1015.7,405.6,Sensor Network
2024-02-17,Peshawar,34.0151,71.5249,16.0,51.1,2.1,25.4,1012.9,410.4,Sensor Network
2024-02-17,Quetta,30.1798,66.975,11.2,35.8,3.0,15.5,1020.5,396.6,Satellite Telemetry
2024-02-17,Multan,30.1575,71.5249,25.3,47.1,0.0,13.7,1010.7,419.4,Weather Station
2024-02-17,Hyderabad,25.396,68.3578,23.7,68.2,3.5,17.7,1013.8,414.5,Satellite Telemetry
2024-02-17,Faisalabad,31.4504,73.135,21.9,59.9,3.2,22.8,1015.9,425.4,Sensor Network
2024-02-18,Karachi,24.8607,67.0011,23.4,73.7,3.4,11.1,1008.5,416.9,Sensor Network
2024-02-18,Lahore,31.5204,74.3587,21.5,58.9,0.1,27.8,1014.1,420.9,Sensor Network
2024-02-18,Islamabad,33.6844,73.0479,15.0,55.1,4.4,12.4,1016.1,405.5,Environmental IoT
2024-02-18,Peshawar,34.0151,71.5249,18.1,52.0,1.0,22.5,1016.6,410.0,Satellite Telemetry
2024-02-18,Quetta,30.1798,66.975,9.8,43.8,3.2,24.6,1016.4,395.9,Environmental IoT
2024-02-18,Multan,30.1575,71.5249,23.4,52.9,0.0,13.7,1011.7,423.4,Environmental IoT
2024-02-18,Hyderabad,25.396,68.3578,21.0,67.0,4.0,24.1,1010.5,412.0,Weather Station
2024-02-18,Faisalabad,31.4504,73.135,20.8,54.6,3.1,14.8,1011.5,427.0,Weather Station
2024-02-19,Karachi,24.8607,67.0011,23.3,77.4,0.7,12.8,1012.6,416.8,Environmental IoT
2024-02-19,Lahore,31.5204,74.3587,21.5,54.8,0.6,21.2,1013.4,421.1,Environmental IoT
2024-02-19,Islamabad,33.6844,73.0479,17.1,54.7,4.8,27.0,1018.8,407.0,Environmental IoT
2024-02-19,Peshawar,34.0151,71.5249,15.4,56.8,5.9,17.8,1012.1,412.6,Environmental IoT
2024-02-19,Quetta,30.1798,66.975,12.7,37.4,4.9,17.5,1016.8,401.6,Sensor Network
2024-02-19,Multan,30.1575,71.5249,24.4,47.8,2.7,19.0,1010.5,422.6,Weather Station
2024-02-19,Hyderabad,25.396,68.3578,23.3,68.7,2.8,27.1,1014.7,416.1,Satellite Telemetry
2024-02-19,Faisalabad,31.4504,73.135,19.5,52.4,6.4,22.2,1011.7,421.9,Sensor Network
2024-02-20,Karachi,24.8607,67.0011,22.8,76.3,1.1,21.1,1013.8,420.3,Environmental IoT
2024-02-20,Lahore,31.5204,74.3587,21.2,61.6,6.4,19.4,1014.2,421.0,Sensor Network
2024-02-20,Islamabad,33.6844,73.0479,16.7,55.9,2.1,26.8,1017.1,406.6,Sensor Network
2024-02-20,Peshawar,34.0151,71.5249,18.7,54.5,1.7,12.2,1017.7,410.9,Sensor Network
2024-02-20,Quetta,30.1798,66.975,12.4,35.5,0.3,13.1,1017.7,398.5,Sensor Network
2024-02-20,Multan,30.1575,71.5249,22.3,51.1,0.0,14.9,1009.6,417.8,Sensor Network
2024-02-20,Hyderabad,25.396,68.3578,21.2,67.9,5.7,19.5,1010.4,414.1,Weather Station
2024-02-20,Faisalabad,31.4504,73.135,22.6,54.1,5.1,16.8,1013.0,426.5,Weather Station
2024-02-21,Karachi,24.8607,67.0011,23.5,73.7,3.2,27.0,1008.2,418.2,Satellite Telemetry
2024-02-21,Lahore,31.5204,74.3587,18.9,60.2,0.8,18.4,1011.8,421.2,Sensor Network
2024-02-21,Islamabad,33.6844,73.0479,16.6,52.4,4.4,12.5,1017.1,407.3,Weather Station
2024-02-21,Peshawar,34.0151,71.5249,16.1,52.1,0.0,27.5,1013.9,408.9,Sensor Network
2024-02-21,Quetta,30.1798,66.975,10.9,35.4,0.0,12.9,1017.7,397.5,Environmental IoT
2024-02-21,Multan,30.1575,71.5249,23.5,53.0,0.0,13.2,1011.0,421.9,Environmental IoT
2024-02-21,Hyderabad,25.396,68.3578,22.1,71.7,3.5,22.4,1011.7,412.0,Sensor Network
2024-02-21,Faisalabad,31.4504,73.135,21.9,60.4,1.0,20.8,1012.5,425.2,Weather Station
2024-02-22,Karachi,24.8607,67.0011,24.4,71.0,2.0,19.4,1012.0,420.9,Environmental IoT
2024-02-22,Lahore,31.5204,74.3587,21.9,58.4,3.3,24.0,1016.6,425.0,Weather Station
2024-02-22,Islamabad,33.6844,73.0479,16.1,56.8,4.0,15.6,1017.1,404.3,Sensor Network
2024-02-22,Peshawar,34.0151,71.5249,17.5,47.7,2.3,13.0,1015.2,410.4,Satellite Telemetry
2024-02-22,Quetta,30.1798,66.975,11.8,35.1,1.8,12.2,1018.9,401.6,Satellite Telemetry
2024-02-22,Multan,30.1575,71.5249,25.7,48.8,0.5,13.6,1013.9,419.2,Satellite Telemetry
2024-02-22,Hyderabad,25.396,68.3578,21.2,66.7,5.8,13.8,1014.4,414.5,Satellite Telemetry
2024-02-22,Faisalabad,31.4504,73.135,21.5,54.2,3.9,21.1,1014.6,426.3,Environmental IoT
2024-02-23,Karachi,24.8607,67.0011,21.8,78.3,3.5,11.9,1011.7,418.1,Weather Station
2024-02-23,Lahore,31.5204,74.3587,20.4,59.7,4.7,14.4,1016.1,420.8,Environmental IoT
2024-02-23,Islamabad,33.6844,73.0479,15.7,54.1,9.3,14.9,1018.5,405.3,Weather Station
2024-02-23,Peshawar,34.0151,71.5249,16.9,50.4,0.2,24.8,1016.9,412.4,Sensor Network
2024-02-23,Quetta,30.1798,66.975,11.8,40.6,0.0,11.6,1019.9,400.4,Satellite Telemetry
2024-02-23,Multan,30.1575,71.5249,22.3,48.6,1.8,10.5,1011.2,421.9,Weather Station
2024-02-23,Hyderabad,25.396,68.3578,22.1,66.8,0.0,12.0,1011.5,417.7,Weather Station
2024-02-23,Faisalabad,31.4504,73.135,19.5,55.4,0.0,10.1,1013.3,423.6,Sensor Network
2024-02-24,Karachi,24.8607,67.0011,21.1,74.0,5.4,24.6,1012.4,421.8,Satellite Telemetry
2024-02-24,Lahore,31.5204,74.3587,20.6,56.4,4.0,15.4,1015.8,421.5,Environmental IoT
2024-02-24,Islamabad,33.6844,73.0479,16.3,53.3,2.6,11.8,1013.7,406.5,Weather Station
2024-02-24,Peshawar,34.0151,71.5249,17.8,48.0,0.6,25.4,1015.6,408.7,Weather Station
2024-02-24,Quetta,30.1798,66.975,10.5,43.2,0.0,19.1,1016.5,396.8,Environmental IoT
2024-02-24,Multan,30.1575,71.5249,25.6,47.4,5.0,26.2,1010.1,418.6,Weather Station
2024-02-24,Hyderabad,25.396,68.3578,22.7,69.7,5.6,17.0,1014.9,415.6,Environmental IoT
2024-02-24,Faisalabad,31.4504,73.135,21.5,52.2,6.6,11.8,1014.5,424.1,Sensor Network
2024-02-25,Karachi,24.8607,67.0011,23.9,76.2,2.2,19.7,1011.7,419.7,Sensor Network
2024-02-25,Lahore,31.5204,74.3587,19.4,60.7,3.3,14.5,1013.0,421.6,Satellite Telemetry
2024-02-25,Islamabad,33.6844,73.0479,16.0,57.6,5.4,21.1,1016.0,403.6,Weather Station
2024-02-25,Peshawar,34.0151,71.5249,16.7,49.7,0.0,13.1,1014.4,412.2,Weather Station
2024-02-25,Quetta,30.1798,66.975,11.5,38.3,0.5,17.6,1021.1,397.5,Environmental IoT
2024-02-25,Multan,30.1575,71.5249,24.7,52.8,5.0,25.4,1011.1,423.5,Environmental IoT
2024-02-25,Hyderabad,25.396,68.3578,21.4,71.0,0.6,17.4,1013.0,415.6,Sensor Network
2024-02-25,Faisalabad,31.4504,73.135,20.4,52.1,5.8,25.4,1013.2,424.3,Satellite Telemetry
2024-02-26,Karachi,24.8607,67.0011,23.6,72.5,1.9,20.0,1012.1,421.3,Satellite Telemetry
2024-02-26,Lahore,31.5204,74.3587,18.3,55.4,5.9,10.1,1014.1,420.6,Weather Station
2024-02-26,Islamabad,33.6844,73.0479,13.3,58.7,5.9,21.9,1018.1,406.7,Sensor Network
2024-02-26,Peshawar,34.0151,71.5249,16.9,56.4,5.8,12.1,1013.1,409.6,Weather Station
2024-02-26,Quetta,30.1798,66.975,10.8,35.1,5.1,11.7,1017.6,401.6,Weather Station
2024-02-26,Multan,30.1575,71.5249,22.8,49.7,2.0,23.0,1011.7,423.5,Satellite Telemetry
2024-02-26,Hyderabad,25.396,68.3578,22.8,73.5,2.3,26.1,1009.0,414.7,Satellite Telemetry
2024-02-26,Faisalabad,31.4504,73.135,23.0,55.5,2.2,20.9,1010.6,423.8,Weather Station
2024-02-27,Karachi,24.8607,67.0011,23.6,78.0,1.6,20.6,1011.7,416.1,Satellite Telemetry
2024-02-27,Lahore,31.5204,74.3587,21.0,61.8,0.5,20.8,1012.0,423.5,Weather Station
2024-02-27,Islamabad,33.6844,73.0479,16.2,51.4,6.5,20.0,1018.2,403.3,Sensor Network
2024-02-27,Peshawar,34.0151,71.5249,17.7,55.7,0.0,23.3,1015.8,412.1,Satellite Telemetry
2024-02-27,Quetta,30.1798,66.975,10.7,42.1,3.9,26.2,1022.0,401.0,Satellite Telemetry
2024-02-27,Multan,30.1575,71.5249,24.6,45.0,0.0,13.6,1009.7,418.7,Sensor Network
2024-02-27,Hyderabad,25.396,68.3578,22.6,66.7,0.7,26.0,1009.9,413.7,Weather Station
2024-02-27,Faisalabad,31.4504,73.135,21.1,51.1,4.0,22.2,1010.9,426.1,Environmental IoT
2024-02-28,Karachi,24.8607,67.0011,22.1,76.3,0.0,14.3,1008.7,420.6,Sensor Network
2024-02-28,Lahore,31.5204,74.3587,21.7,55.0,2.4,23.8,1013.0,423.1,Satellite Telemetry
2024-02-28,Islamabad,33.6844,73.0479,16.9,58.2,2.2,16.3,1013.4,404.3,Weather Station
2024-02-28,Peshawar,34.0151,71.5249,15.9,49.5,0.0,15.0,1013.6,411.3,Satellite Telemetry
2024-02-28,Quetta,30.1798,66.975,10.2,40.9,0.0,11.8,1021.3,400.6,Satellite Telemetry
2024-02-28,Multan,30.1575,71.5249,25.9,47.5,4.4,10.3,1014.7,419.8,Sensor Network
2024-02-28,Hyderabad,25.396,68.3578,23.5,64.7,5.1,15.7,1010.9,412.2,Environmental IoT
2024-02-28,Faisalabad,31.4504,73.135,21.7,53.5,0.8,10.7,1011.1,424.6,Weather Station
2024-02-29,Karachi,24.8607,67.0011,24.0,75.0,3.4,13.9,1013.9,418.2,Environmental IoT
2024-02-29,Lahore,31.5204,74.3587,21.9,55.2,0.8,21.2,1012.1,424.2,Sensor Network
2024-02-29,Islamabad,33.6844,73.0479,16.4,51.6,6.2,24.2,1016.4,405.3,Weather Station
2024-02-29,Peshawar,34.0151,71.5249,17.9,51.3,1.2,19.6,1013.0,410.4,Sensor Network
2024-02-29,Quetta,30.1798,66.975,11.3,37.4,4.9,26.4,1020.3,398.5,Satellite Telemetry
2024-02-29,Multan,30.1575,71.5249,24.7,46.1,1.3,15.9,1010.3,422.3,Environmental IoT
2024-02-29,Hyderabad,25.396,68.3578,20.3,70.1,0.0,14.6,1009.1,416.3,Sensor Network
2024-02-29,Faisalabad,31.4504,73.135,22.3,51.8,2.1,14.9,1010.4,422.7,Satellite Telemetry
2024-03-01,Karachi,24.8607,67.0011,24.5,77.8,1.8,17.0,1010.0,421.8,Weather Station
2024-03-01,Lahore,31.5204,74.3587,23.6,58.7,3.4,11.6,1012.1,425.6,Environmental IoT
2024-03-01,Islamabad,33.6844,73.0479,19.6,54.9,3.0,14.9,1015.5,407.2,Satellite Telemetry
2024-03-01,Peshawar,34.0151,71.5249,20.4,59.6,3.3,27.8,1017.2,412.2,Environmental IoT
2024-03-01,Quetta,30.1798,66.975,13.1,47.3,2.5,22.0,1019.9,396.0,Satellite Telemetry
2024-03-01,Multan,30.1575,71.5249,26.9,51.9,2.2,18.7,1012.9,421.7,Satellite Telemetry
2024-03-01,Hyderabad,25.396,68.3578,26.6,77.3,0.0,19.5,1009.4,416.3,Environmental IoT
2024-03-01,Faisalabad,31.4504,73.135,22.9,59.4,1.0,22.3,1014.4,426.6,Weather Station
2024-03-02,Karachi,24.8607,67.0011,24.8,81.2,5.4,25.0,1010.0,418.3,Weather Station
2024-03-02,Lahore,31.5204,74.3587,23.2,61.4,0.4,12.4,1016.5,424.0,Sensor Network
2024-03-02,Islamabad,33.6844,73.0479,17.3,57.3,5.3,19.4,1018.4,406.2,Weather Station
2024-03-02,Peshawar,34.0151,71.5249,18.9,60.4,3.6,19.5,1013.7,410.2,Environmental IoT
2024-03-02,Quetta,30.1798,66.975,15.3,40.3,3.3,13.9,1017.9,399.8,Sensor Network
2024-03-02,Multan,30.1575,71.5249,27.1,56.3,1.9,17.8,1013.2,419.4,Weather Station
2024-03-02,Hyderabad,25.396,68.3578,25.9,75.5,4.4,25.0,1012.9,413.3,Sensor Network
2024-03-02,Faisalabad,31.4504,73.135,25.1,60.4,6.1,10.8,1012.0,427.5,Weather Station
2024-03-03,Karachi,24.8607,67.0011,24.6,74.0,0.1,18.9,1010.5,420.1,Satellite Telemetry
2024-03-03,Lahore,31.5204,74.3587,24.6,63.2,2.6,14.9,1012.6,422.3,Weather Station
2024-03-03,Islamabad,33.6844,73.0479,19.5,52.5,6.4,20.8,1013.2,406.7,Environmental IoT
2024-03-03,Peshawar,34.0151,71.5249,19.0,51.6,1.1,13.4,1015.4,413.1,Sensor Network
2024-03-03,Quetta,30.1798,66.975,14.4,41.6,5.0,12.8,1018.0,399.1,Sensor Network
2024-03-03,Multan,30.1575,71.5249,27.5,48.0,4.8,11.7,1009.3,421.5,Weather Station
2024-03-03,Hyderabad,25.396,68.3578,26.5,68.6,0.0,10.1,1009.1,414.8,Weather Station
2024-03-03,Faisalabad,31.4504,73.135,24.2,59.2,3.0,14.1,1015.2,424.4,Satellite Telemetry
2024-03-04,Karachi,24.8607,67.0011,25.1,74.2,3.6,20.2,1014.0,418.6,Satellite Telemetry
2024-03-04,Lahore,31.5204,74.3587,24.1,60.5,1.5,17.9,1012.1,424.3,Sensor Network
2024-03-04,Islamabad,33.6844,73.0479,17.2,53.3,2.3,27.7,1017.2,408.0,Environmental IoT
2024-03-04,Peshawar,34.0151,71.5249,20.1,57.6,0.7,13.0,1016.3,409.3,Sensor Network
2024-03-04,Quetta,30.1798,66.975,13.1,40.0,0.0,17.8,1019.5,399.5,Sensor Network
2024-03-04,Multan,30.1575,71.5249,25.5,49.6,0.0,12.2,1012.9,419.8,Sensor Network
2024-03-04,Hyderabad,25.396,68.3578,24.6,68.8,3.5,14.1,1010.0,413.0,Satellite Telemetry
2024-03-04,Faisalabad,31.4504,73.135,25.5,58.0,3.5,15.2,1014.6,426.3,Satellite Telemetry
2024-03-05,Karachi,24.8607,67.0011,26.6,75.8,0.9,13.3,1010.7,419.1,Environmental IoT
2024-03-05,Lahore,31.5204,74.3587,24.3,58.2,1.5,12.0,1015.9,425.2,Environmental IoT
2024-03-05,Islamabad,33.6844,73.0479,18.8,54.4,8.4,12.3,1018.6,408.1,Satellite Telemetry
2024-03-05,Peshawar,34.0151,71.5249,20.8,60.2,4.1,23.2,1013.0,411.3,Sensor Network
2024-03-05,Quetta,30.1798,66.975,14.5,41.3,0.0,22.6,1018.0,400.9,Weather Station
2024-03-05,Multan,30.1575,71.5249,25.5,51.1,5.0,18.5,1010.8,422.3,Sensor Network
2024-03-05,Hyderabad,25.396,68.3578,26.0,69.5,1.9,25.5,1013.9,412.0,Satellite Telemetry
2024-03-05,Faisalabad,31.4504,73.135,22.9,61.8,0.9,14.1,1013.5,426.8,Sensor Network
2024-03-06,Karachi,24.8607,67.0011,27.0,80.9,1.3,21.8,1010.7,417.3,Weather Station
2024-03-06,Lahore,31.5204,74.3587,21.9,61.0,6.0,23.7,1012.0,425.5,Sensor Network
2024-03-06,Islamabad,33.6844,73.0479,19.1,52.9,9.3,23.3,1014.8,405.2,Weather Station
2024-03-06,Peshawar,34.0151,71.5249,21.0,55.4,0.2,12.0,1012.1,411.5,Sensor Network
2024-03-06,Quetta,30.1798,66.975,12.9,38.2,0.0,13.9,1019.8,400.0,Weather Station
2024-03-06,Multan,30.1575,71.5249,28.1,52.2,3.9,13.1,1009.5,422.5,Satellite Telemetry
2024-03-06,Hyderabad,25.396,68.3578,26.4,69.5,0.0,10.5,1010.8,412.8,Environmental IoT
2024-03-06,Faisalabad,31.4504,73.135,22.5,60.9,6.6,16.1,1011.4,424.2,Satellite Telemetry
2024-03-07,Karachi,24.8607,67.0011,24.1,79.1,1.3,14.9,1013.4,421.9,Satellite Telemetry
2024-03-07,Lahore,31.5204,74.3587,22.6,57.8,3.7,27.4,1016.8,423.6,Weather Station
2024-03-07,Islamabad,33.6844,73.0479,17.7,59.8,5.0,17.5,1016.5,408.5,Weather Station
2024-03-07,Peshawar,34.0151,71.5249,19.4,58.8,5.1,20.4,1013.5,411.2,Sensor Network
2024-03-07,Quetta,30.1798,66.975,15.1,42.7,0.8,26.2,1019.9,401.2,Satellite Telemetry
2024-03-07,Multan,30.1575,71.5249,26.9,49.8,2.8,26.4,1011.0,420.0,Sensor Network
2024-03-07,Hyderabad,25.396,68.3578,24.7,72.3,1.3,14.6,1010.6,413.3,Environmental IoT
2024-03-07,Faisalabad,31.4504,73.135,23.3,61.5,0.1,26.9,1013.3,423.9,Satellite Telemetry
2024-03-08,Karachi,24.8607,67.0011,26.9,76.9,0.0,15.4,1008.7,420.0,Satellite Telemetry
2024-03-08,Lahore,31.5204,74.3587,21.2,67.0,0.4,18.5,1016.2,420.4,Satellite Telemetry
2024-03-08,Islamabad,33.6844,73.0479,18.7,59.7,3.8,19.6,1013.4,404.3,Sensor Network
2024-03-08,Peshawar,34.0151,71.5249,19.7,54.3,5.6,24.5,1013.1,413.1,Environmental IoT
2024-03-08,Quetta,30.1798,66.975,15.2,37.8,2.0,21.6,1018.1,398.3,Weather Station
2024-03-08,Multan,30.1575,71.5249,28.7,54.5,0.0,14.2,1011.7,419.9,Environmental IoT
2024-03-08,Hyderabad,25.396,68.3578,23.4,70.7,0.5,21.4,1014.7,417.1,Satellite Telemetry
2024-03-08,Faisalabad,31.4504,73.135,25.6,64.1,6.0,25.7,1015.9,427.7,Satellite Telemetry
2024-03-09,Karachi,24.8607,67.0011,26.8,73.3,4.7,26.5,1013.8,420.8,Sensor Network
2024-03-09,Lahore,31.5204,74.3587,22.5,64.9,0.8,23.3,1014.0,424.9,Environmental IoT
2024-03-09,Islamabad,33.6844,73.0479,18.0,55.8,2.0,27.0,1014.1,406.8,Weather Station
2024-03-09,Peshawar,34.0151,71.5249,18.6,50.7,1.3,19.9,1013.9,413.4,Environmental IoT
2024-03-09,Quetta,30.1798,66.975,12.9,38.0,0.0,21.6,1017.9,401.0,Environmental IoT
2024-03-09,Multan,30.1575,71.5249,27.7,48.3,2.6,22.2,1015.0,422.4,Satellite Telemetry
2024-03-09,Hyderabad,25.396,68.3578,26.5,74.0,0.7,12.8,1010.1,417.8,Sensor Network
2024-03-09,Faisalabad,31.4504,73.135,23.3,54.8,2.4,27.1,1012.5,426.6,Weather Station
2024-03-10,Karachi,24.8607,67.0011,24.5,76.2,2.3,25.0,1008.1,421.0,Satellite Telemetry
2024-03-10,Lahore,31.5204,74.3587,23.0,58.6,6.4,22.5,1011.3,420.5,Sensor Network
2024-03-10,Islamabad,33.6844,73.0479,19.3,55.9,6.5,17.9,1013.4,403.3,Sensor Network
2024-03-10,Peshawar,34.0151,71.5249,18.9,60.2,4.1,27.2,1015.4,413.2,Environmental IoT
2024-03-10,Quetta,30.1798,66.975,12.6,44.7,0.0,24.1,1016.8,399.3,Environmental IoT
2024-03-10,Multan,30.1575,71.5249,27.1,47.8,1.9,25.6,1011.3,423.2,Satellite Telemetry
2024-03-10,Hyderabad,25.396,68.3578,23.3,76.1,4.0,20.1,1010.9,415.0,Environmental IoT
2024-03-10,Faisalabad,31.4504,73.135,24.7,62.7,0.7,15.0,1012.3,426.0,Weather Station
2024-03-11,Karachi,24.8607,67.0011,24.6,78.1,0.0,14.2,1012.4,417.7,Sensor Network
2024-03-11,Lahore,31.5204,74.3587,21.6,63.8,1.8,17.6,1013.2,421.3,Environmental IoT
2024-03-11,Islamabad,33.6844,73.0479,18.2,61.7,6.9,11.3,1016.4,405.2,Weather Station
2024-03-11,Peshawar,34.0151,71.5249,20.8,59.7,2.8,10.2,1017.6,408.4,Satellite Telemetry
2024-03-11,Quetta,30.1798,66.975,12.6,39.5,3.6,22.2,1017.6,396.5,Weather Station
2024-03-11,Multan,30.1575,71.5249,26.6,55.4,1.6,15.5,1009.3,418.6,Satellite Telemetry
2024-03-11,Hyderabad,25.396,68.3578,23.9,72.2,0.2,18.5,1009.6,412.7,Satellite Telemetry
2024-03-11,Faisalabad,31.4504,73.135,24.6,63.4,2.4,20.1,1013.0,425.2,Environmental IoT
2024-03-12,Karachi,24.8607,67.0011,27.0,81.8,0.0,26.9,1009.0,416.4,Environmental IoT
2024-03-12,Lahore,31.5204,74.3587,24.1,64.6,2.4,22.4,1015.0,423.1,Environmental IoT
2024-03-12,Islamabad,33.6844,73.0479,16.5,55.0,8.0,11.5,1013.0,404.8,Sensor Network
2024-03-12,Peshawar,34.0151,71.5249,21.7,51.3,4.8,27.3,1012.8,413.3,Weather Station
2024-03-12,Quetta,30.1798,66.975,12.6,44.2,3.6,17.3,1018.7,398.0,Satellite Telemetry
2024-03-12,Multan,30.1575,71.5249,25.0,50.3,0.0,23.9,1012.7,419.7,Satellite Telemetry
2024-03-12,Hyderabad,25.396,68.3578,23.2,75.9,0.0,13.5,1009.4,417.2,Sensor Network
2024-03-12,Faisalabad,31.4504,73.135,25.1,60.6,5.5,20.3,1010.9,422.2,Satellite Telemetry
2024-03-13,Karachi,24.8607,67.0011,26.3,79.9,1.8,22.1,1011.7,417.4,Satellite Telemetry
2024-03-13,Lahore,31.5204,74.3587,21.4,58.9,2.3,24.3,1011.9,420.1,Environmental IoT
2024-03-13,Islamabad,33.6844,73.0479,18.4,54.4,7.3,26.0,1016.3,404.7,Sensor Network
2024-03-13,Peshawar,34.0151,71.5249,20.7,52.6,2.2,20.4,1017.4,413.7,Environmental IoT
2024-03-13,Quetta,30.1798,66.975,15.9,46.8,1.1,14.6,1021.6,398.5,Satellite Telemetry
2024-03-13,Multan,30.1575,71.5249,25.1,49.8,5.1,16.2,1013.6,420.0,Sensor Network
2024-03-13,Hyderabad,25.396,68.3578,25.1,69.9,4.1,10.4,1011.7,413.8,Environmental IoT
2024-03-13,Faisalabad,31.4504,73.135,22.9,61.6,4.4,16.7,1015.3,424.2,Sensor Network
2024-03-14,Karachi,24.8607,67.0011,25.0,79.2,5.5,26.5,1013.7,421.6,Weather Station
2024-03-14,Lahore,31.5204,74.3587,23.6,65.6,1.4,10.9,1015.7,420.9,Sensor Network
2024-03-14,Islamabad,33.6844,73.0479,16.3,62.1,2.1,18.6,1018.0,406.1,Environmental IoT
2024-03-14,Peshawar,34.0151,71.5249,21.1,52.5,5.8,12.1,1015.8,410.6,Weather Station
2024-03-14,Quetta,30.1798,66.975,13.8,44.9,1.1,17.4,1021.0,396.6,Sensor Network
2024-03-14,Multan,30.1575,71.5249,27.6,50.8,0.7,24.3,1010.2,423.4,Satellite Telemetry
2024-03-14,Hyderabad,25.396,68.3578,26.7,70.5,0.0,25.5,1010.2,414.5,Satellite Telemetry
2024-03-14,Faisalabad,31.4504,73.135,24.0,56.2,4.8,21.2,1013.5,425.8,Satellite Telemetry
2024-03-15,Karachi,24.8607,67.0011,28.0,73.5,0.0,12.5,1008.8,421.0,Environmental IoT
2024-03-15,Lahore,31.5204,74.3587,21.4,66.1,0.3,19.1,1015.6,426.0,Environmental IoT
2024-03-15,Islamabad,33.6844,73.0479,20.0,56.9,4.6,19.9,1018.1,407.5,Environmental IoT
2024-03-15,Peshawar,34.0151,71.5249,20.3,55.9,0.0,12.0,1016.5,412.3,Environmental IoT
2024-03-15,Quetta,30.1798,66.975,13.2,40.0,0.0,24.0,1016.7,400.0,Environmental IoT
2024-03-15,Multan,30.1575,71.5249,28.2,54.5,2.5,10.5,1014.2,418.7,Environmental IoT
2024-03-15,Hyderabad,25.396,68.3578,25.0,72.2,0.9,25.5,1013.0,416.9,Environmental IoT
2024-03-15,Faisalabad,31.4504,73.135,25.0,60.0,0.4,14.7,1011.7,423.7,Sensor Network
2024-03-16,Karachi,24.8607,67.0011,25.5,76.1,3.8,18.3,1010.2,417.5,Sensor Network
2024-03-16,Lahore,31.5204,74.3587,21.8,64.6,6.7,24.7,1016.1,420.6,Environmental IoT
2024-03-16,Islamabad,33.6844,73.0479,18.1,59.1,3.7,11.7,1018.2,404.7,Weather Station
2024-03-16,Peshawar,34.0151,71.5249,19.2,56.0,0.4,26.6,1016.6,412.8,Satellite Telemetry
2024-03-16,Quetta,30.1798,66.975,12.0,42.0,1.9,13.6,1019.8,396.7,Sensor Network
2024-03-16,Multan,30.1575,71.5249,25.7,53.4,1.5,20.6,1014.1,421.1,Satellite Telemetry
2024-03-16,Hyderabad,25.396,68.3578,24.0,76.0,4.7,16.5,1010.3,413.0,Weather Station
2024-03-16,Faisalabad,31.4504,73.135,23.5,64.3,3.1,11.4,1012.7,425.0,Sensor Network
2024-03-17,Karachi,24.8607,67.0011,28.0,81.4,4.5,13.7,1010.1,422.1,Sensor Network
2024-03-17,Lahore,31.5204,74.3587,24.5,64.7,4.0,27.2,1012.3,422.2,Satellite Telemetry
2024-03-17,Islamabad,33.6844,73.0479,19.7,56.9,8.3,19.2,1014.1,406.1,Satellite Telemetry
2024-03-17,Peshawar,34.0151,71.5249,20.6,54.1,3.2,17.3,1016.9,410.9,Weather Station
2024-03-17,Quetta,30.1798,66.975,12.3,39.4,1.9,27.3,1018.0,399.8,Weather Station
2024-03-17,Multan,30.1575,71.5249,25.2,55.7,0.0,18.5,1011.4,421.1,Weather Station
2024-03-17,Hyderabad,25.396,68.3578,23.3,77.1,5.1,10.2,1014.7,415.2,Weather Station
2024-03-17,Faisalabad,31.4504,73.135,24.8,64.2,0.9,22.0,1014.4,426.0,Weather Station
2024-03-18,Karachi,24.8607,67.0011,26.2,81.4,0.0,11.9,1011.7,417.7,Environmental IoT
2024-03-18,Lahore,31.5204,74.3587,24.7,61.6,3.0,24.8,1015.6,420.3,Satellite Telemetry
2024-03-18,Islamabad,33.6844,73.0479,18.0,54.9,7.4,12.9,1013.5,405.1,Environmental IoT
2024-03-18,Peshawar,34.0151,71.5249,18.2,60.1,2.6,12.6,1013.3,410.4,Satellite Telemetry
2024-03-18,Quetta,30.1798,66.975,12.1,40.2,2.6,20.3,1019.5,402.0,Satellite Telemetry
2024-03-18,Multan,30.1575,71.5249,28.5,52.9,0.0,18.1,1011.4,421.7,Environmental IoT
2024-03-18,Hyderabad,25.396,68.3578,25.5,71.2,0.6,11.6,1011.5,414.8,Environmental IoT
2024-03-18,Faisalabad,31.4504,73.135,25.2,59.2,2.6,13.1,1011.2,422.4,Environmental IoT
2024-03-19,Karachi,24.8607,67.0011,24.6,74.7,3.7,14.6,1009.7,418.7,Satellite Telemetry
2024-03-19,Lahore,31.5204,74.3587,23.4,65.5,5.8,13.9,1016.2,421.6,Environmental IoT
2024-03-19,Islamabad,33.6844,73.0479,17.0,60.5,8.2,24.7,1018.9,407.7,Sensor Network
2024-03-19,Peshawar,34.0151,71.5249,19.6,50.7,4.6,10.5,1018.0,410.4,Environmental IoT
2024-03-19,Quetta,30.1798,66.975,15.6,38.5,0.0,17.1,1018.5,399.0,Sensor Network
2024-03-19,Multan,30.1575,71.5249,27.2,57.4,1.9,25.8,1013.3,421.4,Satellite Telemetry
2024-03-19,Hyderabad,25.396,68.3578,25.0,69.0,1.7,17.8,1010.6,417.4,Environmental IoT
2024-03-19,Faisalabad,31.4504,73.135,25.2,58.9,0.0,21.1,1015.9,422.8,Sensor Network
2024-03-20,Karachi,24.8607,67.0011,26.4,81.2,0.0,13.9,1013.4,421.9,Environmental IoT
2024-03-20,Lahore,31.5204,74.3587,22.0,64.6,2.7,11.4,1014.5,424.5,Environmental IoT
2024-03-20,Islamabad,33.6844,73.0479,19.5,61.7,4.9,16.4,1014.7,405.5,Environmental IoT
2024-03-20,Peshawar,34.0151,71.5249,18.4,60.1,0.0,21.8,1016.1,409.9,Sensor Network
2024-03-20,Quetta,30.1798,66.975,12.6,39.7,3.2,11.3,1019.9,397.0,Satellite Telemetry
2024-03-20,Multan,30.1575,71.5249,28.7,57.2,0.5,21.5,1009.4,419.6,Sensor Network
2024-03-20,Hyderabad,25.396,68.3578,26.0,74.6,4.7,23.2,1012.1,415.5,Environmental IoT
2024-03-20,Faisalabad,31.4504,73.135,23.9,56.8,1.1,27.4,1013.3,424.2,Satellite Telemetry
2024-03-21,Karachi,24.8607,67.0011,27.8,76.3,0.0,19.1,1008.9,417.4,Sensor Network
2024-03-21,Lahore,31.5204,74.3587,24.1,59.6,2.1,14.3,1015.5,422.5,Environmental IoT
2024-03-21,Islamabad,33.6844,73.0479,18.0,59.0,4.0,11.5,1018.1,408.7,Weather Station
2024-03-21,Peshawar,34.0151,71.5249,19.2,52.3,4.5,12.9,1015.2,412.0,Satellite Telemetry
2024-03-21,Quetta,30.1798,66.975,12.3,45.6,4.5,24.2,1020.3,397.1,Sensor Network
2024-03-21,Multan,30.1575,71.5249,26.0,48.4,2.3,17.1,1010.8,421.1,Environmental IoT
2024-03-21,Hyderabad,25.396,68.3578,23.2,69.3,0.0,22.3,1014.1,418.0,Weather Station
2024-03-21,Faisalabad,31.4504,73.135,22.6,55.0,0.0,20.6,1010.6,422.4,Satellite Telemetry
2024-03-22,Karachi,24.8607,67.0011,24.6,77.1,0.1,10.0,1010.0,417.8,Weather Station
2024-03-22,Lahore,31.5204,74.3587,23.9,60.2,0.0,19.3,1014.4,424.8,Environmental IoT
2024-03-22,Islamabad,33.6844,73.0479,16.0,62.5,1.8,22.4,1017.0,407.9,Sensor Network
2024-03-22,Peshawar,34.0151,71.5249,20.4,52.9,0.0,17.7,1012.2,410.9,Satellite Telemetry
2024-03-22,Quetta,30.1798,66.975,14.2,43.4,1.1,13.4,1020.5,400.9,Weather Station
2024-03-22,Multan,30.1575,71.5249,27.5,52.7,3.7,18.3,1012.8,419.8,Environmental IoT
2024-03-22,Hyderabad,25.396,68.3578,23.8,75.1,3.7,23.1,1010.1,413.4,Sensor Network
2024-03-22,Faisalabad,31.4504,73.135,24.8,59.8,4.7,25.5,1010.0,426.0,Environmental IoT
2024-03-23,Karachi,24.8607,67.0011,27.0,81.7,3.1,19.6,1010.0,421.8,Satellite Telemetry
2024-03-23,Lahore,31.5204,74.3587,24.2,64.5,4.1,22.8,1013.6,421.6,Sensor Network
2024-03-23,Islamabad,33.6844,73.0479,16.8,55.0,5.5,10.4,1015.4,408.6,Satellite Telemetry
2024-03-23,Peshawar,34.0151,71.5249,18.2,52.2,2.2,13.5,1016.9,413.9,Weather Station
2024-03-23,Quetta,30.1798,66.975,13.9,47.4,2.3,17.1,1018.4,399.4,Satellite Telemetry
2024-03-23,Multan,30.1575,71.5249,26.3,57.3,0.0,21.1,1014.6,423.4,Sensor Network
2024-03-23,Hyderabad,25.396,68.3578,25.3,68.3,4.8,20.1,1013.2,415.9,Environmental IoT
2024-03-23,Faisalabad,31.4504,73.135,25.1,58.0,1.1,15.6,1012.8,423.9,Environmental IoT
2024-03-24,Karachi,24.8607,67.0011,25.8,78.8,3.1,20.3,1008.2,418.8,Satellite Telemetry
2024-03-24,Lahore,31.5204,74.3587,21.5,60.5,0.5,13.6,1015.7,420.8,Satellite Telemetry
2024-03-24,Islamabad,33.6844,73.0479,18.9,54.1,7.2,18.7,1016.6,407.2,Environmental IoT
2024-03-24,Peshawar,34.0151,71.5249,19.0,54.3,6.8,13.6,1014.9,411.0,Weather Station
2024-03-24,Quetta,30.1798,66.975,14.7,43.1,4.3,24.2,1021.4,398.5,Environmental IoT
2024-03-24,Multan,30.1575,71.5249,26.6,56.2,4.6,23.0,1014.7,419.3,Satellite Telemetry
2024-03-24,Hyderabad,25.396,68.3578,23.1,70.9,4.8,21.6,1012.4,414.0,Satellite Telemetry
2024-03-24,Faisalabad,31.4504,73.135,22.9,64.1,3.0,17.2,1013.6,425.6,Satellite Telemetry
2024-03-25,Karachi,24.8607,67.0011,24.7,80.0,3.7,22.5,1012.5,418.4,Weather Station
2024-03-25,Lahore,31.5204,74.3587,23.7,65.5,0.1,26.0,1014.7,420.4,Environmental IoT
2024-03-25,Islamabad,33.6844,73.0479,16.2,62.4,6.7,17.2,1014.4,407.0,Environmental IoT
2024-03-25,Peshawar,34.0151,71.5249,20.7,53.8,2.5,24.0,1014.5,410.3,Sensor Network
2024-03-25,Quetta,30.1798,66.975,12.9,46.2,5.0,22.6,1021.1,397.8,Weather Station
2024-03-25,Multan,30.1575,71.5249,26.7,50.0,5.6,15.9,1013.7,421.9,Environmental IoT
2024-03-25,Hyderabad,25.396,68.3578,24.2,70.6,1.9,10.9,1011.5,415.1,Sensor Network
2024-03-25,Faisalabad,31.4504,73.135,24.6,55.2,1.7,18.9,1011.8,425.7,Environmental IoT
2024-03-26,Karachi,24.8607,67.0011,24.2,79.6,0.7,10.9,1013.9,420.2,Sensor Network
2024-03-26,Lahore,31.5204,74.3587,23.0,62.3,2.2,13.8,1011.1,425.9,Satellite Telemetry
2024-03-26,Islamabad,33.6844,73.0479,16.7,55.8,8.1,25.2,1015.4,403.4,Weather Station
2024-03-26,Peshawar,34.0151,71.5249,19.7,52.7,0.0,24.8,1012.3,408.9,Satellite Telemetry
2024-03-26,Quetta,30.1798,66.975,13.2,43.1,2.0,23.5,1021.9,399.2,Weather Station
2024-03-26,Multan,30.1575,71.5249,25.6,50.6,2.9,15.6,1014.6,421.8,Satellite Telemetry
2024-03-26,Hyderabad,25.396,68.3578,24.9,70.1,1.5,14.6,1014.4,414.1,Weather Station
2024-03-26,Faisalabad,31.4504,73.135,24.2,59.4,3.9,12.4,1013.7,427.0,Environmental IoT
2024-03-27,Karachi,24.8607,67.0011,25.0,81.1,4.7,24.4,1008.5,420.0,Environmental IoT
2024-03-27,Lahore,31.5204,74.3587,22.8,67.4,4.5,19.9,1014.2,423.4,Weather Station
2024-03-27,Islamabad,33.6844,73.0479,16.2,60.5,8.0,16.7,1015.9,403.9,Weather Station
2024-03-27,Peshawar,34.0151,71.5249,19.2,51.6,0.0,12.5,1016.2,412.1,Sensor Network
2024-03-27,Quetta,30.1798,66.975,15.9,44.8,0.0,12.1,1018.3,398.4,Environmental IoT
2024-03-27,Multan,30.1575,71.5249,27.4,53.4,4.8,21.4,1011.9,420.6,Environmental IoT
2024-03-27,Hyderabad,25.396,68.3578,25.2,72.7,0.0,27.5,1009.9,414.3,Environmental IoT
2024-03-27,Faisalabad,31.4504,73.135,25.8,61.1,0.9,19.6,1012.3,428.0,Weather Station
2024-03-28,Karachi,24.8607,67.0011,26.0,81.8,0.0,10.3,1010.0,419.4,Weather Station
2024-03-28,Lahore,31.5204,74.3587,24.6,61.9,7.5,19.9,1011.3,420.9,Weather Station
2024-03-28,Islamabad,33.6844,73.0479,18.3,55.3,4.3,10.8,1016.5,408.1,Satellite Telemetry
2024-03-28,Peshawar,34.0151,71.5249,19.8,57.9,6.0,21.0,1015.2,412.3,Weather Station
2024-03-28,Quetta,30.1798,66.975,15.8,46.7,0.3,24.7,1018.1,396.8,Satellite Telemetry
2024-03-28,Multan,30.1575,71.5249,26.2,55.8,0.0,23.5,1013.1,423.1,Satellite Telemetry
2024-03-28,Hyderabad,25.396,68.3578,25.9,68.9,2.6,23.9,1009.5,414.9,Sensor Network
2024-03-28,Faisalabad,31.4504,73.135,25.4,60.9,1.3,19.7,1011.9,425.1,Sensor Network
2024-03-29,Karachi,24.8607,67.0011,24.9,74.6,0.6,18.3,1010.9,420.0,Sensor Network
2024-03-29,Lahore,31.5204,74.3587,23.6,58.1,7.3,26.6,1014.9,424.3,Weather Station
2024-03-29,Islamabad,33.6844,73.0479,16.3,60.8,4.8,22.8,1014.1,403.9,Satellite Telemetry
2024-03-29,Peshawar,34.0151,71.5249,19.2,58.2,3.7,15.1,1012.3,414.2,Satellite Telemetry
2024-03-29,Quetta,30.1798,66.975,12.2,38.3,0.0,20.3,1016.6,398.7,Sensor Network
2024-03-29,Multan,30.1575,71.5249,27.7,57.3,3.4,22.8,1010.7,421.5,Satellite Telemetry
2024-03-29,Hyderabad,25.396,68.3578,23.5,76.8,0.0,10.1,1013.9,417.3,Sensor Network
2024-03-29,Faisalabad,31.4504,73.135,23.3,63.4,2.0,16.0,1011.5,424.4,Weather Station
2024-03-30,Karachi,24.8607,67.0011,25.2,81.8,4.0,15.0,1012.5,421.5,Weather Station
2024-03-30,Lahore,31.5204,74.3587,21.5,60.7,4.6,20.7,1016.9,422.9,Environmental IoT
2024-03-30,Islamabad,33.6844,73.0479,16.4,60.2,4.4,23.4,1015.5,406.6,Sensor Network
2024-03-30,Peshawar,34.0151,71.5249,21.0,56.8,2.2,15.4,1014.1,413.0,Weather Station
2024-03-30,Quetta,30.1798,66.975,13.1,39.0,2.3,15.7,1017.7,397.6,Sensor Network
2024-03-30,Multan,30.1575,71.5249,26.1,55.5,1.5,13.4,1014.8,420.4,Satellite Telemetry
2024-03-30,Hyderabad,25.396,68.3578,24.8,72.9,0.0,23.6,1013.2,416.2,Weather Station
2024-03-30,Faisalabad,31.4504,73.135,24.0,59.1,0.0,18.7,1011.6,424.4,Sensor Network
2024-03-31,Karachi,24.8607,67.0011,24.7,76.1,4.2,16.3,1012.0,417.2,Environmental IoT
2024-03-31,Lahore,31.5204,74.3587,22.3,61.7,6.3,27.8,1014.8,422.8,Environmental IoT
2024-03-31,Islamabad,33.6844,73.0479,18.8,57.0,4.1,24.9,1018.2,404.8,Weather Station
2024-03-31,Peshawar,34.0151,71.5249,18.2,57.2,5.6,27.1,1016.9,410.6,Sensor Network
2024-03-31,Quetta,30.1798,66.975,15.7,39.3,0.0,18.0,1020.2,401.8,Satellite Telemetry
2024-03-31,Multan,30.1575,71.5249,28.8,51.1,0.0,23.4,1010.5,421.6,Satellite Telemetry
2024-03-31,Hyderabad,25.396,68.3578,23.9,74.6,5.2,14.4,1012.9,418.1,Sensor Network
2024-03-31,Faisalabad,31.4504,73.135,23.8,57.5,5.8,18.2,1014.3,427.7,Environmental IoT
2024-04-01,Karachi,24.8607,67.0011,29.5,85.0,3.4,14.7,1012.3,420.0,Environmental IoT
2024-04-01,Lahore,31.5204,74.3587,27.0,61.0,7.5,14.6,1013.5,422.0,Sensor Network
2024-04-01,Islamabad,33.6844,73.0479,21.3,56.3,1.5,19.5,1018.7,409.0,Satellite Telemetry
2024-04-01,Peshawar,34.0151,71.5249,23.9,58.3,0.8,24.6,1017.9,412.9,Sensor Network
2024-04-01,Quetta,30.1798,66.975,17.5,43.6,3.2,17.7,1021.3,398.6,Satellite Telemetry
2024-04-01,Multan,30.1575,71.5249,29.6,58.8,4.3,11.8,1009.7,420.9,Weather Station
2024-04-01,Hyderabad,25.396,68.3578,30.3,78.6,0.1,23.0,1014.5,415.7,Weather Station
2024-04-01,Faisalabad,31.4504,73.135,28.2,61.4,0.0,16.1,1010.9,425.0,Weather Station
2024-04-02,Karachi,24.8607,67.0011,28.6,81.0,0.0,27.9,1013.1,418.5,Satellite Telemetry
2024-04-02,Lahore,31.5204,74.3587,26.2,65.1,6.3,20.7,1011.5,424.6,Sensor Network
2024-04-02,Islamabad,33.6844,73.0479,20.9,65.1,3.1,14.0,1017.8,404.6,Environmental IoT
2024-04-02,Peshawar,34.0151,71.5249,22.3,58.0,4.9,24.5,1017.7,411.8,Sensor Network
2024-04-02,Quetta,30.1798,66.975,16.5,45.2,1.4,21.3,1018.7,401.4,Sensor Network
2024-04-02,Multan,30.1575,71.5249,30.4,51.1,4.5,18.2,1013.7,424.3,Satellite Telemetry
2024-04-02,Hyderabad,25.396,68.3578,28.1,78.4,3.6,15.3,1011.1,415.7,Weather Station
2024-04-02,Faisalabad,31.4504,73.135,29.3,65.5,1.9,21.3,1015.6,427.7,Sensor Network
2024-04-03,Karachi,24.8607,67.0011,31.8,75.8,2.5,27.2,1008.7,418.1,Weather Station
2024-04-03,Lahore,31.5204,74.3587,28.8,69.8,4.6,24.2,1016.9,424.8,Environmental IoT
2024-04-03,Islamabad,33.6844,73.0479,23.9,62.9,3.0,21.2,1018.1,408.7,Environmental IoT
2024-04-03,Peshawar,34.0151,71.5249,22.1,56.6,6.3,10.9,1012.1,412.8,Weather Station
2024-04-03,Quetta,30.1798,66.975,19.8,50.6,2.8,23.4,1019.1,399.8,Satellite Telemetry
2024-04-03,Multan,30.1575,71.5249,30.0,59.3,0.0,27.5,1011.3,421.5,Satellite Telemetry
2024-04-03,Hyderabad,25.396,68.3578,30.2,71.0,0.7,10.1,1011.7,416.9,Weather Station
2024-04-03,Faisalabad,31.4504,73.135,26.6,60.5,1.8,27.9,1011.1,424.1,Environmental IoT
2024-04-04,Karachi,24.8607,67.0011,29.0,76.6,1.6,23.6,1012.9,419.5,Environmental IoT
2024-04-04,Lahore,31.5204,74.3587,28.0,69.6,1.2,22.9,1015.2,421.9,Environmental IoT
2024-04-04,Islamabad,33.6844,73.0479,23.7,64.6,9.3,28.0,1015.7,406.2,Satellite Telemetry
2024-04-04,Peshawar,34.0151,71.5249,23.6,55.2,5.6,10.1,1012.6,412.0,Environmental IoT
2024-04-04,Quetta,30.1798,66.975,17.9,46.3,0.0,17.1,1018.1,401.5,Weather Station
2024-04-04,Multan,30.1575,71.5249,32.2,53.4,3.6,17.7,1010.7,421.7,Satellite Telemetry
2024-04-04,Hyderabad,25.396,68.3578,27.9,76.3,4.6,26.2,1013.9,414.7,Weather Station
2024-04-04,Faisalabad,31.4504,73.135,28.2,66.6,0.2,13.3,1013.0,425.4,Environmental IoT
2024-04-05,Karachi,24.8607,67.0011,30.8,82.7,2.3,26.3,1008.1,421.9,Sensor Network
2024-04-05,Lahore,31.5204,74.3587,26.6,62.9,0.3,18.3,1012.5,423.9,Environmental IoT
2024-04-05,Islamabad,33.6844,73.0479,20.7,58.3,4.8,17.9,1016.9,409.3,Satellite Telemetry
2024-04-05,Peshawar,34.0151,71.5249,23.8,60.1,5.6,15.3,1015.7,410.2,Satellite Telemetry
2024-04-05,Quetta,30.1798,66.975,20.0,45.8,2.8,11.3,1020.6,398.2,Weather Station
2024-04-05,Multan,30.1575,71.5249,31.2,54.6,5.5,27.6,1014.7,419.9,Weather Station
2024-04-05,Hyderabad,25.396,68.3578,28.6,72.7,0.8,25.9,1011.5,415.7,Environmental IoT
2024-04-05,Faisalabad,31.4504,73.135,29.3,61.5,1.5,12.5,1014.8,422.7,Weather Station
2024-04-06,Karachi,24.8607,67.0011,31.5,83.6,4.5,17.4,1012.1,421.8,Satellite Telemetry
2024-04-06,Lahore,31.5204,74.3587,26.2,66.8,6.8,26.8,1011.0,421.1,Sensor Network
2024-04-06,Islamabad,33.6844,73.0479,23.3,61.4,2.9,26.2,1015.0,405.5,Satellite Telemetry
2024-04-06,Peshawar,34.0151,71.5249,22.6,62.0,3.9,15.3,1013.2,410.1,Sensor Network
2024-04-06,Quetta,30.1798,66.975,18.4,42.8,5.0,18.5,1017.1,400.3,Environmental IoT
2024-04-06,Multan,30.1575,71.5249,32.7,57.5,0.0,18.0,1012.0,421.7,Sensor Network
2024-04-06,Hyderabad,25.396,68.3578,28.4,73.9,0.0,21.5,1013.0,417.7,Weather Station
2024-04-06,Faisalabad,31.4504,73.135,29.9,58.6,0.0,17.7,1013.4,424.6,Weather Station
2024-04-07,Karachi,24.8607,67.0011,28.5,85.1,0.8,17.8,1010.2,421.5,Sensor Network
2024-04-07,Lahore,31.5204,74.3587,25.5,62.1,3.2,13.1,1014.4,423.5,Weather Station
2024-04-07,Islamabad,33.6844,73.0479,20.3,58.4,6.3,13.0,1017.6,408.3,Satellite Telemetry
2024-04-07,Peshawar,34.0151,71.5249,23.2,57.3,3.8,14.8,1014.8,412.1,Weather Station
2024-04-07,Quetta,30.1798,66.975,16.7,44.1,0.0,15.1,1017.0,401.1,Environmental IoT
2024-04-07,Multan,30.1575,71.5249,29.1,54.2,1.1,15.1,1012.5,418.9,Sensor Network
2024-04-07,Hyderabad,25.396,68.3578,27.0,74.8,0.0,20.0,1015.0,415.9,Sensor Network
2024-04-07,Faisalabad,31.4504,73.135,28.7,62.0,6.2,26.4,1015.8,427.9,Weather Station
2024-04-08,Karachi,24.8607,67.0011,31.9,81.2,1.3,14.7,1013.3,418.2,Weather Station
2024-04-08,Lahore,31.5204,74.3587,28.6,69.8,1.4,27.7,1011.7,422.2,Environmental IoT
2024-04-08,Islamabad,33.6844,73.0479,20.7,59.5,1.6,26.0,1017.5,405.2,Satellite Telemetry
2024-04-08,Peshawar,34.0151,71.5249,22.3,62.2,0.8,22.9,1012.4,411.7,Sensor Network
2024-04-08,Quetta,30.1798,66.975,19.1,49.2,0.2,17.4,1018.5,402.3,Sensor Network
2024-04-08,Multan,30.1575,71.5249,32.8,58.7,0.3,26.7,1011.5,421.3,Weather Station
2024-04-08,Hyderabad,25.396,68.3578,29.9,72.8,0.0,23.8,1013.9,412.5,Weather Station
2024-04-08,Faisalabad,31.4504,73.135,27.3,59.5,4.8,22.7,1013.4,424.3,Sensor Network
2024-04-09,Karachi,24.8607,67.0011,29.1,77.9,1.8,17.1,1008.2,416.5,Satellite Telemetry
2024-04-09,Lahore,31.5204,74.3587,28.7,61.6,2.3,22.5,1011.2,424.5,Satellite Telemetry
2024-04-09,Islamabad,33.6844,73.0479,24.0,59.7,2.4,15.7,1015.9,407.8,Environmental IoT
2024-04-09,Peshawar,34.0151,71.5249,25.5,56.8,6.0,13.1,1013.5,410.8,Sensor Network
2024-04-09,Quetta,30.1798,66.975,18.0,43.0,0.0,27.3,1020.5,402.3,Weather Station
2024-04-09,Multan,30.1575,71.5249,30.1,55.2,5.7,12.7,1014.0,421.3,Environmental IoT
2024-04-09,Hyderabad,25.396,68.3578,28.9,74.7,0.0,15.0,1010.6,415.0,Satellite Telemetry
2024-04-09,Faisalabad,31.4504,73.135,27.3,64.8,1.6,10.4,1011.5,425.9,Weather Station
2024-04-10,Karachi,24.8607,67.0011,31.2,75.9,0.2,10.4,1012.7,418.0,Sensor Network
2024-04-10,Lahore,31.5204,74.3587,28.2,70.2,5.1,10.1,1014.2,422.7,Sensor Network
2024-04-10,Islamabad,33.6844,73.0479,20.2,60.6,3.5,10.7,1013.4,406.0,Satellite Telemetry
2024-04-10,Peshawar,34.0151,71.5249,24.8,60.6,0.0,19.4,1017.4,412.0,Environmental IoT
2024-04-10,Quetta,30.1798,66.975,18.5,46.5,0.0,13.9,1018.6,400.5,Environmental IoT
2024-04-10,Multan,30.1575,71.5249,31.1,53.4,1.7,27.5,1011.4,423.9,Satellite Telemetry
2024-04-10,Hyderabad,25.396,68.3578,28.3,71.0,4.9,15.2,1013.4,416.6,Weather Station
2024-04-10,Faisalabad,31.4504,73.135,29.0,65.7,3.9,25.2,1013.2,427.6,Environmental IoT
2024-04-11,Karachi,24.8607,67.0011,30.4,85.3,0.0,20.2,1013.6,422.3,Satellite Telemetry
2024-04-11,Lahore,31.5204,74.3587,25.1,69.6,1.7,25.7,1015.3,425.6,Environmental IoT
2024-04-11,Islamabad,33.6844,73.0479,20.1,64.8,8.5,26.1,1015.2,406.0,Environmental IoT
2024-04-11,Peshawar,34.0151,71.5249,24.9,61.2,6.7,26.6,1013.5,410.4,Sensor Network
2024-04-11,Quetta,30.1798,66.975,17.8,43.6,5.1,15.2,1021.6,401.7,Satellite Telemetry
2024-04-11,Multan,30.1575,71.5249,31.7,57.3,4.2,13.7,1013.2,419.1,Weather Station
2024-04-11,Hyderabad,25.396,68.3578,28.9,73.9,0.0,16.3,1013.5,415.6,Weather Station
2024-04-11,Faisalabad,31.4504,73.135,27.6,66.9,2.0,15.9,1015.3,423.5,Environmental IoT
2024-04-12,Karachi,24.8607,67.0011,28.4,80.9,5.4,26.8,1008.9,420.3,Environmental IoT
2024-04-12,Lahore,31.5204,74.3587,28.3,63.6,2.0,16.9,1014.7,426.3,Environmental IoT
2024-04-12,Islamabad,33.6844,73.0479,23.6,58.9,1.9,26.8,1013.1,405.1,Environmental IoT
2024-04-12,Peshawar,34.0151,71.5249,22.6,63.4,3.7,11.8,1016.6,413.8,Satellite Telemetry
2024-04-12,Quetta,30.1798,66.975,18.3,46.4,3.5,17.0,1019.4,399.8,Sensor Network
2024-04-12,Multan,30.1575,71.5249,29.8,50.8,5.1,23.8,1013.3,419.7,Satellite Telemetry
2024-04-12,Hyderabad,25.396,68.3578,30.8,72.9,3.7,19.2,1014.8,415.8,Weather Station
2024-04-12,Faisalabad,31.4504,73.135,26.6,64.5,4.9,10.1,1010.3,425.5,Weather Station
2024-04-13,Karachi,24.8607,67.0011,31.7,81.4,0.0,19.2,1011.7,421.6,Satellite Telemetry
2024-04-13,Lahore,31.5204,74.3587,28.0,66.0,6.7,15.2,1012.2,421.5,Weather Station
2024-04-13,Islamabad,33.6844,73.0479,22.2,58.2,2.3,15.5,1014.6,408.9,Weather Station
2024-04-13,Peshawar,34.0151,71.5249,24.5,58.7,1.6,12.0,1016.2,410.5,Weather Station
2024-04-13,Quetta,30.1798,66.975,17.4,44.3,1.2,12.8,1019.7,400.8,Weather Station
2024-04-13,Multan,30.1575,71.5249,30.3,54.9,0.0,22.2,1013.7,421.2,Satellite Telemetry
2024-04-13,Hyderabad,25.396,68.3578,28.9,76.0,1.7,16.4,1014.4,413.3,Environmental IoT
2024-04-13,Faisalabad,31.4504,73.135,29.3,64.6,3.0,19.8,1014.3,423.2,Weather Station
2024-04-14,Karachi,24.8607,67.0011,28.5,76.3,1.6,25.8,1010.3,420.0,Satellite Telemetry
2024-04-14,Lahore,31.5204,74.3587,27.7,65.3,4.1,17.3,1014.6,422.0,Satellite Telemetry
2024-04-14,Islamabad,33.6844,73.0479,20.4,58.1,1.7,22.0,1014.3,409.3,Environmental IoT
2024-04-14,Peshawar,34.0151,71.5249,24.7,61.6,7.0,21.4,1012.6,409.0,Environmental IoT
2024-04-14,Quetta,30.1798,66.975,17.6,48.5,0.0,23.1,1020.0,398.7,Satellite Telemetry
2024-04-14,Multan,30.1575,71.5249,29.2,52.7,4.8,11.6,1012.5,419.2,Environmental IoT
2024-04-14,Hyderabad,25.396,68.3578,29.0,74.1,0.6,21.6,1010.9,417.0,Satellite Telemetry
2024-04-14,Faisalabad,31.4504,73.135,26.6,58.4,1.9,22.5,1013.2,426.2,Sensor Network
2024-04-15,Karachi,24.8607,67.0011,30.3,83.6,1.2,21.6,1011.5,419.6,Environmental IoT
2024-04-15,Lahore,31.5204,74.3587,27.2,68.2,2.6,25.8,1016.4,423.2,Environmental IoT
2024-04-15,Islamabad,33.6844,73.0479,20.2,63.3,5.8,18.6,1014.1,405.4,Weather Station
2024-04-15,Peshawar,34.0151,71.5249,23.8,60.3,0.0,21.1,1014.1,413.1,Environmental IoT
2024-04-15,Quetta,30.1798,66.975,19.5,48.7,3.7,25.0,1020.1,396.6,Satellite Telemetry
2024-04-15,Multan,30.1575,71.5249,30.0,56.6,0.0,17.7,1009.9,418.8,Environmental IoT
2024-04-15,Hyderabad,25.396,68.3578,29.8,76.3,1.2,23.5,1012.0,414.9,Environmental IoT
2024-04-15,Faisalabad,31.4504,73.135,28.5,61.5,3.3,26.9,1011.5,426.9,Satellite Telemetry
2024-04-16,Karachi,24.8607,67.0011,28.6,83.7,1.1,18.7,1009.0,421.6,Satellite Telemetry
2024-04-16,Lahore,31.5204,74.3587,26.7,66.8,6.2,26.9,1016.5,425.8,Environmental IoT
2024-04-16,Islamabad,33.6844,73.0479,21.4,60.9,6.2,22.2,1013.6,409.2,Sensor Network
2024-04-16,Peshawar,34.0151,71.5249,25.8,58.5,5.8,26.0,1017.1,410.3,Environmental IoT
2024-04-16,Quetta,30.1798,66.975,16.1,45.2,2.8,23.5,1018.3,401.0,Weather Station
2024-04-16,Multan,30.1575,71.5249,32.4,52.8,4.4,18.1,1010.7,424.6,Sensor Network
2024-04-16,Hyderabad,25.396,68.3578,30.4,76.7,0.0,23.9,1011.7,416.9,Weather Station
2024-04-16,Faisalabad,31.4504,73.135,28.1,61.5,5.7,22.9,1011.2,427.4,Satellite Telemetry
2024-04-17,Karachi,24.8607,67.0011,29.7,75.8,1.7,23.5,1013.1,419.6,Satellite Telemetry
2024-04-17,Lahore,31.5204,74.3587,28.8,67.9,5.2,25.2,1012.9,423.4,Satellite Telemetry
2024-04-17,Islamabad,33.6844,73.0479,21.4,63.9,6.9,18.9,1014.0,406.6,Environmental IoT
2024-04-17,Peshawar,34.0151,71.5249,23.8,59.6,4.9,22.3,1016.2,413.7,Environmental IoT
2024-04-17,Quetta,30.1798,66.975,19.5,43.6,1.4,12.2,1021.0,397.7,Satellite Telemetry
2024-04-17,Multan,30.1575,71.5249,31.4,55.0,0.0,16.6,1010.2,420.7,Environmental IoT
2024-04-17,Hyderabad,25.396,68.3578,28.3,77.8,2.3,12.1,1013.1,416.3,Sensor Network
2024-04-17,Faisalabad,31.4504,73.135,26.8,60.8,6.3,17.8,1015.8,426.0,Environmental IoT
2024-04-18,Karachi,24.8607,67.0011,28.0,82.1,3.7,14.2,1009.5,420.8,Sensor Network
2024-04-18,Lahore,31.5204,74.3587,28.5,67.4,1.7,19.3,1011.7,426.0,Sensor Network
2024-04-18,Islamabad,33.6844,73.0479,20.4,58.6,5.6,11.9,1013.9,407.9,Weather Station
2024-04-18,Peshawar,34.0151,71.5249,25.6,58.5,2.1,20.2,1012.6,413.0,Weather Station
2024-04-18,Quetta,30.1798,66.975,19.8,40.6,0.0,19.9,1020.9,399.0,Sensor Network
2024-04-18,Multan,30.1575,71.5249,30.4,60.4,4.0,27.7,1014.5,418.7,Weather Station
2024-04-18,Hyderabad,25.396,68.3578,30.9,74.6,0.1,17.1,1014.3,418.3,Sensor Network
2024-04-18,Faisalabad,31.4504,73.135,27.6,57.7,0.5,20.0,1013.2,426.5,Environmental IoT
2024-04-19,Karachi,24.8607,67.0011,29.4,80.1,0.0,14.3,1008.3,418.6,Satellite Telemetry
2024-04-19,Lahore,31.5204,74.3587,28.8,67.2,2.9,12.3,1011.1,425.6,Sensor Network
2024-04-19,Islamabad,33.6844,73.0479,23.1,57.7,8.5,21.5,1018.4,405.5,Environmental IoT
2024-04-19,Peshawar,34.0151,71.5249,24.8,56.4,5.6,18.1,1012.8,412.4,Sensor Network
2024-04-19,Quetta,30.1798,66.975,19.3,43.6,0.0,22.1,1020.1,398.3,Sensor Network
2024-04-19,Multan,30.1575,71.5249,31.9,56.3,3.6,27.9,1012.7,421.3,Satellite Telemetry
2024-04-19,Hyderabad,25.396,68.3578,30.2,79.1,0.0,12.0,1011.1,413.2,Sensor Network
2024-04-19,Faisalabad,31.4504,73.135,27.6,59.9,5.8,19.3,1014.8,423.2,Environmental IoT
2024-04-20,Karachi,24.8607,67.0011,29.8,79.9,3.0,23.7,1012.7,422.1,Environmental IoT
2024-04-20,Lahore,31.5204,74.3587,27.5,61.7,4.6,18.5,1012.1,425.0,Environmental IoT
2024-04-20,Islamabad,33.6844,73.0479,23.7,60.7,3.6,14.4,1014.4,404.5,Satellite Telemetry
2024-04-20,Peshawar,34.0151,71.5249,23.2,62.9,5.0,26.0,1016.7,411.4,Weather Station
2024-04-20,Quetta,30.1798,66.975,17.3,46.3,4.0,23.9,1017.7,402.4,Sensor Network
2024-04-20,Multan,30.1575,71.5249,31.3,55.7,3.2,23.1,1009.8,420.4,Weather Station
2024-04-20,Hyderabad,25.396,68.3578,27.4,79.0,5.9,24.9,1011.3,412.8,Sensor Network
2024-04-20,Faisalabad,31.4504,73.135,26.5,66.5,5.9,25.4,1010.3,424.7,Weather Station
2024-04-21,Karachi,24.8607,67.0011,29.7,79.5,5.3,14.3,1009.8,417.5,Weather Station
2024-04-21,Lahore,31.5204,74.3587,28.5,63.2,0.7,25.7,1015.8,423.8,Weather Station
2024-04-21,Islamabad,33.6844,73.0479,21.8,56.7,6.8,28.0,1018.9,407.8,Weather Station
2024-04-21,Peshawar,34.0151,71.5249,25.8,57.8,6.9,25.9,1015.9,410.1,Environmental IoT
2024-04-21,Quetta,30.1798,66.975,17.1,48.9,0.0,20.1,1021.6,398.1,Satellite Telemetry
2024-04-21,Multan,30.1575,71.5249,32.5,51.6,0.0,10.0,1009.3,423.4,Satellite Telemetry
2024-04-21,Hyderabad,25.396,68.3578,28.9,74.7,5.9,19.6,1013.9,413.8,Environmental IoT
2024-04-21,Faisalabad,31.4504,73.135,27.1,65.9,2.7,22.0,1014.6,425.7,Sensor Network
2024-04-22,Karachi,24.8607,67.0011,29.5,79.0,1.9,23.0,1009.8,417.9,Sensor Network
2024-04-22,Lahore,31.5204,74.3587,25.9,63.3,2.1,12.4,1016.0,426.4,Weather Station
2024-04-22,Islamabad,33.6844,73.0479,23.3,60.4,3.6,14.9,1016.3,409.4,Satellite Telemetry
2024-04-22,Peshawar,34.0151,71.5249,25.1,61.0,1.9,21.4,1016.0,413.1,Weather Station
2024-04-22,Quetta,30.1798,66.975,16.6,45.5,4.1,23.3,1016.2,399.5,Environmental IoT
2024-04-22,Multan,30.1575,71.5249,32.3,54.9,0.6,18.4,1014.6,423.5,Satellite Telemetry
2024-04-22,Hyderabad,25.396,68.3578,30.1,74.0,0.1,26.7,1013.9,418.4,Sensor Network
2024-04-22,Faisalabad,31.4504,73.135,28.6,64.0,0.0,21.2,1011.0,423.6,Sensor Network
2024-04-23,Karachi,24.8607,67.0011,29.5,78.2,0.0,22.8,1010.5,420.6,Environmental IoT
2024-04-23,Lahore,31.5204,74.3587,25.1,68.6,0.4,18.6,1013.4,426.5,Environmental IoT
2024-04-23,Islamabad,33.6844,73.0479,21.0,58.9,9.4,20.0,1015.6,403.9,Environmental IoT
2024-04-23,Peshawar,34.0151,71.5249,24.7,59.1,1.3,14.0,1013.7,408.8,Weather Station
2024-04-23,Quetta,30.1798,66.975,19.3,47.2,2.8,14.6,1018.5,400.3,Sensor Network
2024-04-23,Multan,30.1575,71.5249,31.0,58.9,3.3,19.4,1013.3,420.9,Sensor Network
2024-04-23,Hyderabad,25.396,68.3578,27.4,76.2,0.8,13.4,1009.7,415.3,Environmental IoT
2024-04-23,Faisalabad,31.4504,73.135,28.1,61.4,6.4,20.1,1010.1,428.6,Environmental IoT
2024-04-24,Karachi,24.8607,67.0011,30.1,82.6,3.0,26.3,1010.0,419.1,Environmental IoT
2024-04-24,Lahore,31.5204,74.3587,25.0,63.7,2.2,15.0,1012.9,424.2,Weather Station
2024-04-24,Islamabad,33.6844,73.0479,21.7,63.9,2.8,17.3,1013.0,407.9,Environmental IoT
2024-04-24,Peshawar,34.0151,71.5249,22.8,63.3,0.7,19.9,1015.0,412.9,Environmental IoT
2024-04-24,Quetta,30.1798,66.975,17.2,42.3,1.4,18.9,1016.1,398.5,Sensor Network
2024-04-24,Multan,30.1575,71.5249,30.6,58.3,4.3,13.0,1012.7,424.6,Weather Station
2024-04-24,Hyderabad,25.396,68.3578,29.6,79.9,2.8,10.3,1014.7,415.7,Sensor Network
2024-04-24,Faisalabad,31.4504,73.135,27.4,65.5,6.6,13.5,1010.7,427.0,Sensor Network
2024-04-25,Karachi,24.8607,67.0011,31.1,76.0,0.0,10.0,1010.5,420.2,Environmental IoT
2024-04-25,Lahore,31.5204,74.3587,25.7,68.0,6.5,16.4,1016.9,420.9,Sensor Network
2024-04-25,Islamabad,33.6844,73.0479,22.2,59.2,9.1,24.5,1015.4,406.6,Environmental IoT
2024-04-25,Peshawar,34.0151,71.5249,24.3,58.4,5.3,26.7,1015.6,409.1,Sensor Network
2024-04-25,Quetta,30.1798,66.975,18.3,44.5,1.5,19.4,1016.9,398.7,Satellite Telemetry
2024-04-25,Multan,30.1575,71.5249,29.6,52.6,2.8,10.1,1012.9,422.6,Environmental IoT
2024-04-25,Hyderabad,25.396,68.3578,28.9,74.9,3.1,23.6,1014.7,415.8,Satellite Telemetry
2024-04-25,Faisalabad,31.4504,73.135,28.2,58.7,0.0,19.5,1013.5,427.3,Weather Station
2024-04-26,Karachi,24.8607,67.0011,29.2,85.0,5.1,12.4,1012.6,419.1,Sensor Network
2024-04-26,Lahore,31.5204,74.3587,25.6,69.9,3.9,19.0,1016.6,425.5,Environmental IoT
2024-04-26,Islamabad,33.6844,73.0479,21.6,63.1,3.8,12.3,1015.9,409.3,Satellite Telemetry
2024-04-26,Peshawar,34.0151,71.5249,23.0,62.9,6.2,22.6,1016.4,413.6,Environmental IoT
2024-04-26,Quetta,30.1798,66.975,19.6,40.7,3.0,25.2,1020.2,398.5,Satellite Telemetry
2024-04-26,Multan,30.1575,71.5249,30.0,59.2,3.0,11.0,1011.5,421.6,Weather Station
2024-04-26,Hyderabad,25.396,68.3578,31.0,73.2,4.9,20.0,1011.9,416.7,Environmental IoT
2024-04-26,Faisalabad,31.4504,73.135,29.7,58.5,6.0,10.7,1011.0,423.5,Environmental IoT
2024-04-27,Karachi,24.8607,67.0011,28.9,84.9,0.0,18.0,1011.9,421.9,Sensor Network
2024-04-27,Lahore,31.5204,74.3587,25.3,66.4,6.9,11.1,1012.3,425.7,Satellite Telemetry
2024-04-27,Islamabad,33.6844,73.0479,20.4,63.0,5.7,10.6,1014.0,407.6,Environmental IoT
2024-04-27,Peshawar,34.0151,71.5249,22.8,54.6,3.7,14.4,1016.8,409.4,Environmental IoT
2024-04-27,Quetta,30.1798,66.975,18.7,48.9,0.0,11.3,1021.8,401.5,Satellite Telemetry
2024-04-27,Multan,30.1575,71.5249,30.8,58.6,3.0,13.4,1010.8,423.3,Satellite Telemetry
2024-04-27,Hyderabad,25.396,68.3578,28.8,73.9,1.2,26.1,1010.5,413.3,Satellite Telemetry
2024-04-27,Faisalabad,31.4504,73.135,28.7,61.0,0.3,27.7,1013.3,423.7,Weather Station
2024-04-28,Karachi,24.8607,67.0011,28.0,82.4,0.0,15.3,1009.4,416.8,Weather Station
2024-04-28,Lahore,31.5204,74.3587,28.3,65.2,6.7,25.5,1015.4,422.8,Sensor Network
2024-04-28,Islamabad,33.6844,73.0479,23.6,63.4,3.5,17.7,1013.1,406.3,Satellite Telemetry
2024-04-28,Peshawar,34.0151,71.5249,22.1,55.2,2.3,27.4,1013.3,413.6,Weather Station
2024-04-28,Quetta,30.1798,66.975,17.3,49.3,0.0,11.4,1018.7,400.8,Environmental IoT
2024-04-28,Multan,30.1575,71.5249,30.1,58.2,3.4,13.4,1013.9,421.8,Environmental IoT
2024-04-28,Hyderabad,25.396,68.3578,29.1,77.4,3.0,17.5,1011.6,417.4,Environmental IoT
2024-04-28,Faisalabad,31.4504,73.135,26.1,65.5,4.4,20.9,1013.4,428.6,Environmental IoT
2024-04-29,Karachi,24.8607,67.0011,29.1,81.1,0.8,24.3,1012.0,417.7,Environmental IoT
2024-04-29,Lahore,31.5204,74.3587,28.4,67.3,7.0,17.1,1011.1,421.6,Satellite Telemetry
2024-04-29,Islamabad,33.6844,73.0479,22.4,65.5,3.9,22.9,1018.7,407.3,Satellite Telemetry
2024-04-29,Peshawar,34.0151,71.5249,23.5,56.0,7.0,24.0,1015.2,414.4,Environmental IoT
2024-04-29,Quetta,30.1798,66.975,19.1,44.8,3.0,27.8,1018.9,402.1,Environmental IoT
2024-04-29,Multan,30.1575,71.5249,29.6,57.0,4.8,27.9,1012.7,423.7,Weather Station
2024-04-29,Hyderabad,25.396,68.3578,30.6,74.5,2.9,20.2,1014.9,418.5,Sensor Network
2024-04-29,Faisalabad,31.4504,73.135,29.1,64.9,0.0,13.8,1010.2,423.8,Weather Station
2024-04-30,Karachi,24.8607,67.0011,31.9,82.5,0.0,10.0,1008.6,421.1,Environmental IoT
2024-04-30,Lahore,31.5204,74.3587,26.2,96.0,142.0,19.7,1012.6,422.8,Weather Station
2024-04-30,Islamabad,33.6844,73.0479,21.3,56.2,7.3,25.2,1017.7,409.5,Environmental IoT
2024-04-30,Peshawar,34.0151,71.5249,25.0,53.8,6.5,22.1,1014.4,409.2,Sensor Network
2024-04-30,Quetta,30.1798,66.975,17.0,45.4,0.1,10.1,1019.6,399.7,Sensor Network
2024-04-30,Multan,30.1575,71.5249,29.0,60.3,1.8,15.8,1013.3,423.8,Satellite Telemetry
2024-04-30,Hyderabad,25.396,68.3578,28.9,72.9,5.4,19.5,1012.7,415.0,Sensor Network
2024-04-30,Faisalabad,31.4504,73.135,28.6,65.0,0.2,17.8,1011.0,423.9,Satellite Telemetry
2024-05-01,Karachi,24.8607,67.0011,34.4,84.3,0.1,14.3,1014.0,421.1,Weather Station
2024-05-01,Lahore,31.5204,74.3587,31.3,64.1,0.5,25.6,1014.7,422.0,Weather Station
2024-05-01,Islamabad,33.6844,73.0479,25.7,58.1,2.6,12.5,1015.7,405.8,Weather Station
2024-05-01,Peshawar,34.0151,71.5249,27.2,59.7,3.3,13.5,1014.8,412.8,Weather Station
2024-05-01,Quetta,30.1798,66.975,21.1,49.2,3.7,27.9,1016.4,400.6,Environmental IoT
2024-05-01,Multan,30.1575,71.5249,35.9,61.7,1.6,17.4,1013.4,419.5,Satellite Telemetry
2024-05-01,Hyderabad,25.396,68.3578,33.2,75.6,0.9,10.3,1013.6,414.1,Sensor Network
2024-05-01,Faisalabad,31.4504,73.135,33.4,60.1,2.7,13.6,1013.0,423.8,Satellite Telemetry
2024-05-02,Karachi,24.8607,67.0011,34.3,80.8,0.0,11.3,1013.8,418.0,Satellite Telemetry
2024-05-02,Lahore,31.5204,74.3587,32.0,66.9,7.5,26.9,1011.8,423.2,Weather Station
2024-05-02,Islamabad,33.6844,73.0479,27.2,62.9,6.0,15.2,1018.8,404.6,Weather Station
2024-05-02,Peshawar,34.0151,71.5249,27.1,60.8,4.3,25.1,1013.7,410.9,Weather Station
2024-05-02,Quetta,30.1798,66.975,22.1,44.6,0.0,26.4,1019.5,397.3,Satellite Telemetry
2024-05-02,Multan,30.1575,71.5249,34.5,54.6,0.7,15.8,1009.8,424.2,Environmental IoT
2024-05-02,Hyderabad,25.396,68.3578,31.5,78.9,4.1,11.4,1014.0,414.6,Weather Station
2024-05-02,Faisalabad,31.4504,73.135,33.4,65.0,5.0,26.1,1014.4,425.6,Weather Station
2024-05-03,Karachi,24.8607,67.0011,32.5,85.7,0.0,13.0,1009.9,417.2,Environmental IoT
2024-05-03,Lahore,31.5204,74.3587,29.7,63.5,0.5,15.2,1012.3,425.2,Weather Station
2024-05-03,Islamabad,33.6844,73.0479,24.0,62.5,3.7,12.7,1017.7,407.7,Satellite Telemetry
2024-05-03,Peshawar,34.0151,71.5249,28.4,56.3,2.2,16.9,1013.4,411.2,Weather Station
2024-05-03,Quetta,30.1798,66.975,20.8,52.5,3.5,22.0,1021.9,397.0,Environmental IoT
2024-05-03,Multan,30.1575,71.5249,33.7,58.2,2.7,16.5,1012.6,424.8,Environmental IoT
2024-05-03,Hyderabad,25.396,68.3578,33.4,78.1,4.6,17.6,1011.6,415.5,Sensor Network
2024-05-03,Faisalabad,31.4504,73.135,33.9,65.8,4.7,26.4,1014.3,428.6,Satellite Telemetry
2024-05-04,Karachi,24.8607,67.0011,35.7,87.1,1.4,18.3,1008.3,417.4,Sensor Network
2024-05-04,Lahore,31.5204,74.3587,31.7,66.3,3.3,24.5,1014.7,426.2,Environmental IoT
2024-05-04,Islamabad,33.6844,73.0479,24.7,65.8,9.1,16.9,1018.9,409.1,Weather Station
2024-05-04,Peshawar,34.0151,71.5249,27.8,60.8,4.7,24.4,1013.3,414.7,Environmental IoT
2024-05-04,Quetta,30.1798,66.975,22.1,46.8,2.7,23.6,1017.0,397.4,Weather Station
2024-05-04,Multan,30.1575,71.5249,35.4,55.3,0.0,26.6,1009.4,423.0,Sensor Network
2024-05-04,Hyderabad,25.396,68.3578,34.2,73.1,2.2,12.2,1011.9,417.3,Weather Station
2024-05-04,Faisalabad,31.4504,73.135,33.5,68.7,1.3,14.7,1015.1,424.9,Environmental IoT
2024-05-05,Karachi,24.8607,67.0011,35.8,84.5,3.5,19.8,1011.2,418.7,Satellite Telemetry
2024-05-05,Lahore,31.5204,74.3587,32.4,67.0,0.7,10.6,1011.6,424.6,Satellite Telemetry
2024-05-05,Islamabad,33.6844,73.0479,27.0,61.8,2.5,23.9,1016.6,408.4,Satellite Telemetry
2024-05-05,Peshawar,34.0151,71.5249,27.3,61.7,1.5,15.1,1013.8,414.0,Weather Station
2024-05-05,Quetta,30.1798,66.975,21.2,49.9,0.0,27.8,1016.6,398.1,Environmental IoT
2024-05-05,Multan,30.1575,71.5249,35.3,54.6,0.0,17.4,1014.3,422.4,Satellite Telemetry
2024-05-05,Hyderabad,25.396,68.3578,33.3,74.2,4.9,18.9,1011.7,414.8,Sensor Network
2024-05-05,Faisalabad,31.4504,73.135,33.6,67.4,3.7,21.4,1011.6,428.1,Sensor Network
2024-05-06,Karachi,24.8607,67.0011,32.9,82.1,3.2,13.5,1013.2,420.7,Satellite Telemetry
2024-05-06,Lahore,31.5204,74.3587,31.3,70.4,5.0,21.3,1014.3,425.1,Environmental IoT
2024-05-06,Islamabad,33.6844,73.0479,27.7,58.9,3.4,19.9,1017.2,407.3,Sensor Network
2024-05-06,Peshawar,34.0151,71.5249,28.9,58.1,0.0,20.4,1014.5,412.9,Weather Station
2024-05-06,Quetta,30.1798,66.975,20.0,43.9,1.8,18.4,1016.5,399.3,Weather Station
2024-05-06,Multan,30.1575,71.5249,35.8,53.5,0.0,14.3,1010.7,419.0,Weather Station
2024-05-06,Hyderabad,25.396,68.3578,35.0,76.0,2.5,19.7,1014.8,416.6,Weather Station
2024-05-06,Faisalabad,31.4504,73.135,31.3,64.1,2.9,27.2,1011.9,425.3,Satellite Telemetry
2024-05-07,Karachi,24.8607,67.0011,32.7,86.2,4.6,21.7,1013.5,420.1,Satellite Telemetry
2024-05-07,Lahore,31.5204,74.3587,32.9,68.3,7.3,12.4,1011.5,422.7,Satellite Telemetry
2024-05-07,Islamabad,33.6844,73.0479,27.4,58.3,7.4,12.9,1015.8,409.0,Satellite Telemetry
2024-05-07,Peshawar,34.0151,71.5249,29.8,62.8,1.3,25.3,1015.9,412.3,Satellite Telemetry
2024-05-07,Quetta,30.1798,66.975,22.4,48.4,0.5,20.5,1016.2,398.1,Environmental IoT
2024-05-07,Multan,30.1575,71.5249,35.1,53.5,0.8,26.4,1009.3,423.8,Weather Station
2024-05-07,Hyderabad,25.396,68.3578,33.9,81.3,3.2,12.3,1009.1,416.4,Sensor Network
2024-05-07,Faisalabad,31.4504,73.135,33.2,60.5,3.0,12.9,1014.5,424.4,Satellite Telemetry
2024-05-08,Karachi,24.8607,67.0011,36.0,84.6,0.7,22.0,1012.8,422.3,Satellite Telemetry
2024-05-08,Lahore,31.5204,74.3587,29.5,67.4,4.1,23.7,1015.7,426.5,Weather Station
2024-05-08,Islamabad,33.6844,73.0479,26.2,63.0,4.7,13.1,1018.8,404.4,Satellite Telemetry
2024-05-08,Peshawar,34.0151,71.5249,27.8,59.2,3.3,14.0,1013.1,410.1,Weather Station
2024-05-08,Quetta,30.1798,66.975,23.0,50.7,0.0,22.1,1021.0,401.7,Sensor Network
2024-05-08,Multan,30.1575,71.5249,34.3,53.2,0.0,19.8,1010.9,422.8,Environmental IoT
2024-05-08,Hyderabad,25.396,68.3578,31.5,79.3,5.5,26.1,1013.0,414.8,Satellite Telemetry
2024-05-08,Faisalabad,31.4504,73.135,31.7,67.5,4.1,19.2,1015.0,425.4,Environmental IoT
2024-05-09,Karachi,24.8607,67.0011,32.3,84.0,5.5,24.1,1009.5,420.7,Environmental IoT
2024-05-09,Lahore,31.5204,74.3587,32.3,66.0,5.7,11.0,1012.6,426.4,Satellite Telemetry
2024-05-09,Islamabad,33.6844,73.0479,25.5,67.3,6.0,17.1,1018.8,408.0,Satellite Telemetry
2024-05-09,Peshawar,34.0151,71.5249,29.8,64.3,3.3,18.1,1012.1,412.2,Weather Station
2024-05-09,Quetta,30.1798,66.975,20.4,49.9,4.4,11.2,1018.3,399.2,Environmental IoT
2024-05-09,Multan,30.1575,71.5249,35.6,56.9,0.0,23.5,1009.1,420.0,Sensor Network
2024-05-09,Hyderabad,25.396,68.3578,33.0,79.1,0.4,27.8,1012.8,414.3,Weather Station
2024-05-09,Faisalabad,31.4504,73.135,33.4,65.6,0.0,25.6,1013.8,425.9,Sensor Network
2024-05-10,Karachi,24.8607,67.0011,33.6,86.4,3.4,25.0,1011.9,417.3,Environmental IoT
2024-05-10,Lahore,31.5204,74.3587,32.6,63.4,0.0,15.3,1013.1,425.5,Weather Station
2024-05-10,Islamabad,33.6844,73.0479,24.7,58.9,4.9,25.1,1014.3,407.1,Weather Station
2024-05-10,Peshawar,34.0151,71.5249,30.0,58.5,4.1,12.9,1014.3,412.4,Environmental IoT
2024-05-10,Quetta,30.1798,66.975,23.2,46.1,0.0,23.8,1017.4,400.7,Environmental IoT
2024-05-10,Multan,30.1575,71.5249,36.8,59.6,2.1,24.1,1011.4,423.4,Weather Station
2024-05-10,Hyderabad,25.396,68.3578,31.8,82.3,6.0,20.8,1014.2,416.1,Weather Station
2024-05-10,Faisalabad,31.4504,73.135,32.9,60.9,0.5,15.9,1011.3,425.0,Weather Station
2024-05-11,Karachi,24.8607,67.0011,33.1,84.5,2.7,25.5,1008.5,421.5,Satellite Telemetry
2024-05-11,Lahore,31.5204,74.3587,30.4,69.2,4.8,27.8,1015.5,422.1,Satellite Telemetry
2024-05-11,Islamabad,33.6844,73.0479,25.7,58.1,9.4,12.2,1018.2,406.4,Satellite Telemetry
2024-05-11,Peshawar,34.0151,71.5249,28.0,58.2,6.9,16.8,1017.2,412.1,Weather Station
2024-05-11,Quetta,30.1798,66.975,21.1,45.0,3.4,21.5,1017.6,401.5,Sensor Network
2024-05-11,Multan,30.1575,71.5249,34.1,62.8,5.1,15.0,1013.6,420.7,Environmental IoT
2024-05-11,Hyderabad,25.396,68.3578,32.7,80.2,0.8,21.0,1014.4,415.8,Weather Station
2024-05-11,Faisalabad,31.4504,73.135,33.5,64.5,2.2,14.5,1012.3,424.6,Environmental IoT
2024-05-12,Karachi,24.8607,67.0011,32.9,78.3,2.8,12.6,1010.0,419.3,Sensor Network
2024-05-12,Lahore,31.5204,74.3587,31.5,67.7,2.9,10.1,1015.0,422.0,Weather Station
2024-05-12,Islamabad,33.6844,73.0479,27.5,63.2,5.4,17.5,1015.9,408.9,Weather Station
2024-05-12,Peshawar,34.0151,71.5249,26.6,57.5,0.5,17.9,1012.0,411.5,Sensor Network
2024-05-12,Quetta,30.1798,66.975,20.9,51.8,3.8,13.4,1021.6,400.3,Sensor Network
2024-05-12,Multan,30.1575,71.5249,33.0,56.5,0.9,10.6,1012.7,420.9,Environmental IoT
2024-05-12,Hyderabad,25.396,68.3578,34.7,76.7,5.1,11.6,1012.3,414.5,Sensor Network
2024-05-12,Faisalabad,31.4504,73.135,30.3,68.2,1.4,12.3,1012.9,423.9,Weather Station
2024-05-13,Karachi,24.8607,67.0011,32.3,78.9,0.1,16.9,1011.7,421.6,Satellite Telemetry
2024-05-13,Lahore,31.5204,74.3587,30.4,66.4,5.3,21.1,1015.8,423.3,Weather Station
2024-05-13,Islamabad,33.6844,73.0479,26.9,66.3,3.2,20.8,1014.9,409.3,Weather Station
2024-05-13,Peshawar,34.0151,71.5249,27.7,57.1,5.3,23.8,1014.4,413.2,Weather Station
2024-05-13,Quetta,30.1798,66.975,20.8,47.8,1.6,24.6,1016.5,400.4,Weather Station
2024-05-13,Multan,30.1575,71.5249,34.7,61.7,5.2,25.1,1014.0,421.7,Sensor Network
2024-05-13,Hyderabad,25.396,68.3578,34.1,80.8,5.8,22.0,1011.4,414.2,Satellite Telemetry
2024-05-13,Faisalabad,31.4504,73.135,33.4,65.0,3.1,11.9,1014.7,428.7,Sensor Network
2024-05-14,Karachi,24.8607,67.0011,35.7,81.1,1.6,23.8,1009.8,418.6,Satellite Telemetry
2024-05-14,Lahore,31.5204,74.3587,32.9,70.1,3.4,25.8,1014.5,426.5,Satellite Telemetry
2024-05-14,Islamabad,33.6844,73.0479,24.3,60.4,8.0,14.9,1018.3,407.5,Environmental IoT
2024-05-14,Peshawar,34.0151,71.5249,29.0,59.2,4.3,19.9,1017.6,414.9,Environmental IoT
2024-05-14,Quetta,30.1798,66.975,22.5,50.8,5.0,10.6,1016.1,400.8,Weather Station
2024-05-14,Multan,30.1575,71.5249,34.6,54.3,2.8,10.8,1009.4,421.4,Weather Station
2024-05-14,Hyderabad,25.396,68.3578,31.0,76.0,4.2,23.9,1012.8,415.2,Weather Station
2024-05-14,Faisalabad,31.4504,73.135,33.0,62.9,4.6,25.7,1013.7,426.7,Satellite Telemetry
2024-05-15,Karachi,24.8607,67.0011,32.9,80.9,0.3,23.6,1011.5,418.2,Weather Station
2024-05-15,Lahore,31.5204,74.3587,32.0,69.6,3.2,26.6,1015.3,427.0,Sensor Network
2024-05-15,Islamabad,33.6844,73.0479,24.2,66.0,4.4,13.3,1015.6,404.4,Sensor Network
2024-05-15,Peshawar,34.0151,71.5249,28.6,57.2,6.4,13.0,1016.5,409.7,Sensor Network
2024-05-15,Quetta,30.1798,66.975,20.7,46.9,0.0,15.9,1020.3,398.5,Environmental IoT
2024-05-15,Multan,30.1575,71.5249,34.1,53.2,0.0,10.9,1014.2,420.2,Environmental IoT
2024-05-15,Hyderabad,25.396,68.3578,33.2,78.5,0.1,21.2,1013.4,413.2,Weather Station
2024-05-15,Faisalabad,31.4504,73.135,32.7,65.3,0.0,11.9,1015.2,427.3,Sensor Network
2024-05-16,Karachi,24.8607,67.0011,33.8,86.6,0.0,20.7,1009.8,421.1,Environmental IoT
2024-05-16,Lahore,31.5204,74.3587,31.3,68.8,3.4,13.5,1013.1,421.5,Environmental IoT
2024-05-16,Islamabad,33.6844,73.0479,26.0,67.9,9.1,13.4,1015.0,407.0,Environmental IoT
2024-05-16,Peshawar,34.0151,71.5249,26.5,65.9,5.0,17.9,1012.9,413.1,Environmental IoT
2024-05-16,Quetta,30.1798,66.975,22.2,47.2,5.0,11.7,1016.3,398.2,Satellite Telemetry
2024-05-16,Multan,30.1575,71.5249,34.9,60.4,2.3,12.8,1014.9,424.1,Environmental IoT
2024-05-16,Hyderabad,25.396,68.3578,34.4,75.9,4.7,14.5,1012.9,415.8,Weather Station
2024-05-16,Faisalabad,31.4504,73.135,30.7,60.5,2.7,20.1,1013.3,423.5,Sensor Network
2024-05-17,Karachi,24.8607,67.0011,33.2,83.7,4.6,13.0,1008.6,418.1,Weather Station
2024-05-17,Lahore,31.5204,74.3587,30.7,72.5,0.2,16.8,1015.4,426.6,Satellite Telemetry
2024-05-17,Islamabad,33.6844,73.0479,26.5,62.0,2.0,24.7,1017.0,407.2,Environmental IoT
2024-05-17,Peshawar,34.0151,71.5249,28.2,60.7,0.9,15.6,1017.9,410.9,Sensor Network
2024-05-17,Quetta,30.1798,66.975,24.0,45.5,2.1,19.6,1019.0,399.2,Environmental IoT
2024-05-17,Multan,30.1575,71.5249,35.3,58.9,0.5,23.9,1010.4,421.2,Sensor Network
2024-05-17,Hyderabad,25.396,68.3578,34.2,75.5,2.6,21.4,1009.2,416.4,Satellite Telemetry
2024-05-17,Faisalabad,31.4504,73.135,30.2,66.4,0.0,11.1,1011.1,423.8,Satellite Telemetry
2024-05-18,Karachi,24.8607,67.0011,33.1,82.0,4.6,11.5,1013.2,422.3,Satellite Telemetry
2024-05-18,Lahore,31.5204,74.3587,30.5,71.4,6.9,14.2,1015.6,423.5,Sensor Network
2024-05-18,Islamabad,33.6844,73.0479,24.2,60.9,8.7,23.2,1018.7,405.6,Weather Station
2024-05-18,Peshawar,34.0151,71.5249,28.3,65.1,5.1,10.2,1017.0,414.7,Environmental IoT
2024-05-18,Quetta,30.1798,66.975,23.6,43.8,2.2,10.3,1016.6,401.5,Environmental IoT
2024-05-18,Multan,30.1575,71.5249,33.9,55.2,1.2,21.8,1012.8,420.6,Environmental IoT
2024-05-18,Hyderabad,25.396,68.3578,32.8,76.2,2.1,25.2,1012.9,414.3,Satellite Telemetry
2024-05-18,Faisalabad,31.4504,73.135,32.0,66.7,2.9,26.4,1013.4,426.3,Satellite Telemetry
2024-05-19,Karachi,24.8607,67.0011,32.8,87.9,2.9,16.7,1012.8,418.5,Sensor Network
2024-05-19,Lahore,31.5204,74.3587,31.3,63.4,7.5,18.1,1015.0,421.8,Satellite Telemetry
2024-05-19,Islamabad,33.6844,73.0479,25.9,61.9,3.6,23.5,1014.2,406.9,Satellite Telemetry
2024-05-19,Peshawar,34.0151,71.5249,28.0,59.0,0.2,24.7,1017.0,410.1,Sensor Network
2024-05-19,Quetta,30.1798,66.975,22.0,44.3,0.0,11.7,1018.2,401.6,Weather Station
2024-05-19,Multan,30.1575,71.5249,33.3,56.3,0.0,14.1,1009.2,422.7,Weather Station
2024-05-19,Hyderabad,25.396,68.3578,31.5,78.1,3.5,18.9,1012.1,414.2,Weather Station
2024-05-19,Faisalabad,31.4504,73.135,32.3,68.9,3.0,18.2,1014.4,424.2,Sensor Network
2024-05-20,Karachi,24.8607,67.0011,34.1,87.3,2.4,21.2,1010.1,419.0,Weather Station
2024-05-20,Lahore,31.5204,74.3587,32.0,69.2,0.0,26.9,1012.4,426.0,Environmental IoT
2024-05-20,Islamabad,33.6844,73.0479,25.6,64.3,5.7,23.9,1018.3,405.3,Environmental IoT
2024-05-20,Peshawar,34.0151,71.5249,27.6,57.9,2.9,23.3,1012.5,411.6,Weather Station
2024-05-20,Quetta,30.1798,66.975,20.5,49.1,0.0,16.5,1019.9,399.0,Satellite Telemetry
2024-05-20,Multan,30.1575,71.5249,33.6,59.4,0.7,12.5,1011.9,420.3,Sensor Network
2024-05-20,Hyderabad,25.396,68.3578,34.0,76.4,2.3,14.5,1012.5,418.7,Weather Station
2024-05-20,Faisalabad,31.4504,73.135,33.2,69.4,0.0,21.0,1013.6,425.5,Weather Station
2024-05-21,Karachi,24.8607,67.0011,34.6,79.0,2.8,10.3,1010.3,422.4,Sensor Network
2024-05-21,Lahore,31.5204,74.3587,32.3,72.6,1.8,27.9,1012.8,424.1,Environmental IoT
2024-05-21,Islamabad,33.6844,73.0479,27.1,65.3,5.3,26.9,1013.7,405.4,Sensor Network
2024-05-21,Peshawar,34.0151,71.5249,28.4,64.4,1.7,13.5,1017.6,412.0,Satellite Telemetry
2024-05-21,Quetta,30.1798,66.975,22.8,48.3,0.0,15.8,1018.2,399.3,Satellite Telemetry
2024-05-21,Multan,30.1575,71.5249,34.5,60.5,5.3,13.8,1011.5,421.3,Weather Station
2024-05-21,Hyderabad,25.396,68.3578,31.1,83.0,0.5,15.6,1010.4,415.8,Satellite Telemetry
2024-05-21,Faisalabad,31.4504,73.135,30.7,63.1,5.2,17.6,1014.8,426.4,Sensor Network
2024-05-22,Karachi,24.8607,67.0011,33.6,78.5,0.7,20.2,1010.8,420.3,Satellite Telemetry
2024-05-22,Lahore,31.5204,74.3587,32.0,70.3,4.3,13.5,1014.8,422.8,Satellite Telemetry
2024-05-22,Islamabad,33.6844,73.0479,24.2,59.0,5.9,20.3,1018.0,408.6,Satellite Telemetry
2024-05-22,Peshawar,34.0151,71.5249,26.1,65.3,0.1,14.3,1013.8,409.1,Environmental IoT
2024-05-22,Quetta,30.1798,66.975,23.9,49.5,0.0,13.6,1017.0,401.8,Satellite Telemetry
2024-05-22,Multan,30.1575,71.5249,34.2,59.8,4.6,25.4,1010.0,419.2,Satellite Telemetry
2024-05-22,Hyderabad,25.396,68.3578,33.9,77.1,3.3,22.3,1010.0,415.1,Weather Station
2024-05-22,Faisalabad,31.4504,73.135,32.2,61.7,3.0,23.6,1010.1,423.7,Weather Station
2024-05-23,Karachi,24.8607,67.0011,33.8,83.9,3.7,14.0,1008.8,422.9,Weather Station
2024-05-23,Lahore,31.5204,74.3587,29.1,70.8,2.8,24.4,1011.5,422.2,Environmental IoT
2024-05-23,Islamabad,33.6844,73.0479,25.3,59.8,6.7,13.8,1014.3,405.1,Sensor Network
2024-05-23,Peshawar,34.0151,71.5249,27.0,64.8,2.0,10.7,1014.3,409.9,Satellite Telemetry
2024-05-23,Quetta,30.1798,66.975,23.7,52.6,2.1,23.4,1019.9,403.1,Weather Station
2024-05-23,Multan,30.1575,71.5249,36.5,61.9,0.0,11.3,1011.6,424.1,Environmental IoT
2024-05-23,Hyderabad,25.396,68.3578,32.9,81.7,0.0,13.7,1009.1,413.9,Sensor Network
2024-05-23,Faisalabad,31.4504,73.135,30.8,61.3,0.0,24.3,1014.8,428.4,Satellite Telemetry
2024-05-24,Karachi,24.8607,67.0011,33.3,80.5,2.7,10.3,1013.5,421.4,Sensor Network
2024-05-24,Lahore,31.5204,74.3587,32.8,63.0,4.0,27.2,1012.2,426.6,Satellite Telemetry
2024-05-24,Islamabad,33.6844,73.0479,24.3,64.1,4.6,23.8,1018.0,404.3,Sensor Network
2024-05-24,Peshawar,34.0151,71.5249,29.8,64.5,1.6,11.3,1015.9,410.2,Weather Station
2024-05-24,Quetta,30.1798,66.975,23.8,48.2,0.0,14.2,1021.4,397.2,Environmental IoT
2024-05-24,Multan,30.1575,71.5249,36.1,58.7,1.9,17.1,1012.0,423.7,Environmental IoT
2024-05-24,Hyderabad,25.396,68.3578,32.6,76.7,0.8,23.3,1011.1,419.0,Weather Station
2024-05-24,Faisalabad,31.4504,73.135,30.7,69.3,0.0,10.1,1013.0,427.0,Weather Station
2024-05-25,Karachi,24.8607,67.0011,32.7,84.1,1.4,16.0,1008.4,420.7,Satellite Telemetry
2024-05-25,Lahore,31.5204,74.3587,31.9,69.6,0.8,24.1,1013.1,421.3,Sensor Network
2024-05-25,Islamabad,33.6844,73.0479,24.6,66.7,7.3,27.0,1013.1,407.8,Satellite Telemetry
2024-05-25,Peshawar,34.0151,71.5249,28.1,61.4,0.1,11.1,1015.2,412.3,Environmental IoT
2024-05-25,Quetta,30.1798,66.975,22.5,52.0,2.5,13.3,1021.1,398.6,Satellite Telemetry
2024-05-25,Multan,30.1575,71.5249,33.4,59.3,4.9,21.2,1011.8,424.3,Sensor Network
2024-05-25,Hyderabad,25.396,68.3578,34.5,78.9,2.8,13.2,1010.2,417.6,Sensor Network
2024-05-25,Faisalabad,31.4504,73.135,32.1,68.2,4.1,25.3,1012.5,427.8,Satellite Telemetry
2024-05-26,Karachi,24.8607,67.0011,33.0,79.7,3.9,18.7,1009.3,422.4,Environmental IoT
2024-05-26,Lahore,31.5204,74.3587,29.3,71.0,4.7,23.4,1011.4,422.3,Satellite Telemetry
2024-05-26,Islamabad,33.6844,73.0479,27.9,59.6,4.6,14.6,1013.2,409.7,Satellite Telemetry
2024-05-26,Peshawar,34.0151,71.5249,29.4,63.8,0.2,14.4,1018.0,414.4,Satellite Telemetry
2024-05-26,Quetta,30.1798,66.975,20.8,49.0,0.6,15.5,1017.5,400.4,Weather Station
2024-05-26,Multan,30.1575,71.5249,36.0,61.1,2.8,22.7,1012.4,421.1,Weather Station
2024-05-26,Hyderabad,25.396,68.3578,33.7,75.4,0.0,13.0,1012.8,414.5,Satellite Telemetry
2024-05-26,Faisalabad,31.4504,73.135,33.7,68.4,4.8,20.6,1016.0,428.5,Environmental IoT
2024-05-27,Karachi,24.8607,67.0011,32.4,87.4,5.3,26.0,1011.3,417.4,Satellite Telemetry
2024-05-27,Lahore,31.5204,74.3587,29.3,71.0,7.4,14.1,1015.7,425.2,Satellite Telemetry
2024-05-27,Islamabad,33.6844,73.0479,25.0,62.6,9.3,20.1,1014.9,406.9,Sensor Network
2024-05-27,Peshawar,34.0151,71.5249,27.7,64.2,6.3,27.8,1016.7,411.3,Satellite Telemetry
2024-05-27,Quetta,30.1798,66.975,24.0,48.9,0.0,22.4,1018.0,402.7,Environmental IoT
2024-05-27,Multan,30.1575,71.5249,35.1,56.3,0.0,22.1,1010.4,425.0,Sensor Network
2024-05-27,Hyderabad,25.396,68.3578,32.4,73.9,0.0,13.5,1009.2,419.2,Weather Station
2024-05-27,Faisalabad,31.4504,73.135,33.3,65.5,2.6,17.7,1013.0,427.6,Satellite Telemetry
2024-05-28,Karachi,24.8607,67.0011,32.1,84.3,2.3,24.3,1008.8,417.9,Weather Station
2024-05-28,Lahore,31.5204,74.3587,31.1,68.9,6.0,17.7,1011.8,426.5,Weather Station
2024-05-28,Islamabad,33.6844,73.0479,26.1,65.5,9.1,15.3,1016.1,409.9,Satellite Telemetry
2024-05-28,Peshawar,34.0151,71.5249,27.3,56.7,5.0,22.8,1017.7,413.6,Weather Station
2024-05-28,Quetta,30.1798,66.975,22.5,43.7,0.8,18.3,1017.4,402.3,Satellite Telemetry
2024-05-28,Multan,30.1575,71.5249,33.4,54.9,0.0,11.4,1014.9,421.0,Sensor Network
2024-05-28,Hyderabad,25.396,68.3578,32.9,76.8,4.9,18.7,1012.3,418.1,Sensor Network
2024-05-28,Faisalabad,31.4504,73.135,31.7,64.6,0.1,22.0,1015.2,423.6,Sensor Network
2024-05-29,Karachi,24.8607,67.0011,35.9,82.1,1.6,17.7,1013.5,421.8,Sensor Network
2024-05-29,Lahore,31.5204,74.3587,32.0,63.5,0.0,10.3,1015.5,424.5,Weather Station
2024-05-29,Islamabad,33.6844,73.0479,27.0,59.2,8.3,21.0,1016.1,407.1,Weather Station
2024-05-29,Peshawar,34.0151,71.5249,26.9,61.6,1.5,15.6,1015.1,412.2,Sensor Network
2024-05-29,Quetta,30.1798,66.975,21.7,52.5,2.1,16.8,1020.7,397.8,Satellite Telemetry
2024-05-29,Multan,30.1575,71.5249,35.3,60.2,0.0,11.5,1010.5,421.1,Satellite Telemetry
2024-05-29,Hyderabad,25.396,68.3578,34.2,77.5,4.5,20.3,1014.7,413.7,Satellite Telemetry
2024-05-29,Faisalabad,31.4504,73.135,31.9,61.0,5.7,15.1,1010.9,423.7,Environmental IoT
2024-05-30,Karachi,24.8607,67.0011,33.1,82.7,2.2,12.8,1010.6,417.5,Environmental IoT
2024-05-30,Lahore,31.5204,74.3587,33.0,72.0,6.9,12.8,1016.5,423.0,Satellite Telemetry
2024-05-30,Islamabad,33.6844,73.0479,24.3,59.5,8.6,26.9,1017.2,408.4,Weather Station
2024-05-30,Peshawar,34.0151,71.5249,26.9,62.1,1.9,15.1,1013.6,411.5,Sensor Network
2024-05-30,Quetta,30.1798,66.975,21.7,52.9,0.0,17.6,1016.8,403.2,Environmental IoT
2024-05-30,Multan,30.1575,71.5249,36.8,58.4,0.0,17.6,1010.0,422.7,Satellite Telemetry
2024-05-30,Hyderabad,25.396,68.3578,32.1,73.4,3.5,21.4,1010.5,415.9,Weather Station
2024-05-30,Faisalabad,31.4504,73.135,31.6,60.9,3.6,27.1,1010.0,425.7,Weather Station
2024-05-31,Karachi,24.8607,67.0011,34.0,83.8,3.7,12.6,1009.3,422.4,Satellite Telemetry
2024-05-31,Lahore,31.5204,74.3587,31.0,68.9,1.7,23.4,1016.3,426.7,Environmental IoT
2024-05-31,Islamabad,33.6844,73.0479,25.8,59.4,2.9,27.6,1014.4,405.0,Sensor Network
2024-05-31,Peshawar,34.0151,71.5249,29.6,65.8,1.7,14.5,1014.0,413.7,Satellite Telemetry
2024-05-31,Quetta,30.1798,66.975,20.8,46.3,2.9,17.9,1020.9,401.7,Sensor Network
2024-05-31,Multan,30.1575,71.5249,35.6,53.8,0.0,27.5,1011.5,421.6,Satellite Telemetry
2024-05-31,Hyderabad,25.396,68.3578,31.7,76.0,2.3,15.9,1012.9,417.8,Sensor Network
2024-05-31,Faisalabad,31.4504,73.135,31.3,61.1,3.7,16.1,1015.7,427.8,Weather Station
2024-06-01,Karachi,24.8607,67.0011,38.7,83.8,1.0,15.8,1010.9,422.9,Sensor Network
2024-06-01,Lahore,31.5204,74.3587,35.2,69.3,1.8,22.4,1012.4,426.6,Environmental IoT
2024-06-01,Islamabad,33.6844,73.0479,30.3,64.0,2.3,14.1,1014.1,409.8,Weather Station
2024-06-01,Peshawar,34.0151,71.5249,30.5,59.9,1.6,18.5,1012.2,409.3,Weather Station
2024-06-01,Quetta,30.1798,66.975,23.8,45.8,0.0,16.7,1016.0,398.5,Sensor Network
2024-06-01,Multan,30.1575,71.5249,37.0,57.1,0.0,16.0,1013.2,424.2,Satellite Telemetry
2024-06-01,Hyderabad,25.396,68.3578,34.0,77.2,2.9,19.7,1015.0,415.9,Sensor Network
2024-06-01,Faisalabad,31.4504,73.135,35.4,71.4,1.0,18.7,1013.9,429.2,Weather Station
2024-06-02,Karachi,24.8607,67.0011,37.5,88.0,0.0,24.0,1008.5,422.0,Environmental IoT
2024-06-02,Lahore,31.5204,74.3587,35.7,73.7,5.9,27.5,1011.2,422.1,Environmental IoT
2024-06-02,Islamabad,33.6844,73.0479,30.9,62.1,5.1,17.0,1015.8,409.8,Sensor Network
2024-06-02,Peshawar,34.0151,71.5249,29.8,60.1,3.4,16.7,1012.9,413.7,Weather Station
2024-06-02,Quetta,30.1798,66.975,23.1,52.3,0.0,10.7,1019.0,399.2,Satellite Telemetry
2024-06-02,Multan,30.1575,71.5249,37.7,62.5,0.0,26.6,1010.9,420.8,Weather Station
2024-06-02,Hyderabad,25.396,68.3578,35.4,81.7,1.0,17.5,1011.0,414.3,Environmental IoT
2024-06-02,Faisalabad,31.4504,73.135,33.3,69.4,0.0,18.5,1012.8,426.4,Satellite Telemetry
2024-06-03,Karachi,24.8607,67.0011,37.7,84.4,4.4,14.0,1009.1,418.9,Environmental IoT
2024-06-03,Lahore,31.5204,74.3587,33.6,69.5,4.3,23.0,1011.7,423.0,Satellite Telemetry
2024-06-03,Islamabad,33.6844,73.0479,29.7,66.4,2.0,23.8,1017.6,405.4,Weather Station
2024-06-03,Peshawar,34.0151,71.5249,30.6,65.9,5.3,17.0,1015.5,411.0,Environmental IoT
2024-06-03,Quetta,30.1798,66.975,24.6,49.2,4.9,15.9,1017.4,397.4,Weather Station
2024-06-03,Multan,30.1575,71.5249,36.8,61.7,0.0,11.0,1010.5,424.7,Weather Station
2024-06-03,Hyderabad,25.396,68.3578,36.1,78.5,1.5,22.9,1011.2,418.1,Weather Station
2024-06-03,Faisalabad,31.4504,73.135,35.4,64.3,0.0,24.9,1010.0,428.9,Satellite Telemetry
2024-06-04,Karachi,24.8607,67.0011,37.2,84.1,4.6,20.4,1010.5,417.9,Satellite Telemetry
2024-06-04,Lahore,31.5204,74.3587,32.9,70.6,6.2,15.3,1011.5,426.5,Satellite Telemetry
2024-06-04,Islamabad,33.6844,73.0479,28.4,66.4,4.4,21.5,1013.9,409.8,Weather Station
2024-06-04,Peshawar,34.0151,71.5249,32.8,59.2,4.6,26.6,1015.0,414.5,Weather Station
2024-06-04,Quetta,30.1798,66.975,25.6,51.7,0.0,26.3,1018.2,398.5,Environmental IoT
2024-06-04,Multan,30.1575,71.5249,38.1,63.8,4.9,27.9,1013.8,421.3,Environmental IoT
2024-06-04,Hyderabad,25.396,68.3578,34.2,76.3,0.0,20.3,1010.1,416.4,Weather Station
2024-06-04,Faisalabad,31.4504,73.135,32.9,62.4,0.0,20.9,1011.9,428.1,Weather Station
2024-06-05,Karachi,24.8607,67.0011,37.8,82.5,1.6,22.1,1009.2,421.9,Weather Station
2024-06-05,Lahore,31.5204,74.3587,33.0,71.2,1.2,27.7,1012.1,423.4,Weather Station
2024-06-05,Islamabad,33.6844,73.0479,30.0,67.2,8.1,16.0,1017.4,408.3,Environmental IoT
2024-06-05,Peshawar,34.0151,71.5249,29.0,65.3,6.4,16.2,1014.7,415.3,Weather Station
2024-06-05,Quetta,30.1798,66.975,23.2,52.0,4.1,13.5,1016.6,402.8,Sensor Network
2024-06-05,Multan,30.1575,71.5249,39.3,56.5,0.0,10.9,1009.8,423.3,Environmental IoT
2024-06-05,Hyderabad,25.396,68.3578,37.7,79.5,1.6,14.1,1009.1,413.8,Weather Station
2024-06-05,Faisalabad,31.4504,73.135,35.4,64.8,6.6,20.6,1012.1,428.7,Weather Station
2024-06-06,Karachi,24.8607,67.0011,36.9,82.6,0.0,14.7,1009.6,421.5,Sensor Network
2024-06-06,Lahore,31.5204,74.3587,35.0,68.8,2.0,16.5,1014.6,423.3,Sensor Network
2024-06-06,Islamabad,33.6844,73.0479,28.9,66.2,2.5,21.5,1014.5,407.7,Satellite Telemetry
2024-06-06,Peshawar,34.0151,71.5249,32.9,61.2,0.2,18.4,1017.9,411.4,Weather Station
2024-06-06,Quetta,30.1798,66.975,26.6,47.9,0.4,14.1,1021.2,399.7,Satellite Telemetry
2024-06-06,Multan,30.1575,71.5249,39.7,57.7,2.5,21.7,1012.5,424.8,Sensor Network
2024-06-06,Hyderabad,25.396,68.3578,36.1,76.8,2.2,20.3,1009.2,415.0,Weather Station
2024-06-06,Faisalabad,31.4504,73.135,33.4,71.0,3.8,25.1,1015.5,425.8,Weather Station
2024-06-07,Karachi,24.8607,67.0011,34.9,89.3,0.0,27.5,1008.4,419.9,Satellite Telemetry
2024-06-07,Lahore,31.5204,74.3587,35.1,66.1,5.0,10.1,1015.5,422.0,Sensor Network
2024-06-07,Islamabad,33.6844,73.0479,29.0,68.2,6.4,27.4,1014.0,405.5,Sensor Network
2024-06-07,Peshawar,34.0151,71.5249,31.5,63.9,1.7,24.3,1017.6,414.6,Weather Station
2024-06-07,Quetta,30.1798,66.975,26.1,47.4,0.0,27.3,1016.7,397.5,Environmental IoT
2024-06-07,Multan,30.1575,71.5249,38.2,59.4,5.0,25.5,1012.1,420.7,Environmental IoT
2024-06-07,Hyderabad,25.396,68.3578,34.9,75.2,0.3,22.9,1014.9,417.5,Weather Station
2024-06-07,Faisalabad,31.4504,73.135,34.1,66.7,3.9,16.0,1014.4,427.8,Sensor Network
2024-06-08,Karachi,24.8607,67.0011,36.2,82.8,1.4,20.4,1011.9,417.8,Weather Station
2024-06-08,Lahore,31.5204,74.3587,35.9,71.5,6.3,26.4,1016.9,422.7,Satellite Telemetry
2024-06-08,Islamabad,33.6844,73.0479,27.5,63.3,5.3,24.6,1018.5,407.8,Satellite Telemetry
2024-06-08,Peshawar,34.0151,71.5249,32.6,67.2,6.6,23.1,1013.7,414.0,Satellite Telemetry
2024-06-08,Quetta,30.1798,66.975,25.8,53.6,0.0,27.7,1018.6,399.1,Weather Station
2024-06-08,Multan,30.1575,71.5249,39.7,59.7,2.3,13.3,1014.9,421.3,Weather Station
2024-06-08,Hyderabad,25.396,68.3578,37.5,81.5,5.8,24.8,1013.8,417.8,Satellite Telemetry
2024-06-08,Faisalabad,31.4504,73.135,34.4,71.3,0.2,14.6,1014.7,423.9,Weather Station
2024-06-09,Karachi,24.8607,67.0011,38.7,81.9,0.0,25.6,1011.6,421.6,Satellite Telemetry
2024-06-09,Lahore,31.5204,74.3587,34.6,73.1,6.2,18.4,1015.3,424.1,Weather Station
2024-06-09,Islamabad,33.6844,73.0479,27.5,65.2,3.3,24.0,1014.3,409.3,Sensor Network
2024-06-09,Peshawar,34.0151,71.5249,32.7,67.4,2.0,24.3,1015.3,413.0,Sensor Network
2024-06-09,Quetta,30.1798,66.975,24.6,50.4,3.2,14.2,1017.2,401.0,Environmental IoT
2024-06-09,Multan,30.1575,71.5249,39.8,56.0,2.0,24.6,1013.7,424.2,Weather Station
2024-06-09,Hyderabad,25.396,68.3578,37.8,76.0,5.5,25.2,1013.0,415.4,Sensor Network
2024-06-09,Faisalabad,31.4504,73.135,35.3,63.4,1.0,16.7,1014.1,426.1,Environmental IoT
2024-06-10,Karachi,24.8607,67.0011,38.6,83.0,5.3,13.6,1010.1,419.2,Environmental IoT
2024-06-10,Lahore,31.5204,74.3587,35.3,69.2,1.7,23.2,1012.9,425.6,Weather Station
2024-06-10,Islamabad,33.6844,73.0479,27.4,67.2,6.9,22.2,1015.9,407.0,Weather Station
2024-06-10,Peshawar,34.0151,71.5249,32.0,58.5,2.7,21.3,1012.9,413.7,Sensor Network
2024-06-10,Quetta,30.1798,66.975,25.9,50.0,1.7,20.9,1021.4,402.1,Environmental IoT
2024-06-10,Multan,30.1575,71.5249,39.3,62.3,0.0,23.9,1012.5,422.4,Sensor Network
2024-06-10,Hyderabad,25.396,68.3578,36.0,75.6,0.0,13.5,1009.5,413.8,Environmental IoT
2024-06-10,Faisalabad,31.4504,73.135,34.2,61.5,4.9,23.9,1011.0,427.9,Environmental IoT
2024-06-11,Karachi,24.8607,67.0011,35.7,87.4,0.0,20.8,1009.2,418.3,Sensor Network
2024-06-11,Lahore,31.5204,74.3587,32.4,64.7,5.8,19.0,1016.1,426.8,Weather Station
2024-06-11,Islamabad,33.6844,73.0479,28.9,66.5,2.3,14.2,1013.7,406.8,Environmental IoT
2024-06-11,Peshawar,34.0151,71.5249,31.9,64.5,5.4,13.2,1017.3,413.3,Satellite Telemetry
2024-06-11,Quetta,30.1798,66.975,25.2,45.3,4.3,12.0,1018.3,403.3,Sensor Network
2024-06-11,Multan,30.1575,71.5249,36.5,63.8,2.3,13.1,1013.6,422.4,Environmental IoT
2024-06-11,Hyderabad,25.396,68.3578,35.7,78.6,4.3,17.5,1014.1,415.2,Sensor Network
2024-06-11,Faisalabad,31.4504,73.135,36.8,69.4,3.9,26.3,1014.4,424.9,Weather Station
2024-06-12,Karachi,24.8607,67.0011,37.1,88.2,0.0,18.1,1013.7,420.7,Environmental IoT
2024-06-12,Lahore,31.5204,74.3587,33.3,65.7,3.4,10.2,1013.4,422.7,Environmental IoT
2024-06-12,Islamabad,33.6844,73.0479,28.1,68.8,5.0,16.7,1018.6,406.4,Weather Station
2024-06-12,Peshawar,34.0151,71.5249,31.9,63.3,6.1,18.4,1017.7,412.8,Satellite Telemetry
2024-06-12,Quetta,30.1798,66.975,23.9,54.1,0.0,18.0,1020.5,403.1,Satellite Telemetry
2024-06-12,Multan,30.1575,71.5249,37.8,54.6,0.1,27.2,1009.8,420.8,Satellite Telemetry
2024-06-12,Hyderabad,25.396,68.3578,37.9,76.8,1.2,24.6,1012.3,418.9,Weather Station
2024-06-12,Faisalabad,31.4504,73.135,36.8,70.7,0.5,27.7,1012.9,425.2,Weather Station
2024-06-13,Karachi,24.8607,67.0011,35.5,81.3,0.0,27.8,1009.7,419.1,Satellite Telemetry
2024-06-13,Lahore,31.5204,74.3587,35.2,67.9,7.3,12.9,1011.5,422.6,Sensor Network
2024-06-13,Islamabad,33.6844,73.0479,28.5,68.8,8.9,20.2,1017.1,404.6,Sensor Network
2024-06-13,Peshawar,34.0151,71.5249,32.6,63.5,4.9,14.2,1013.7,413.4,Weather Station
2024-06-13,Quetta,30.1798,66.975,25.8,45.1,0.0,11.6,1016.6,398.4,Sensor Network
2024-06-13,Multan,30.1575,71.5249,38.6,59.0,5.3,19.5,1014.8,422.8,Weather Station
2024-06-13,Hyderabad,25.396,68.3578,35.0,80.2,1.5,13.2,1013.8,415.8,Environmental IoT
2024-06-13,Faisalabad,31.4504,73.135,34.4,61.8,2.1,12.5,1012.5,428.7,Satellite Telemetry
2024-06-14,Karachi,24.8607,67.0011,35.7,84.9,4.2,12.3,1009.0,422.1,Weather Station
2024-06-14,Lahore,31.5204,74.3587,34.8,67.8,1.0,10.4,1014.9,422.6,Weather Station
2024-06-14,Islamabad,33.6844,73.0479,27.1,69.2,6.6,16.1,1014.0,407.4,Sensor Network
2024-06-14,Peshawar,34.0151,71.5249,32.0,61.4,0.0,24.0,1015.5,415.2,Satellite Telemetry
2024-06-14,Quetta,30.1798,66.975,25.1,46.1,0.0,18.1,1019.1,400.6,Satellite Telemetry
2024-06-14,Multan,30.1575,71.5249,38.1,59.7,2.7,23.5,1010.8,424.6,Sensor Network
2024-06-14,Hyderabad,25.396,68.3578,35.8,77.6,1.7,22.2,1013.4,416.5,Environmental IoT
2024-06-14,Faisalabad,31.4504,73.135,34.7,69.5,6.0,22.3,1010.1,429.4,Environmental IoT
2024-06-15,Karachi,24.8607,67.0011,35.4,85.8,4.7,16.6,1012.4,420.0,Environmental IoT
2024-06-15,Lahore,31.5204,74.3587,34.5,70.2,7.4,19.4,1015.0,427.4,Weather Station
2024-06-15,Islamabad,33.6844,73.0479,28.6,69.4,8.6,24.9,1017.2,405.6,Sensor Network
2024-06-15,Peshawar,34.0151,71.5249,31.5,64.7,0.0,11.8,1013.0,414.8,Sensor Network
2024-06-15,Quetta,30.1798,66.975,26.2,51.1,0.0,10.3,1021.5,398.9,Environmental IoT
2024-06-15,Multan,30.1575,71.5249,37.0,60.8,3.5,24.0,1010.3,424.8,Satellite Telemetry
2024-06-15,Hyderabad,25.396,68.3578,37.6,82.3,4.7,26.4,1013.3,415.3,Satellite Telemetry
2024-06-15,Faisalabad,31.4504,73.135,34.4,69.5,0.0,21.3,1010.9,426.7,Sensor Network
2024-06-16,Karachi,24.8607,67.0011,38.5,89.1,3.4,21.0,1011.0,418.9,Satellite Telemetry
2024-06-16,Lahore,31.5204,74.3587,33.2,65.4,6.9,26.0,1012.1,427.0,Sensor Network
2024-06-16,Islamabad,33.6844,73.0479,30.4,60.1,1.6,26.3,1017.5,405.2,Weather Station
2024-06-16,Peshawar,34.0151,71.5249,32.5,62.1,3.4,17.6,1013.4,414.0,Satellite Telemetry
2024-06-16,Quetta,30.1798,66.975,26.8,51.7,2.6,25.5,1021.7,401.1,Sensor Network
2024-06-16,Multan,30.1575,71.5249,36.6,57.3,0.6,20.3,1011.4,421.6,Weather Station
2024-06-16,Hyderabad,25.396,68.3578,37.4,82.7,1.5,27.4,1013.7,414.8,Satellite Telemetry
2024-06-16,Faisalabad,31.4504,73.135,33.2,64.5,0.0,14.6,1010.4,429.1,Satellite Telemetry
2024-06-17,Karachi,24.8607,67.0011,35.4,81.0,1.6,20.9,1011.5,422.8,Sensor Network
2024-06-17,Lahore,31.5204,74.3587,34.8,73.7,5.3,22.4,1013.9,426.2,Satellite Telemetry
2024-06-17,Islamabad,33.6844,73.0479,27.5,62.5,4.7,13.3,1014.8,407.7,Weather Station
2024-06-17,Peshawar,34.0151,71.5249,29.2,66.5,6.0,21.7,1017.0,410.4,Environmental IoT
2024-06-17,Quetta,30.1798,66.975,24.7,52.5,3.7,19.6,1021.9,400.5,Sensor Network
2024-06-17,Multan,30.1575,71.5249,36.7,57.5,2.2,16.5,1012.0,423.8,Weather Station
2024-06-17,Hyderabad,25.396,68.3578,35.1,80.1,0.0,14.3,1011.9,415.0,Satellite Telemetry
2024-06-17,Faisalabad,31.4504,73.135,36.6,68.9,2.4,14.9,1011.9,429.0,Satellite Telemetry
2024-06-18,Karachi,24.8607,67.0011,38.0,86.3,2.8,23.1,1008.6,419.8,Sensor Network
2024-06-18,Lahore,31.5204,74.3587,32.6,71.0,5.2,12.4,1016.5,424.8,Weather Station
2024-06-18,Islamabad,33.6844,73.0479,27.8,64.6,5.1,15.6,1018.0,405.7,Environmental IoT
2024-06-18,Peshawar,34.0151,71.5249,30.5,60.9,1.5,27.3,1014.6,411.8,Environmental IoT
2024-06-18,Quetta,30.1798,66.975,26.1,50.1,2.6,27.9,1021.3,401.1,Satellite Telemetry
2024-06-18,Multan,30.1575,71.5249,36.6,59.7,0.7,21.3,1014.9,420.0,Weather Station
2024-06-18,Hyderabad,25.396,68.3578,34.8,80.8,2.5,23.7,1013.6,418.6,Weather Station
2024-06-18,Faisalabad,31.4504,73.135,34.5,66.1,0.3,18.6,1016.0,424.6,Weather Station
2024-06-19,Karachi,24.8607,67.0011,34.9,87.3,0.0,11.5,1010.0,419.5,Satellite Telemetry
2024-06-19,Lahore,31.5204,74.3587,35.7,67.1,7.1,27.8,1016.8,426.5,Weather Station
2024-06-19,Islamabad,33.6844,73.0479,29.0,63.7,2.5,24.3,1016.4,408.2,Environmental IoT
2024-06-19,Peshawar,34.0151,71.5249,30.5,64.2,4.3,16.0,1014.2,413.0,Sensor Network
2024-06-19,Quetta,30.1798,66.975,23.8,46.4,0.0,11.3,1019.1,403.2,Environmental IoT
2024-06-19,Multan,30.1575,71.5249,38.0,55.2,0.1,17.3,1014.7,422.5,Environmental IoT
2024-06-19,Hyderabad,25.396,68.3578,37.8,79.8,4.7,20.6,1014.3,418.6,Sensor Network
2024-06-19,Faisalabad,31.4504,73.135,34.7,68.1,2.5,21.9,1011.3,428.4,Environmental IoT
2024-06-20,Karachi,24.8607,67.0011,36.9,85.5,5.2,20.6,1012.9,417.8,Sensor Network
2024-06-20,Lahore,31.5204,74.3587,33.1,68.8,2.4,27.3,1013.2,422.5,Weather Station
2024-06-20,Islamabad,33.6844,73.0479,30.5,67.1,4.4,26.2,1018.9,405.7,Sensor Network
2024-06-20,Peshawar,34.0151,71.5249,31.1,66.7,3.3,12.2,1013.9,412.4,Satellite Telemetry
2024-06-20,Quetta,30.1798,66.975,24.0,49.4,0.0,17.0,1021.4,401.6,Environmental IoT
2024-06-20,Multan,30.1575,71.5249,38.9,58.1,2.4,11.9,1009.3,425.5,Satellite Telemetry
2024-06-20,Hyderabad,25.396,68.3578,36.7,79.3,4.7,24.2,1013.3,418.0,Sensor Network
2024-06-20,Faisalabad,31.4504,73.135,33.5,68.9,2.1,24.9,1011.9,428.0,Environmental IoT
2024-06-21,Karachi,24.8607,67.0011,35.9,89.3,4.0,18.8,1013.9,418.8,Sensor Network
2024-06-21,Lahore,31.5204,74.3587,33.1,68.7,6.4,24.0,1016.9,426.9,Environmental IoT
2024-06-21,Islamabad,33.6844,73.0479,28.3,66.8,9.3,27.9,1018.9,406.4,Sensor Network
2024-06-21,Peshawar,34.0151,71.5249,32.4,64.5,1.9,26.7,1012.9,415.1,Satellite Telemetry
2024-06-21,Quetta,30.1798,66.975,25.0,49.1,0.2,13.9,1017.2,401.3,Sensor Network
2024-06-21,Multan,30.1575,71.5249,37.4,57.4,0.8,20.0,1012.5,423.8,Satellite Telemetry
2024-06-21,Hyderabad,25.396,68.3578,35.2,79.3,4.3,17.0,1014.8,417.1,Satellite Telemetry
2024-06-21,Faisalabad,31.4504,73.135,36.1,70.6,2.3,24.7,1010.2,428.3,Environmental IoT
2024-06-22,Karachi,24.8607,67.0011,35.2,83.8,4.1,17.3,1013.3,420.0,Satellite Telemetry
2024-06-22,Lahore,31.5204,74.3587,34.5,66.4,0.6,21.3,1016.5,424.1,Environmental IoT
2024-06-22,Islamabad,33.6844,73.0479,29.1,68.5,8.2,15.7,1017.5,405.3,Satellite Telemetry
2024-06-22,Peshawar,34.0151,71.5249,30.0,60.3,5.2,20.9,1013.3,412.3,Environmental IoT
2024-06-22,Quetta,30.1798,66.975,23.7,45.5,0.0,20.1,1021.4,399.1,Environmental IoT
2024-06-22,Multan,30.1575,71.5249,39.2,56.8,5.3,10.1,1013.4,422.6,Environmental IoT
2024-06-22,Hyderabad,25.396,68.3578,34.6,80.3,4.5,10.8,1012.6,419.2,Sensor Network
2024-06-22,Faisalabad,31.4504,73.135,35.6,68.1,0.0,21.8,1010.8,424.7,Satellite Telemetry
2024-06-23,Karachi,24.8607,67.0011,37.7,80.8,1.5,18.3,1012.2,423.2,Environmental IoT
2024-06-23,Lahore,31.5204,74.3587,34.7,68.2,6.9,18.1,1014.2,427.3,Sensor Network
2024-06-23,Islamabad,33.6844,73.0479,28.2,59.9,2.0,10.2,1014.1,407.5,Sensor Network
2024-06-23,Peshawar,34.0151,71.5249,29.2,66.3,5.9,26.3,1015.3,415.6,Sensor Network
2024-06-23,Quetta,30.1798,66.975,25.7,50.0,4.2,17.3,1021.5,402.7,Sensor Network
2024-06-23,Multan,30.1575,71.5249,39.7,55.6,0.0,17.5,1011.1,423.1,Sensor Network
2024-06-23,Hyderabad,25.396,68.3578,34.8,81.9,3.3,23.8,1012.4,418.6,Weather Station
2024-06-23,Faisalabad,31.4504,73.135,34.2,62.7,0.0,20.0,1013.7,428.8,Environmental IoT
2024-06-24,Karachi,24.8607,67.0011,38.3,89.2,4.0,12.0,1011.3,419.6,Weather Station
2024-06-24,Lahore,31.5204,74.3587,35.4,73.9,0.5,21.5,1011.3,424.6,Sensor Network
2024-06-24,Islamabad,33.6844,73.0479,27.4,67.2,6.8,23.4,1017.6,405.5,Satellite Telemetry
2024-06-24,Peshawar,34.0151,71.5249,30.5,58.2,4.3,13.8,1013.0,411.8,Sensor Network
2024-06-24,Quetta,30.1798,66.975,24.1,44.8,0.0,17.1,1020.7,401.4,Satellite Telemetry
2024-06-24,Multan,30.1575,71.5249,36.8,61.1,0.0,22.2,1013.4,424.1,Environmental IoT
2024-06-24,Hyderabad,25.396,68.3578,35.4,82.1,0.0,23.7,1014.3,414.3,Environmental IoT
2024-06-24,Faisalabad,31.4504,73.135,34.8,69.5,4.6,22.7,1012.8,424.9,Sensor Network
2024-06-25,Karachi,24.8607,67.0011,35.6,84.5,4.2,17.0,1010.4,421.4,Weather Station
2024-06-25,Lahore,31.5204,74.3587,33.7,66.2,3.7,20.3,1015.5,425.7,Sensor Network
2024-06-25,Islamabad,33.6844,73.0479,27.7,62.1,7.0,11.5,1016.6,408.8,Sensor Network
2024-06-25,Peshawar,34.0151,71.5249,32.6,64.3,4.4,22.0,1014.7,412.2,Sensor Network
2024-06-25,Quetta,30.1798,66.975,25.8,46.0,4.1,27.7,1021.3,400.6,Weather Station
2024-06-25,Multan,30.1575,71.5249,39.1,57.7,3.1,17.2,1009.6,425.3,Sensor Network
2024-06-25,Hyderabad,25.396,68.3578,36.2,79.0,3.0,23.6,1014.5,419.4,Sensor Network
2024-06-25,Faisalabad,31.4504,73.135,36.0,69.5,0.0,20.8,1015.3,425.4,Satellite Telemetry
2024-06-26,Karachi,24.8607,67.0011,37.4,80.4,5.2,13.0,1009.0,420.6,Environmental IoT
2024-06-26,Lahore,31.5204,74.3587,33.9,64.7,3.8,10.7,1016.7,424.2,Satellite Telemetry
2024-06-26,Islamabad,33.6844,73.0479,28.2,68.0,5.7,18.3,1017.4,406.1,Satellite Telemetry
2024-06-26,Peshawar,34.0151,71.5249,31.7,67.3,0.8,16.7,1012.7,414.2,Environmental IoT
2024-06-26,Quetta,30.1798,66.975,25.7,53.5,4.2,10.7,1016.0,401.2,Weather Station
2024-06-26,Multan,30.1575,71.5249,36.3,62.4,0.0,18.4,1015.0,421.7,Satellite Telemetry
2024-06-26,Hyderabad,25.396,68.3578,35.5,84.3,6.0,27.8,1011.3,419.0,Environmental IoT
2024-06-26,Faisalabad,31.4504,73.135,36.4,67.4,2.3,25.6,1015.0,426.8,Weather Station
2024-06-27,Karachi,24.8607,67.0011,38.6,81.2,3.0,24.1,1013.7,417.7,Sensor Network
2024-06-27,Lahore,31.5204,74.3587,35.6,69.7,4.9,23.3,1015.1,423.2,Environmental IoT
2024-06-27,Islamabad,33.6844,73.0479,28.8,62.7,4.8,13.0,1015.9,405.0,Sensor Network
2024-06-27,Peshawar,34.0151,71.5249,32.6,61.3,1.5,24.2,1014.4,412.4,Environmental IoT
2024-06-27,Quetta,30.1798,66.975,23.7,49.9,3.5,14.3,1020.3,398.6,Satellite Telemetry
2024-06-27,Multan,30.1575,71.5249,37.1,55.3,5.1,17.0,1013.8,424.2,Environmental IoT
2024-06-27,Hyderabad,25.396,68.3578,37.4,78.8,0.8,20.9,1012.3,416.2,Satellite Telemetry
2024-06-27,Faisalabad,31.4504,73.135,34.4,70.3,3.0,20.1,1015.8,423.8,Satellite Telemetry
2024-06-28,Karachi,24.8607,67.0011,37.3,80.1,1.6,21.5,1008.4,419.8,Environmental IoT
2024-06-28,Lahore,31.5204,74.3587,35.9,65.3,1.5,26.8,1012.6,425.5,Sensor Network
2024-06-28,Islamabad,33.6844,73.0479,26.9,61.1,2.5,16.7,1014.6,406.6,Sensor Network
2024-06-28,Peshawar,34.0151,71.5249,32.3,62.8,1.9,14.6,1013.0,411.6,Sensor Network
2024-06-28,Quetta,30.1798,66.975,25.8,52.2,2.0,10.2,1021.1,401.5,Weather Station
2024-06-28,Multan,30.1575,71.5249,37.6,57.9,3.6,19.5,1009.9,421.9,Satellite Telemetry
2024-06-28,Hyderabad,25.396,68.3578,36.1,78.3,0.4,25.5,1010.9,416.1,Satellite Telemetry
2024-06-28,Faisalabad,31.4504,73.135,35.5,67.4,6.3,21.6,1012.5,425.4,Satellite Telemetry
2024-06-29,Karachi,24.8607,67.0011,36.3,87.5,5.0,26.6,1008.9,419.8,Satellite Telemetry
2024-06-29,Lahore,31.5204,74.3587,34.1,73.1,4.3,15.4,1011.2,425.6,Environmental IoT
2024-06-29,Islamabad,33.6844,73.0479,29.7,66.5,4.7,17.8,1014.1,407.4,Satellite Telemetry
2024-06-29,Peshawar,34.0151,71.5249,31.1,57.6,7.0,23.5,1017.7,413.9,Sensor Network
2024-06-29,Quetta,30.1798,66.975,24.6,54.5,1.7,15.5,1020.1,399.2,Satellite Telemetry
2024-06-29,Multan,30.1575,71.5249,36.1,58.6,0.0,17.6,1014.3,423.0,Environmental IoT
2024-06-29,Hyderabad,25.396,68.3578,35.3,83.6,0.0,25.4,1011.7,414.1,Sensor Network
2024-06-29,Faisalabad,31.4504,73.135,35.7,62.6,0.0,26.0,1015.1,428.6,Sensor Network
2024-06-30,Karachi,24.8607,67.0011,35.1,86.0,3.3,14.5,1009.6,418.2,Weather Station
2024-06-30,Lahore,31.5204,74.3587,32.9,65.6,1.0,15.4,1013.3,424.4,Sensor Network
2024-06-30,Islamabad,33.6844,73.0479,27.9,61.1,3.3,23.8,1017.6,410.0,Satellite Telemetry
2024-06-30,Peshawar,34.0151,71.5249,30.9,60.3,0.0,12.0,1017.5,411.6,Satellite Telemetry
2024-06-30,Quetta,30.1798,66.975,23.1,52.7,2.5,11.6,1021.6,403.5,Environmental IoT
2024-06-30,Multan,30.1575,71.5249,36.9,56.0,3.3,19.3,1013.9,421.8,Weather Station
2024-06-30,Hyderabad,25.396,68.3578,34.8,84.0,3.0,25.6,1010.2,419.5,Satellite Telemetry
2024-06-30,Faisalabad,31.4504,73.135,35.2,65.3,0.0,11.2,1010.6,426.8,Environmental IoT
2024-07-01,Karachi,24.8607,67.0011,39.3,81.4,12.3,10.5,1011.6,421.0,Environmental IoT
2024-07-01,Lahore,31.5204,74.3587,35.9,72.4,33.9,24.3,1013.1,425.3,Sensor Network
2024-07-01,Islamabad,33.6844,73.0479,28.0,60.9,43.0,17.7,1014.7,410.0,Weather Station
2024-07-01,Peshawar,34.0151,71.5249,33.0,63.5,23.2,25.5,1013.7,411.2,Sensor Network
2024-07-01,Quetta,30.1798,66.975,25.8,52.8,10.7,11.0,1018.3,398.6,Environmental IoT
2024-07-01,Multan,30.1575,71.5249,38.6,60.6,13.6,13.9,1009.2,420.0,Environmental IoT
2024-07-01,Hyderabad,25.396,68.3578,37.6,75.0,16.6,16.8,1010.4,413.9,Environmental IoT
2024-07-01,Faisalabad,31.4504,73.135,35.8,63.5,21.0,14.3,1014.1,424.2,Sensor Network
2024-07-02,Karachi,24.8607,67.0011,37.4,80.1,12.9,18.4,1012.5,421.4,Sensor Network
2024-07-02,Lahore,31.5204,74.3587,34.8,70.7,28.9,19.6,1015.5,427.1,Weather Station
2024-07-02,Islamabad,33.6844,73.0479,28.1,66.7,44.9,17.7,1017.1,410.6,Sensor Network
2024-07-02,Peshawar,34.0151,71.5249,31.6,60.9,28.0,24.7,1017.7,412.2,Satellite Telemetry
2024-07-02,Quetta,30.1798,66.975,26.0,52.7,12.2,25.9,1017.5,399.5,Sensor Network
2024-07-02,Multan,30.1575,71.5249,40.2,61.6,17.3,10.3,1013.9,422.2,Environmental IoT
2024-07-02,Hyderabad,25.396,68.3578,38.9,76.9,17.6,20.2,1013.3,414.0,Environmental IoT
2024-07-02,Faisalabad,31.4504,73.135,37.7,65.1,23.6,18.8,1014.6,428.3,Environmental IoT
2024-07-03,Karachi,24.8607,67.0011,38.7,88.8,14.0,25.3,1009.0,418.1,Sensor Network
2024-07-03,Lahore,31.5204,74.3587,34.6,72.6,33.2,10.9,1015.3,423.9,Satellite Telemetry
2024-07-03,Islamabad,33.6844,73.0479,28.7,67.4,45.2,20.1,1016.2,407.7,Sensor Network
2024-07-03,Peshawar,34.0151,71.5249,31.9,59.0,26.3,17.8,1013.3,414.2,Satellite Telemetry
2024-07-03,Quetta,30.1798,66.975,24.7,54.0,14.0,13.6,1020.8,403.1,Environmental IoT
2024-07-03,Multan,30.1575,71.5249,39.5,57.6,14.5,27.5,1010.8,425.6,Sensor Network
2024-07-03,Hyderabad,25.396,68.3578,37.5,84.4,13.7,16.3,1009.1,414.3,Weather Station
2024-07-03,Faisalabad,31.4504,73.135,36.2,62.8,23.6,17.2,1011.6,426.3,Environmental IoT
2024-07-04,Karachi,24.8607,67.0011,39.7,81.5,15.0,26.6,1008.1,421.1,Weather Station
2024-07-04,Lahore,31.5204,74.3587,34.0,72.9,27.1,12.6,1014.8,425.6,Satellite Telemetry
2024-07-04,Islamabad,33.6844,73.0479,29.5,61.4,41.0,22.9,1014.6,405.6,Satellite Telemetry
2024-07-04,Peshawar,34.0151,71.5249,33.2,58.7,22.5,10.5,1013.9,414.2,Satellite Telemetry
2024-07-04,Quetta,30.1798,66.975,25.5,51.1,12.2,26.9,1021.6,402.5,Environmental IoT
2024-07-04,Multan,30.1575,71.5249,38.0,63.8,16.3,19.5,1013.4,421.8,Sensor Network
2024-07-04,Hyderabad,25.396,68.3578,37.1,82.9,18.0,20.9,1009.2,417.1,Sensor Network
2024-07-04,Faisalabad,31.4504,73.135,37.9,66.0,19.8,13.3,1013.7,425.0,Environmental IoT
2024-07-05,Karachi,24.8607,67.0011,37.3,82.3,9.4,18.4,1011.2,418.6,Environmental IoT
2024-07-05,Lahore,31.5204,74.3587,33.9,71.4,32.8,16.6,1016.4,424.5,Sensor Network
2024-07-05,Islamabad,33.6844,73.0479,31.4,60.2,44.4,11.5,1015.3,405.2,Satellite Telemetry
2024-07-05,Peshawar,34.0151,71.5249,30.1,61.1,27.6,12.2,1017.3,413.3,Weather Station
2024-07-05,Quetta,30.1798,66.975,27.8,51.0,8.0,13.0,1016.3,401.0,Satellite Telemetry
2024-07-05,Multan,30.1575,71.5249,39.6,57.0,11.5,23.7,1011.3,425.3,Weather Station
2024-07-05,Hyderabad,25.396,68.3578,35.0,77.3,16.4,24.4,1009.1,413.8,Satellite Telemetry
2024-07-05,Faisalabad,31.4504,73.135,37.5,64.1,25.3,13.1,1015.0,424.2,Weather Station
2024-07-06,Karachi,24.8607,67.0011,36.0,83.7,10.3,11.0,1009.9,419.8,Satellite Telemetry
2024-07-06,Lahore,31.5204,74.3587,34.8,73.1,26.6,27.2,1014.4,427.3,Sensor Network
2024-07-06,Islamabad,33.6844,73.0479,31.1,64.8,43.8,27.6,1013.1,405.9,Sensor Network
2024-07-06,Peshawar,34.0151,71.5249,31.1,60.0,22.5,13.5,1015.2,410.4,Weather Station
2024-07-06,Quetta,30.1798,66.975,26.3,53.1,8.7,25.9,1021.5,399.3,Weather Station
2024-07-06,Multan,30.1575,71.5249,38.8,59.6,18.5,21.6,1010.7,425.6,Environmental IoT
2024-07-06,Hyderabad,25.396,68.3578,36.9,82.8,13.8,20.4,1012.0,419.5,Sensor Network
2024-07-06,Faisalabad,31.4504,73.135,34.8,62.4,21.4,17.7,1015.7,424.8,Satellite Telemetry
2024-07-07,Karachi,24.8607,67.0011,38.9,83.1,12.2,21.5,1011.1,419.4,Satellite Telemetry
2024-07-07,Lahore,31.5204,74.3587,35.9,72.0,32.1,27.2,1011.2,424.6,Environmental IoT
2024-07-07,Islamabad,33.6844,73.0479,28.9,67.9,48.3,25.2,1018.8,405.3,Weather Station
2024-07-07,Peshawar,34.0151,71.5249,33.0,59.3,25.9,22.0,1017.1,410.6,Environmental IoT
2024-07-07,Quetta,30.1798,66.975,25.9,47.7,6.2,12.8,1020.4,399.5,Weather Station
2024-07-07,Multan,30.1575,71.5249,40.7,61.9,14.4,14.9,1010.4,423.9,Weather Station
2024-07-07,Hyderabad,25.396,68.3578,37.2,80.9,16.0,12.9,1010.6,414.5,Satellite Telemetry
2024-07-07,Faisalabad,31.4504,73.135,34.2,63.0,18.7,27.2,1016.0,424.6,Environmental IoT
2024-07-08,Karachi,24.8607,67.0011,38.2,89.9,9.0,24.4,1009.8,418.1,Environmental IoT
2024-07-08,Lahore,31.5204,74.3587,34.7,70.3,32.8,23.5,1012.6,424.9,Sensor Network
2024-07-08,Islamabad,33.6844,73.0479,29.1,61.0,48.7,27.3,1018.0,405.2,Environmental IoT
2024-07-08,Peshawar,34.0151,71.5249,31.2,61.0,22.3,24.6,1013.5,410.6,Weather Station
2024-07-08,Quetta,30.1798,66.975,24.7,48.2,12.0,14.1,1017.5,400.5,Weather Station
2024-07-08,Multan,30.1575,71.5249,38.1,58.5,15.0,19.8,1014.6,423.6,Environmental IoT
2024-07-08,Hyderabad,25.396,68.3578,37.9,83.5,15.4,14.1,1012.5,414.1,Satellite Telemetry
2024-07-08,Faisalabad,31.4504,73.135,34.5,64.8,19.2,22.9,1012.1,426.8,Weather Station
2024-07-09,Karachi,24.8607,67.0011,37.1,89.2,14.2,11.0,1009.4,418.7,Environmental IoT
2024-07-09,Lahore,31.5204,74.3587,33.4,67.0,29.2,19.1,1015.7,423.7,Weather Station
2024-07-09,Islamabad,33.6844,73.0479,29.2,69.2,47.2,10.1,1013.3,410.8,Weather Station
2024-07-09,Peshawar,34.0151,71.5249,33.5,58.0,25.7,17.0,1013.3,413.7,Environmental IoT
2024-07-09,Quetta,30.1798,66.975,27.0,46.8,9.6,13.8,1020.9,403.7,Environmental IoT
2024-07-09,Multan,30.1575,71.5249,38.3,58.2,15.0,10.8,1011.0,423.7,Environmental IoT
2024-07-09,Hyderabad,25.396,68.3578,36.8,82.3,14.2,25.0,1014.7,416.4,Satellite Telemetry
2024-07-09,Faisalabad,31.4504,73.135,36.4,70.7,23.0,15.4,1011.7,426.9,Sensor Network
2024-07-10,Karachi,24.8607,67.0011,38.0,84.1,13.4,14.7,1010.9,418.0,Sensor Network
2024-07-10,Lahore,31.5204,74.3587,34.6,72.8,30.2,18.8,1015.3,422.0,Environmental IoT
2024-07-10,Islamabad,33.6844,73.0479,31.8,63.8,44.2,18.9,1014.8,406.4,Satellite Telemetry
2024-07-10,Peshawar,34.0151,71.5249,32.4,64.5,28.3,12.5,1016.5,414.5,Weather Station
2024-07-10,Quetta,30.1798,66.975,25.9,47.4,13.3,25.5,1017.6,403.6,Satellite Telemetry
2024-07-10,Multan,30.1575,71.5249,37.7,63.6,13.8,19.7,1014.9,422.7,Environmental IoT
2024-07-10,Hyderabad,25.396,68.3578,36.8,75.8,17.6,22.8,1013.5,414.1,Weather Station
2024-07-10,Faisalabad,31.4504,73.135,37.0,62.2,20.9,14.7,1014.0,429.1,Weather Station
2024-07-11,Karachi,24.8607,67.0011,37.4,85.0,12.3,15.3,1013.4,418.2,Satellite Telemetry
2024-07-11,Lahore,31.5204,74.3587,34.0,66.6,28.1,12.4,1011.6,426.7,Environmental IoT
2024-07-11,Islamabad,33.6844,73.0479,29.1,68.4,45.3,12.5,1013.8,410.4,Environmental IoT
2024-07-11,Peshawar,34.0151,71.5249,33.4,67.2,22.8,18.4,1012.5,414.7,Weather Station
2024-07-11,Quetta,30.1798,66.975,26.4,46.5,12.2,10.9,1021.1,400.9,Sensor Network
2024-07-11,Multan,30.1575,71.5249,38.4,63.6,15.7,15.4,1013.2,420.9,Satellite Telemetry
2024-07-11,Hyderabad,25.396,68.3578,37.4,79.5,15.1,12.1,1012.8,416.8,Environmental IoT
2024-07-11,Faisalabad,31.4504,73.135,36.2,68.3,19.5,10.3,1013.0,426.2,Environmental IoT
2024-07-12,Karachi,24.8607,67.0011,39.4,83.3,11.5,10.5,1008.2,422.4,Weather Station
2024-07-12,Lahore,31.5204,74.3587,35.3,71.4,33.6,23.1,1015.5,422.1,Sensor Network
2024-07-12,Islamabad,33.6844,73.0479,30.1,64.1,44.0,25.3,1013.2,406.9,Environmental IoT
2024-07-12,Peshawar,34.0151,71.5249,33.1,66.3,28.8,22.4,1012.2,413.1,Sensor Network
2024-07-12,Quetta,30.1798,66.975,28.0,51.4,14.0,14.1,1019.4,398.1,Sensor Network
2024-07-12,Multan,30.1575,71.5249,38.3,56.4,14.6,11.0,1014.3,425.5,Environmental IoT
2024-07-12,Hyderabad,25.396,68.3578,36.9,76.3,15.4,19.2,1013.7,415.8,Satellite Telemetry
2024-07-12,Faisalabad,31.4504,73.135,35.4,68.5,23.5,24.3,1011.4,426.7,Sensor Network
2024-07-13,Karachi,24.8607,67.0011,39.9,81.7,11.6,27.6,1012.5,420.9,Environmental IoT
2024-07-13,Lahore,31.5204,74.3587,35.1,72.7,32.1,11.7,1012.3,422.7,Weather Station
2024-07-13,Islamabad,33.6844,73.0479,28.2,63.7,45.8,19.4,1018.2,410.8,Weather Station
2024-07-13,Peshawar,34.0151,71.5249,33.1,58.7,28.4,21.3,1017.2,414.4,Weather Station
2024-07-13,Quetta,30.1798,66.975,24.3,51.3,13.7,14.0,1016.2,402.6,Satellite Telemetry
2024-07-13,Multan,30.1575,71.5249,40.5,59.7,12.2,23.4,1010.8,422.3,Weather Station
2024-07-13,Hyderabad,25.396,68.3578,38.6,77.7,18.0,27.3,1014.7,419.2,Satellite Telemetry
2024-07-13,Faisalabad,31.4504,73.135,36.2,69.9,26.2,27.3,1011.8,424.3,Satellite Telemetry
2024-07-14,Karachi,24.8607,67.0011,37.9,87.7,9.0,23.5,1013.4,421.6,Sensor Network
2024-07-14,Lahore,31.5204,74.3587,36.3,69.5,27.9,13.1,1012.4,426.0,Weather Station
2024-07-14,Islamabad,33.6844,73.0479,30.0,69.2,43.2,19.0,1018.0,407.8,Weather Station
2024-07-14,Peshawar,34.0151,71.5249,30.1,63.5,28.9,13.6,1012.5,415.5,Sensor Network
2024-07-14,Quetta,30.1798,66.975,27.6,51.6,6.1,17.0,1019.7,400.9,Satellite Telemetry
2024-07-14,Multan,30.1575,71.5249,41.0,55.4,14.6,15.1,1011.3,421.6,Environmental IoT
2024-07-14,Hyderabad,25.396,68.3578,38.7,81.8,17.4,25.0,1010.7,418.5,Weather Station
2024-07-14,Faisalabad,31.4504,73.135,34.2,64.3,22.6,10.3,1015.9,427.5,Weather Station
2024-07-15,Karachi,24.8607,67.0011,39.0,82.2,16.1,12.1,1010.7,422.1,Environmental IoT
2024-07-15,Lahore,31.5204,74.3587,35.5,68.5,33.1,25.9,1013.5,425.7,Sensor Network
2024-07-15,Islamabad,33.6844,73.0479,29.2,61.2,48.6,25.6,1014.9,407.3,Satellite Telemetry
2024-07-15,Peshawar,34.0151,71.5249,32.5,66.6,21.6,16.8,1013.7,411.7,Weather Station
2024-07-15,Quetta,30.1798,66.975,25.1,53.0,11.9,18.8,1020.3,401.4,Satellite Telemetry
2024-07-15,Multan,30.1575,71.5249,40.8,56.4,12.1,23.0,1009.9,424.1,Weather Station
2024-07-15,Hyderabad,25.396,68.3578,38.3,82.4,16.0,26.9,1011.8,414.7,Environmental IoT
2024-07-15,Faisalabad,31.4504,73.135,36.2,62.8,19.3,18.0,1010.7,427.5,Sensor Network
2024-07-16,Karachi,24.8607,67.0011,37.2,80.3,9.4,17.5,1010.7,420.0,Satellite Telemetry
2024-07-16,Lahore,31.5204,74.3587,33.4,74.7,29.6,24.3,1011.0,423.7,Weather Station
2024-07-16,Islamabad,33.6844,73.0479,31.0,66.5,43.7,25.0,1014.2,408.7,Environmental IoT
2024-07-16,Peshawar,34.0151,71.5249,30.4,60.3,27.1,22.2,1015.5,412.1,Satellite Telemetry
2024-07-16,Quetta,30.1798,66.975,26.2,49.5,10.3,17.4,1021.8,403.1,Weather Station
2024-07-16,Multan,30.1575,71.5249,37.3,63.8,17.0,22.3,1014.9,424.8,Satellite Telemetry
2024-07-16,Hyderabad,25.396,68.3578,36.5,75.0,15.3,25.5,1010.0,417.4,Sensor Network
2024-07-16,Faisalabad,31.4504,73.135,37.0,71.8,23.2,20.5,1014.3,425.4,Environmental IoT
2024-07-17,Karachi,24.8607,67.0011,37.7,87.1,16.3,13.8,1009.6,422.8,Satellite Telemetry
2024-07-17,Lahore,31.5204,74.3587,36.0,71.9,28.8,26.6,1012.0,422.7,Sensor Network
2024-07-17,Islamabad,33.6844,73.0479,28.5,66.5,43.1,26.2,1014.0,406.0,Sensor Network
2024-07-17,Peshawar,34.0151,71.5249,32.2,59.0,21.9,24.7,1017.8,412.1,Sensor Network
2024-07-17,Quetta,30.1798,66.975,25.1,49.3,10.3,17.4,1020.7,399.4,Environmental IoT
2024-07-17,Multan,30.1575,71.5249,39.9,56.9,18.2,21.3,1010.0,425.6,Sensor Network
2024-07-17,Hyderabad,25.396,68.3578,37.3,83.9,20.1,20.9,1012.5,415.7,Weather Station
2024-07-17,Faisalabad,31.4504,73.135,37.2,67.8,25.3,22.6,1011.8,427.8,Sensor Network
2024-07-18,Karachi,24.8607,67.0011,38.6,84.0,16.2,28.0,1009.1,422.3,Weather Station
2024-07-18,Lahore,31.5204,74.3587,33.5,71.1,30.7,11.3,1015.8,424.1,Weather Station
2024-07-18,Islamabad,33.6844,73.0479,30.9,60.7,48.2,18.8,1014.2,410.7,Environmental IoT
2024-07-18,Peshawar,34.0151,71.5249,33.3,65.6,24.4,25.9,1013.6,411.4,Weather Station
2024-07-18,Quetta,30.1798,66.975,24.3,53.0,6.7,21.0,1018.3,398.1,Environmental IoT
2024-07-18,Multan,30.1575,71.5249,39.5,56.6,16.9,24.0,1014.4,425.8,Satellite Telemetry
2024-07-18,Hyderabad,25.396,68.3578,38.7,79.8,13.8,20.4,1009.2,417.0,Sensor Network
2024-07-18,Faisalabad,31.4504,73.135,34.2,68.4,23.9,10.1,1013.0,427.9,Sensor Network
2024-07-19,Karachi,24.8607,67.0011,39.8,82.2,12.4,25.2,1013.6,422.3,Satellite Telemetry
2024-07-19,Lahore,31.5204,74.3587,36.3,72.8,31.5,15.4,1014.2,424.4,Environmental IoT
2024-07-19,Islamabad,33.6844,73.0479,28.2,63.4,41.1,15.2,1018.6,410.0,Environmental IoT
2024-07-19,Peshawar,34.0151,71.5249,31.5,61.1,25.5,24.6,1012.9,413.9,Weather Station
2024-07-19,Quetta,30.1798,66.975,27.6,46.2,7.1,16.6,1019.2,402.5,Sensor Network
2024-07-19,Multan,30.1575,71.5249,37.1,55.6,17.8,13.3,1012.5,478.0,Satellite Telemetry
2024-07-19,Hyderabad,25.396,68.3578,38.1,75.1,16.0,14.3,1010.0,418.8,Satellite Telemetry
2024-07-19,Faisalabad,31.4504,73.135,35.7,71.8,22.3,20.9,1011.3,427.9,Environmental IoT
2024-07-20,Karachi,24.8607,67.0011,36.3,84.4,16.2,21.4,1009.4,420.4,Satellite Telemetry
2024-07-20,Lahore,31.5204,74.3587,33.8,69.5,30.5,26.0,1011.2,426.3,Sensor Network
2024-07-20,Islamabad,33.6844,73.0479,31.8,69.8,44.1,26.3,1016.8,408.4,Sensor Network
2024-07-20,Peshawar,34.0151,71.5249,30.8,61.9,22.6,17.1,1012.0,412.0,Weather Station
2024-07-20,Quetta,30.1798,66.975,26.5,51.5,10.1,21.6,1016.7,400.1,Environmental IoT
2024-07-20,Multan,30.1575,71.5249,40.7,55.0,11.3,18.0,1010.6,425.3,Weather Station
2024-07-20,Hyderabad,25.396,68.3578,37.7,82.1,13.6,12.7,1010.4,419.7,Satellite Telemetry
2024-07-20,Faisalabad,31.4504,73.135,34.3,67.9,22.8,13.2,1011.3,425.6,Weather Station
2024-07-21,Karachi,24.8607,67.0011,38.2,80.9,10.0,10.0,1011.3,422.6,Sensor Network
2024-07-21,Lahore,31.5204,74.3587,35.9,72.7,29.2,18.5,1015.4,428.0,Weather Station
2024-07-21,Islamabad,33.6844,73.0479,32.0,68.3,45.0,20.5,1017.2,410.7,Weather Station
2024-07-21,Peshawar,34.0151,71.5249,31.9,64.9,22.7,21.9,1016.6,412.6,Sensor Network
2024-07-21,Quetta,30.1798,66.975,26.3,52.6,8.5,18.8,1020.9,403.4,Satellite Telemetry
2024-07-21,Multan,30.1575,71.5249,40.5,64.2,15.5,12.7,1013.1,422.0,Environmental IoT
2024-07-21,Hyderabad,25.396,68.3578,38.0,84.4,19.1,27.5,1013.8,416.7,Weather Station
2024-07-21,Faisalabad,31.4504,73.135,36.4,68.1,20.7,26.9,1014.2,424.1,Sensor Network
2024-07-22,Karachi,24.8607,67.0011,36.3,80.9,10.4,23.1,1009.1,419.9,Environmental IoT
2024-07-22,Lahore,31.5204,74.3587,36.5,72.4,32.8,23.5,1011.6,423.7,Environmental IoT
2024-07-22,Islamabad,33.6844,73.0479,28.8,67.9,45.6,19.0,1016.9,408.2,Weather Station
2024-07-22,Peshawar,34.0151,71.5249,30.9,62.0,23.8,14.6,1016.7,415.3,Environmental IoT
2024-07-22,Quetta,30.1798,66.975,26.3,45.8,6.2,13.4,1018.1,398.2,Weather Station
2024-07-22,Multan,30.1575,71.5249,37.1,62.8,17.3,22.7,1013.1,423.3,Environmental IoT
2024-07-22,Hyderabad,25.396,68.3578,37.5,80.2,19.1,20.6,1009.4,414.1,Satellite Telemetry
2024-07-22,Faisalabad,31.4504,73.135,35.6,70.8,19.5,12.9,1013.8,429.8,Sensor Network
2024-07-23,Karachi,24.8607,67.0011,37.9,88.5,9.4,20.9,1011.5,419.9,Environmental IoT
2024-07-23,Lahore,31.5204,74.3587,34.6,65.2,26.3,21.9,1015.9,423.0,Satellite Telemetry
2024-07-23,Islamabad,33.6844,73.0479,31.5,64.8,41.2,21.3,1018.3,408.1,Weather Station
2024-07-23,Peshawar,34.0151,71.5249,33.7,59.4,22.4,14.1,1017.8,410.1,Weather Station
2024-07-23,Quetta,30.1798,66.975,26.3,49.2,11.8,23.4,1021.4,399.0,Weather Station
2024-07-23,Multan,30.1575,71.5249,37.0,61.5,13.0,17.2,1009.7,421.3,Satellite Telemetry
2024-07-23,Hyderabad,25.396,68.3578,38.6,76.8,19.6,22.1,1009.3,414.4,Weather Station
2024-07-23,Faisalabad,31.4504,73.135,36.4,67.3,19.8,18.0,1012.6,425.8,Sensor Network
2024-07-24,Karachi,24.8607,67.0011,37.7,89.7,15.4,20.6,1008.1,423.3,Sensor Network
2024-07-24,Lahore,31.5204,74.3587,33.8,70.0,28.9,10.2,1015.1,424.1,Satellite Telemetry
2024-07-24,Islamabad,33.6844,73.0479,29.3,67.1,44.9,13.2,1016.4,407.0,Satellite Telemetry
2024-07-24,Peshawar,34.0151,71.5249,32.2,63.7,23.9,15.8,1017.2,414.1,Weather Station
2024-07-24,Quetta,30.1798,66.975,25.7,47.0,7.7,16.8,1021.5,403.9,Sensor Network
2024-07-24,Multan,30.1575,71.5249,39.7,63.0,16.7,20.7,1010.2,422.6,Weather Station
2024-07-24,Hyderabad,25.396,68.3578,38.6,78.4,21.4,21.4,1009.2,419.8,Sensor Network
2024-07-24,Faisalabad,31.4504,73.135,35.6,67.3,26.4,26.9,1010.7,426.8,Environmental IoT
2024-07-25,Karachi,24.8607,67.0011,36.1,85.6,9.9,20.3,1008.5,419.7,Weather Station
2024-07-25,Lahore,31.5204,74.3587,33.6,65.8,26.5,17.2,1011.1,427.5,Environmental IoT
2024-07-25,Islamabad,33.6844,73.0479,30.5,63.2,44.7,27.5,1016.2,408.0,Weather Station
2024-07-25,Peshawar,34.0151,71.5249,32.2,62.4,23.7,19.8,1013.6,414.7,Sensor Network
2024-07-25,Quetta,30.1798,66.975,26.5,51.8,13.2,23.3,1016.7,399.4,Environmental IoT
2024-07-25,Multan,30.1575,71.5249,38.7,62.0,17.3,13.1,1012.3,421.8,Sensor Network
2024-07-25,Hyderabad,25.396,68.3578,36.5,82.6,17.1,15.1,1009.2,419.5,Satellite Telemetry
2024-07-25,Faisalabad,31.4504,73.135,35.2,64.4,20.9,12.9,1010.3,425.4,Weather Station
2024-07-26,Karachi,24.8607,67.0011,37.5,83.9,13.8,24.1,1010.3,418.6,Sensor Network
2024-07-26,Lahore,31.5204,74.3587,35.3,70.3,26.9,22.5,1015.2,424.7,Environmental IoT
2024-07-26,Islamabad,33.6844,73.0479,31.5,63.4,43.0,24.3,1015.5,409.3,Environmental IoT
2024-07-26,Peshawar,34.0151,71.5249,31.8,63.1,23.0,10.2,1013.8,411.2,Weather Station
2024-07-26,Quetta,30.1798,66.975,27.7,52.8,9.5,26.8,1020.5,398.8,Weather Station
2024-07-26,Multan,30.1575,71.5249,39.3,60.3,17.0,18.8,1010.7,426.0,Sensor Network
2024-07-26,Hyderabad,25.396,68.3578,36.8,78.5,19.3,26.4,1009.4,418.8,Satellite Telemetry
2024-07-26,Faisalabad,31.4504,73.135,35.5,70.6,25.4,21.5,1015.4,426.5,Weather Station
2024-07-27,Karachi,24.8607,67.0011,37.0,84.2,8.9,13.0,1010.0,423.5,Satellite Telemetry
2024-07-27,Lahore,31.5204,74.3587,33.2,73.9,27.3,17.8,1013.2,424.7,Sensor Network
2024-07-27,Islamabad,33.6844,73.0479,29.7,65.3,42.3,19.4,1016.6,409.0,Satellite Telemetry
2024-07-27,Peshawar,34.0151,71.5249,31.1,64.6,23.5,26.3,1012.1,412.7,Weather Station
2024-07-27,Quetta,30.1798,66.975,24.9,53.8,11.5,25.1,1016.6,399.1,Sensor Network
2024-07-27,Multan,30.1575,71.5249,38.3,63.6,17.0,20.9,1011.5,423.4,Satellite Telemetry
2024-07-27,Hyderabad,25.396,68.3578,35.8,82.7,17.5,20.3,1013.3,419.9,Satellite Telemetry
2024-07-27,Faisalabad,31.4504,73.135,37.6,70.4,25.5,23.3,1012.8,426.6,Environmental IoT
2024-07-28,Karachi,24.8607,67.0011,38.1,82.8,8.7,15.3,1010.2,423.1,Satellite Telemetry
2024-07-28,Lahore,31.5204,74.3587,33.2,75.0,28.4,14.8,1011.7,424.3,Satellite Telemetry
2024-07-28,Islamabad,33.6844,73.0479,31.1,68.6,44.8,21.8,1013.7,410.2,Environmental IoT
2024-07-28,Peshawar,34.0151,71.5249,32.8,58.2,24.7,11.1,1014.8,414.2,Satellite Telemetry
2024-07-28,Quetta,30.1798,66.975,26.1,50.5,7.7,27.9,1020.8,401.4,Weather Station
2024-07-28,Multan,30.1575,71.5249,39.7,57.2,19.0,12.1,1013.2,423.5,Weather Station
2024-07-28,Hyderabad,25.396,68.3578,38.9,82.5,21.5,18.4,1010.5,420.0,Environmental IoT
2024-07-28,Faisalabad,31.4504,73.135,37.5,64.2,22.9,18.8,1015.6,424.3,Weather Station
2024-07-29,Karachi,24.8607,67.0011,39.7,86.0,15.9,26.8,1013.3,419.1,Satellite Telemetry
2024-07-29,Lahore,31.5204,74.3587,36.6,75.0,29.3,25.6,1011.2,425.8,Sensor Network
2024-07-29,Islamabad,33.6844,73.0479,30.8,65.8,46.9,10.7,1013.7,409.2,Environmental IoT
2024-07-29,Peshawar,34.0151,71.5249,31.5,59.6,21.5,13.6,1012.1,414.9,Weather Station
2024-07-29,Quetta,30.1798,66.975,24.2,47.7,10.3,24.6,1019.2,399.5,Satellite Telemetry
2024-07-29,Multan,30.1575,71.5249,38.1,58.1,13.3,11.9,1011.9,424.3,Environmental IoT
2024-07-29,Hyderabad,25.396,68.3578,36.7,77.8,16.5,12.9,1012.7,415.4,Sensor Network
2024-07-29,Faisalabad,31.4504,73.135,34.8,67.6,18.9,20.2,1012.5,426.9,Weather Station
2024-07-30,Karachi,24.8607,67.0011,39.8,86.1,12.2,25.2,1012.1,419.2,Satellite Telemetry
2024-07-30,Lahore,31.5204,74.3587,34.4,70.3,34.0,24.8,1011.4,425.3,Satellite Telemetry
2024-07-30,Islamabad,33.6844,73.0479,29.4,61.1,47.8,26.4,1016.2,407.5,Satellite Telemetry
2024-07-30,Peshawar,34.0151,71.5249,33.1,65.7,28.7,17.5,1017.5,413.7,Weather Station
2024-07-30,Quetta,30.1798,66.975,25.7,47.5,13.0,11.0,1016.2,398.6,Satellite Telemetry
2024-07-30,Multan,30.1575,71.5249,37.9,64.7,17.7,20.2,1011.2,426.0,Environmental IoT
2024-07-30,Hyderabad,25.396,68.3578,38.9,79.6,19.5,24.4,1013.3,415.1,Environmental IoT
2024-07-30,Faisalabad,31.4504,73.135,35.2,70.4,26.4,24.9,1012.5,427.6,Environmental IoT
2024-07-31,Karachi,24.8607,67.0011,36.6,85.8,9.0,23.5,1013.4,423.6,Sensor Network
2024-07-31,Lahore,31.5204,74.3587,33.8,73.5,26.5,20.4,1013.8,427.1,Weather Station
2024-07-31,Islamabad,33.6844,73.0479,30.4,61.5,48.5,18.6,1015.4,409.2,Weather Station
2024-07-31,Peshawar,34.0151,71.5249,30.6,61.7,27.8,25.5,1012.8,413.3,Satellite Telemetry
2024-07-31,Quetta,30.1798,66.975,25.2,48.4,11.5,13.8,1016.0,400.6,Satellite Telemetry
2024-07-31,Multan,30.1575,71.5249,39.4,62.9,12.7,11.8,1011.5,424.5,Sensor Network
2024-07-31,Hyderabad,25.396,68.3578,35.9,78.1,15.3,27.6,1014.2,420.0,Weather Station
2024-07-31,Faisalabad,31.4504,73.135,37.9,62.1,22.4,15.3,1013.3,429.1,Environmental IoT
2024-08-01,Karachi,24.8607,67.0011,36.6,79.7,16.1,14.8,1012.9,418.2,Environmental IoT
2024-08-01,Lahore,31.5204,74.3587,32.4,69.2,32.3,24.5,1015.1,425.6,Satellite Telemetry
2024-08-01,Islamabad,33.6844,73.0479,29.2,61.0,46.9,17.2,1018.1,410.8,Sensor Network
2024-08-01,Peshawar,34.0151,71.5249,30.4,65.5,27.1,11.8,1016.3,410.4,Sensor Network
2024-08-01,Quetta,30.1798,66.975,23.6,47.9,8.5,27.3,1016.6,401.9,Sensor Network
2024-08-01,Multan,30.1575,71.5249,39.7,55.3,13.4,10.7,1010.6,420.5,Weather Station
2024-08-01,Hyderabad,25.396,68.3578,35.7,75.8,20.0,24.5,1013.0,416.2,Satellite Telemetry
2024-08-01,Faisalabad,31.4504,73.135,33.0,71.0,25.5,10.7,1015.9,428.3,Weather Station
2024-08-02,Karachi,24.8607,67.0011,35.3,84.5,9.7,22.2,1009.5,418.4,Sensor Network
2024-08-02,Lahore,31.5204,74.3587,35.8,67.2,28.9,25.0,1011.4,424.7,Sensor Network
2024-08-02,Islamabad,33.6844,73.0479,30.8,61.7,48.5,27.0,1013.8,410.7,Satellite Telemetry
2024-08-02,Peshawar,34.0151,71.5249,32.9,61.6,26.7,15.7,1017.4,410.7,Environmental IoT
2024-08-02,Quetta,30.1798,66.975,26.7,52.2,12.3,17.8,1018.1,400.5,Sensor Network
2024-08-02,Multan,30.1575,71.5249,38.3,63.9,12.7,25.4,1011.0,425.6,Satellite Telemetry
2024-08-02,Hyderabad,25.396,68.3578,37.8,75.2,16.6,15.4,1010.0,416.1,Environmental IoT
2024-08-02,Faisalabad,31.4504,73.135,33.0,69.5,23.3,10.1,1013.0,428.4,Weather Station
2024-08-03,Karachi,24.8607,67.0011,38.1,80.8,10.6,27.1,1011.6,423.8,Satellite Telemetry
2024-08-03,Lahore,31.5204,74.3587,32.2,71.4,29.8,20.0,1016.5,422.3,Satellite Telemetry
2024-08-03,Islamabad,33.6844,73.0479,29.6,63.1,41.7,13.1,1016.9,410.2,Satellite Telemetry
2024-08-03,Peshawar,34.0151,71.5249,30.3,65.8,27.1,12.7,1016.5,414.5,Weather Station
2024-08-03,Quetta,30.1798,66.975,23.6,44.5,6.3,17.0,1016.5,398.4,Environmental IoT
2024-08-03,Multan,30.1575,71.5249,38.7,56.7,15.4,16.0,1012.8,423.7,Satellite Telemetry
2024-08-03,Hyderabad,25.396,68.3578,37.4,83.4,16.0,15.6,1013.5,414.5,Sensor Network
2024-08-03,Faisalabad,31.4504,73.135,34.9,63.0,23.5,14.4,1013.6,428.5,Weather Station
2024-08-04,Karachi,24.8607,67.0011,35.5,85.1,13.4,10.9,1010.5,421.6,Weather Station
2024-08-04,Lahore,31.5204,74.3587,34.0,69.6,28.4,12.3,1015.7,426.2,Satellite Telemetry
2024-08-04,Islamabad,33.6844,73.0479,27.9,67.5,46.5,10.8,1016.6,409.3,Weather Station
2024-08-04,Peshawar,34.0151,71.5249,29.7,65.5,21.9,16.5,1014.3,414.0,Weather Station
2024-08-04,Quetta,30.1798,66.975,24.9,50.9,11.3,24.9,1018.0,401.0,Sensor Network
2024-08-04,Multan,30.1575,71.5249,38.2,64.3,15.8,16.6,1014.8,421.3,Satellite Telemetry
2024-08-04,Hyderabad,25.396,68.3578,34.2,75.0,18.2,13.2,1013.8,415.3,Sensor Network
2024-08-04,Faisalabad,31.4504,73.135,33.8,70.1,24.3,16.6,1012.4,427.4,Environmental IoT
2024-08-05,Karachi,24.8607,67.0011,36.1,81.8,11.4,18.6,1013.4,421.9,Environmental IoT
2024-08-05,Lahore,31.5204,74.3587,35.2,66.0,29.0,22.5,1013.8,426.1,Environmental IoT
2024-08-05,Islamabad,33.6844,73.0479,27.8,63.1,43.9,11.2,1016.7,407.1,Sensor Network
2024-08-05,Peshawar,34.0151,71.5249,32.8,58.7,26.2,18.6,1014.8,414.0,Satellite Telemetry
2024-08-05,Quetta,30.1798,66.975,24.9,53.5,13.8,18.8,1018.0,402.0,Satellite Telemetry
2024-08-05,Multan,30.1575,71.5249,39.9,59.4,15.1,13.6,1012.0,422.0,Environmental IoT
2024-08-05,Hyderabad,25.396,68.3578,35.9,83.6,16.6,17.6,1009.3,419.1,Sensor Network
2024-08-05,Faisalabad,31.4504,73.135,33.8,62.7,23.1,17.7,1012.9,427.0,Weather Station
2024-08-06,Karachi,24.8607,67.0011,38.7,88.1,15.6,16.2,1012.7,422.2,Weather Station
2024-08-06,Lahore,31.5204,74.3587,35.4,71.7,26.8,10.5,1015.4,423.6,Sensor Network
2024-08-06,Islamabad,33.6844,73.0479,28.7,60.1,48.0,23.4,1018.0,409.9,Environmental IoT
2024-08-06,Peshawar,34.0151,71.5249,32.8,65.9,21.7,21.9,1017.2,414.2,Environmental IoT
2024-08-06,Quetta,30.1798,66.975,23.3,53.6,13.2,22.7,1016.0,403.2,Environmental IoT
2024-08-06,Multan,30.1575,71.5249,39.5,58.0,18.3,20.0,1010.9,421.4,Satellite Telemetry
2024-08-06,Hyderabad,25.396,68.3578,36.8,80.9,14.6,25.6,1014.1,418.2,Sensor Network
2024-08-06,Faisalabad,31.4504,73.135,33.8,64.7,20.2,13.4,1013.6,426.2,Satellite Telemetry
2024-08-07,Karachi,24.8607,67.0011,35.7,85.2,10.5,21.7,1010.3,420.5,Satellite Telemetry
2024-08-07,Lahore,31.5204,74.3587,32.7,71.2,27.5,24.2,1012.9,425.5,Environmental IoT
2024-08-07,Islamabad,33.6844,73.0479,30.4,65.3,43.8,16.9,1013.2,405.5,Weather Station
2024-08-07,Peshawar,34.0151,71.5249,32.9,61.1,27.8,18.4,1015.8,413.1,Sensor Network
2024-08-07,Quetta,30.1798,66.975,23.0,46.2,8.3,22.9,1016.7,399.9,Sensor Network
2024-08-07,Multan,30.1575,71.5249,38.5,57.4,12.7,17.9,1013.3,422.6,Environmental IoT
2024-08-07,Hyderabad,25.396,68.3578,36.7,83.4,15.9,11.9,1014.9,414.3,Sensor Network
2024-08-07,Faisalabad,31.4504,73.135,34.9,62.2,24.9,13.7,1012.7,424.9,Environmental IoT
2024-08-08,Karachi,24.8607,67.0011,37.7,81.7,15.8,22.2,1008.2,419.3,Satellite Telemetry
2024-08-08,Lahore,31.5204,74.3587,35.4,73.3,33.3,26.0,1013.1,422.5,Satellite Telemetry
2024-08-08,Islamabad,33.6844,73.0479,30.7,68.9,47.1,21.3,1016.6,410.2,Sensor Network
2024-08-08,Peshawar,34.0151,71.5249,32.6,60.4,23.8,27.2,1013.6,412.3,Weather Station
2024-08-08,Quetta,30.1798,66.975,24.4,50.1,10.6,23.4,1018.7,403.9,Environmental IoT
2024-08-08,Multan,30.1575,71.5249,36.2,55.8,11.5,16.6,1010.8,420.7,Satellite Telemetry
2024-08-08,Hyderabad,25.396,68.3578,36.3,79.2,20.4,18.3,1011.4,416.2,Weather Station
2024-08-08,Faisalabad,31.4504,73.135,35.8,62.9,26.5,22.8,1011.2,429.4,Weather Station
2024-08-09,Karachi,24.8607,67.0011,37.7,80.9,10.6,13.2,1009.2,420.1,Satellite Telemetry
2024-08-09,Lahore,31.5204,74.3587,32.5,65.8,29.9,23.5,1015.7,428.1,Weather Station
2024-08-09,Islamabad,33.6844,73.0479,30.4,65.5,43.4,27.4,1015.6,406.1,Weather Station
2024-08-09,Peshawar,34.0151,71.5249,31.4,59.0,26.7,13.4,1015.9,414.8,Weather Station
2024-08-09,Quetta,30.1798,66.975,23.5,50.2,13.8,12.7,1017.0,401.2,Weather Station
2024-08-09,Multan,30.1575,71.5249,38.1,57.3,12.3,21.3,1011.0,424.9,Satellite Telemetry
2024-08-09,Hyderabad,25.396,68.3578,35.6,77.1,15.2,26.7,1011.9,416.5,Environmental IoT
2024-08-09,Faisalabad,31.4504,73.135,35.0,61.5,21.5,26.7,1015.5,426.1,Sensor Network
2024-08-10,Karachi,24.8607,67.0011,36.2,83.7,13.5,10.7,1012.8,422.6,Sensor Network
2024-08-10,Lahore,31.5204,74.3587,33.0,73.2,27.4,22.2,1014.9,425.7,Weather Station
2024-08-10,Islamabad,33.6844,73.0479,28.4,62.3,47.3,15.4,1018.9,408.4,Weather Station
2024-08-10,Peshawar,34.0151,71.5249,32.7,58.2,22.9,16.1,1014.3,413.8,Environmental IoT
2024-08-10,Quetta,30.1798,66.975,25.5,50.5,9.1,25.0,1016.1,399.2,Satellite Telemetry
2024-08-10,Multan,30.1575,71.5249,39.7,62.8,14.7,14.1,1009.1,422.3,Sensor Network
2024-08-10,Hyderabad,25.396,68.3578,37.6,76.2,18.3,10.9,1011.1,418.4,Sensor Network
2024-08-10,Faisalabad,31.4504,73.135,36.7,69.6,21.9,17.0,1010.8,425.9,Sensor Network
2024-08-11,Karachi,24.8607,67.0011,38.6,89.3,15.9,15.8,1013.0,419.0,Environmental IoT
2024-08-11,Lahore,31.5204,74.3587,33.8,70.2,28.0,27.6,1011.5,424.7,Satellite Telemetry
2024-08-11,Islamabad,33.6844,73.0479,29.3,62.4,43.3,15.4,1015.5,407.1,Environmental IoT
2024-08-11,Peshawar,34.0151,71.5249,29.4,61.2,24.2,11.4,1013.2,411.8,Satellite Telemetry
2024-08-11,Quetta,30.1798,66.975,26.3,53.5,9.2,21.4,1018.2,404.0,Sensor Network
2024-08-11,Multan,30.1575,71.5249,38.3,60.7,14.3,26.2,1013.2,421.0,Environmental IoT
2024-08-11,Hyderabad,25.396,68.3578,37.4,81.6,20.1,17.8,1009.2,420.3,Sensor Network
2024-08-11,Faisalabad,31.4504,73.135,36.3,67.3,26.4,20.3,1010.8,429.5,Weather Station
2024-08-12,Karachi,24.8607,67.0011,38.4,83.1,14.6,25.3,1009.1,419.3,Sensor Network
2024-08-12,Lahore,31.5204,74.3587,33.0,71.3,27.2,23.9,1015.0,422.8,Environmental IoT
2024-08-12,Islamabad,33.6844,73.0479,27.1,64.6,46.6,14.0,1018.8,409.0,Weather Station
2024-08-12,Peshawar,34.0151,71.5249,32.6,64.1,28.8,21.9,1014.0,414.1,Weather Station
2024-08-12,Quetta,30.1798,66.975,25.4,49.6,13.9,11.4,1019.9,403.3,Environmental IoT
2024-08-12,Multan,30.1575,71.5249,36.1,63.3,14.2,15.7,1011.1,425.1,Environmental IoT
2024-08-12,Hyderabad,25.396,68.3578,34.7,81.7,17.7,14.7,1009.9,416.4,Weather Station
2024-08-12,Faisalabad,31.4504,73.135,34.6,71.2,22.2,25.3,1013.9,424.6,Environmental IoT
2024-08-13,Karachi,24.8607,67.0011,35.8,86.7,10.5,21.3,1010.2,418.4,Sensor Network
2024-08-13,Lahore,31.5204,74.3587,34.3,65.5,27.5,25.9,1013.1,422.9,Satellite Telemetry
2024-08-13,Islamabad,33.6844,73.0479,29.1,63.0,42.1,19.9,1015.3,410.7,Weather Station
2024-08-13,Peshawar,34.0151,71.5249,31.7,57.8,21.9,16.6,1017.9,415.5,Weather Station
2024-08-13,Quetta,30.1798,66.975,23.9,49.1,13.5,17.6,1020.3,403.9,Environmental IoT
2024-08-13,Multan,30.1575,71.5249,37.4,57.3,17.0,19.7,1013.6,424.2,Sensor Network
2024-08-13,Hyderabad,25.396,68.3578,37.5,76.3,16.8,16.7,1009.9,417.1,Sensor Network
2024-08-13,Faisalabad,31.4504,73.135,36.4,64.8,23.6,15.5,1014.6,425.7,Sensor Network
2024-08-14,Karachi,24.8607,67.0011,35.4,85.0,11.2,17.6,1008.1,420.2,Satellite Telemetry
2024-08-14,Lahore,31.5204,74.3587,35.9,67.6,26.8,13.5,1012.0,424.7,Weather Station
2024-08-14,Islamabad,33.6844,73.0479,28.7,68.5,44.7,12.8,1013.8,409.7,Sensor Network
2024-08-14,Peshawar,34.0151,71.5249,30.6,65.6,27.0,27.4,1013.2,413.6,Weather Station
2024-08-14,Quetta,30.1798,66.975,26.0,45.8,12.6,15.4,1021.9,401.0,Satellite Telemetry
2024-08-14,Multan,30.1575,71.5249,36.5,64.2,12.5,12.2,1014.4,424.7,Weather Station
2024-08-14,Hyderabad,25.396,68.3578,34.6,81.9,17.7,13.2,1010.9,416.8,Weather Station
2024-08-14,Faisalabad,31.4504,73.135,35.8,70.7,26.3,21.0,1011.3,427.3,Satellite Telemetry
2024-08-15,Karachi,24.8607,67.0011,37.4,79.9,15.1,20.9,1011.3,422.4,Environmental IoT
2024-08-15,Lahore,31.5204,74.3587,33.8,71.1,31.2,13.8,1013.8,425.9,Satellite Telemetry
2024-08-15,Islamabad,33.6844,73.0479,28.5,63.0,44.2,26.1,1016.8,410.2,Sensor Network
2024-08-15,Peshawar,34.0151,71.5249,29.3,63.4,21.5,27.7,1012.4,414.5,Satellite Telemetry
2024-08-15,Quetta,30.1798,66.975,23.9,50.0,13.4,27.1,1017.9,402.7,Weather Station
2024-08-15,Multan,30.1575,71.5249,36.4,54.9,14.9,14.9,1009.0,425.4,Sensor Network
2024-08-15,Hyderabad,25.396,68.3578,34.6,76.2,14.4,20.4,1010.1,414.8,Sensor Network
2024-08-15,Faisalabad,31.4504,73.135,34.6,67.1,23.1,21.0,1015.6,427.1,Satellite Telemetry
2024-08-16,Karachi,24.8607,67.0011,38.8,87.6,14.5,23.9,1008.1,422.3,Environmental IoT
2024-08-16,Lahore,31.5204,74.3587,34.7,71.7,30.4,16.0,1013.6,426.7,Weather Station
2024-08-16,Islamabad,33.6844,73.0479,28.9,65.0,48.6,14.6,1017.8,408.6,Sensor Network
2024-08-16,Peshawar,34.0151,71.5249,30.5,59.0,21.1,12.3,1017.7,415.6,Sensor Network
2024-08-16,Quetta,30.1798,66.975,23.4,50.1,7.9,27.1,1016.9,400.9,Weather Station
2024-08-16,Multan,30.1575,71.5249,39.4,61.5,14.8,27.7,1011.2,420.7,Sensor Network
2024-08-16,Hyderabad,25.396,68.3578,34.3,77.3,20.7,20.5,1010.8,419.9,Satellite Telemetry
2024-08-16,Faisalabad,31.4504,73.135,33.9,65.1,22.3,17.0,1011.7,429.5,Weather Station
2024-08-17,Karachi,24.8607,67.0011,38.8,87.6,12.5,17.9,1013.3,419.9,Sensor Network
2024-08-17,Lahore,31.5204,74.3587,32.3,68.8,30.6,17.3,1014.9,423.8,Environmental IoT
2024-08-17,Islamabad,33.6844,73.0479,28.6,67.0,47.6,14.1,1013.4,409.6,Environmental IoT
2024-08-17,Peshawar,34.0151,71.5249,30.1,66.3,27.2,11.4,1012.9,414.1,Sensor Network
2024-08-17,Quetta,30.1798,66.975,26.2,47.7,12.8,15.7,1020.1,401.9,Sensor Network
2024-08-17,Multan,30.1575,71.5249,39.5,62.8,17.8,13.5,1009.5,420.6,Environmental IoT
2024-08-17,Hyderabad,25.396,68.3578,34.3,79.2,13.8,15.4,1011.3,419.5,Weather Station
2024-08-17,Faisalabad,31.4504,73.135,34.4,70.5,23.6,18.1,1011.4,426.3,Satellite Telemetry
2024-08-18,Karachi,24.8607,67.0011,35.4,85.0,14.5,21.8,1013.6,423.3,Satellite Telemetry
2024-08-18,Lahore,31.5204,74.3587,33.7,65.2,32.1,19.1,1016.0,424.1,Weather Station
2024-08-18,Islamabad,33.6844,73.0479,29.9,60.9,41.8,19.8,1015.8,411.4,Weather Station
2024-08-18,Peshawar,34.0151,71.5249,32.5,58.4,28.5,12.5,1017.6,412.3,Satellite Telemetry
2024-08-18,Quetta,30.1798,66.975,24.0,51.4,8.8,18.0,1020.1,400.6,Satellite Telemetry
2024-08-18,Multan,30.1575,71.5249,36.6,61.5,17.1,20.7,1014.2,424.9,Satellite Telemetry
2024-08-18,Hyderabad,25.396,68.3578,37.4,75.8,14.0,21.2,1012.2,414.5,Weather Station
2024-08-18,Faisalabad,31.4504,73.135,33.6,68.8,21.2,13.5,1011.1,429.7,Environmental IoT
2024-08-19,Karachi,24.8607,67.0011,36.1,85.3,8.8,22.5,1010.6,418.9,Environmental IoT
2024-08-19,Lahore,31.5204,74.3587,35.5,66.3,32.6,17.2,1011.1,423.1,Satellite Telemetry
2024-08-19,Islamabad,33.6844,73.0479,28.3,67.0,44.3,13.7,1013.6,411.2,Satellite Telemetry
2024-08-19,Peshawar,34.0151,71.5249,31.1,61.9,23.2,13.0,1017.8,414.6,Satellite Telemetry
2024-08-19,Quetta,30.1798,66.975,25.3,47.1,11.7,21.5,1019.4,402.4,Environmental IoT
2024-08-19,Multan,30.1575,71.5249,38.3,63.3,17.2,14.2,1013.7,421.7,Environmental IoT
2024-08-19,Hyderabad,25.396,68.3578,34.6,77.9,19.5,21.5,1011.5,417.9,Weather Station
2024-08-19,Faisalabad,31.4504,73.135,35.3,70.9,19.7,20.8,1012.5,427.6,Environmental IoT
2024-08-20,Karachi,24.8607,67.0011,35.1,84.1,9.9,11.2,1012.3,424.2,Satellite Telemetry
2024-08-20,Lahore,31.5204,74.3587,34.6,70.1,32.2,19.2,1014.4,424.9,Environmental IoT
2024-08-20,Islamabad,33.6844,73.0479,29.0,65.7,47.4,20.3,1016.0,411.2,Satellite Telemetry
2024-08-20,Peshawar,34.0151,71.5249,30.9,60.6,24.3,26.9,1015.7,412.4,Weather Station
2024-08-20,Quetta,30.1798,66.975,24.2,50.6,10.4,22.2,1017.7,402.5,Environmental IoT
2024-08-20,Multan,30.1575,71.5249,39.0,61.7,11.2,12.4,1012.0,424.5,Weather Station
2024-08-20,Hyderabad,25.396,68.3578,35.7,79.9,13.7,13.0,1013.3,414.7,Satellite Telemetry
2024-08-20,Faisalabad,31.4504,73.135,36.8,64.2,25.6,18.0,1015.4,429.6,Environmental IoT
2024-08-21,Karachi,24.8607,67.0011,36.7,81.4,11.7,15.7,1013.4,422.8,Weather Station
2024-08-21,Lahore,31.5204,74.3587,34.2,69.0,27.5,16.1,1013.5,426.7,Sensor Network
2024-08-21,Islamabad,33.6844,73.0479,28.4,68.7,41.7,21.4,1018.8,410.1,Weather Station
2024-08-21,Peshawar,34.0151,71.5249,31.0,66.7,26.8,16.0,1016.5,416.1,Sensor Network
2024-08-21,Quetta,30.1798,66.975,25.1,51.0,8.7,27.2,1016.7,400.1,Weather Station
2024-08-21,Multan,30.1575,71.5249,39.2,60.9,12.0,17.7,1013.8,421.7,Sensor Network
2024-08-21,Hyderabad,25.396,68.3578,34.0,78.3,21.4,11.0,1012.5,415.5,Weather Station
2024-08-21,Faisalabad,31.4504,73.135,33.4,63.6,25.3,15.1,1012.4,425.0,Satellite Telemetry
2024-08-22,Karachi,24.8607,67.0011,37.1,86.7,10.8,18.6,1011.7,421.6,Weather Station
2024-08-22,Lahore,31.5204,74.3587,33.8,68.7,31.3,23.4,1015.2,427.3,Satellite Telemetry
2024-08-22,Islamabad,33.6844,73.0479,28.4,67.1,41.8,13.3,1014.5,408.0,Environmental IoT
2024-08-22,Peshawar,34.0151,71.5249,32.4,57.8,28.1,11.4,1017.8,415.3,Sensor Network
2024-08-22,Quetta,30.1798,66.975,26.0,53.4,8.4,24.3,1017.7,400.9,Environmental IoT
2024-08-22,Multan,30.1575,71.5249,37.4,55.3,11.5,14.5,1010.2,421.5,Environmental IoT
2024-08-22,Hyderabad,25.396,68.3578,34.6,79.3,19.8,10.9,1011.7,414.6,Sensor Network
2024-08-22,Faisalabad,31.4504,73.135,36.1,68.9,21.5,13.3,1014.6,427.4,Environmental IoT
2024-08-23,Karachi,24.8607,67.0011,36.5,87.5,9.3,18.7,1010.6,423.8,Weather Station
2024-08-23,Lahore,31.5204,74.3587,32.0,69.4,27.1,19.9,1012.3,424.6,Satellite Telemetry
2024-08-23,Islamabad,33.6844,73.0479,30.8,68.8,42.4,15.3,1018.4,405.6,Sensor Network
2024-08-23,Peshawar,34.0151,71.5249,30.8,67.3,26.7,20.5,1015.5,412.1,Sensor Network
2024-08-23,Quetta,30.1798,66.975,24.5,49.1,7.6,17.1,1017.0,399.6,Satellite Telemetry
2024-08-23,Multan,30.1575,71.5249,36.3,54.8,11.9,10.2,1012.6,426.0,Environmental IoT
2024-08-23,Hyderabad,25.396,68.3578,37.0,78.3,18.7,26.2,1010.2,420.2,Environmental IoT
2024-08-23,Faisalabad,31.4504,73.135,34.1,68.0,23.5,28.0,1015.6,428.9,Satellite Telemetry
2024-08-24,Karachi,24.8607,67.0011,38.4,84.7,13.5,12.3,1008.7,421.4,Environmental IoT
2024-08-24,Lahore,31.5204,74.3587,33.0,66.6,30.5,24.0,1014.6,423.8,Environmental IoT
2024-08-24,Islamabad,33.6844,73.0479,27.0,64.4,43.2,26.5,1018.4,411.0,Environmental IoT
2024-08-24,Peshawar,34.0151,71.5249,31.0,58.1,25.2,10.6,1014.5,410.9,Environmental IoT
2024-08-24,Quetta,30.1798,66.975,25.5,51.3,10.2,18.3,1017.6,402.6,Satellite Telemetry
2024-08-24,Multan,30.1575,71.5249,38.5,60.1,12.2,22.7,1011.8,426.3,Sensor Network
2024-08-24,Hyderabad,25.396,68.3578,35.6,79.2,20.5,10.3,1009.6,416.6,Satellite Telemetry
2024-08-24,Faisalabad,31.4504,73.135,35.4,71.0,21.8,17.0,1015.3,424.8,Environmental IoT
2024-08-25,Karachi,24.8607,67.0011,37.2,83.4,13.7,23.8,1011.3,419.9,Sensor Network
2024-08-25,Lahore,31.5204,74.3587,35.1,72.4,27.0,20.1,1016.8,425.8,Environmental IoT
2024-08-25,Islamabad,33.6844,73.0479,30.4,65.0,46.4,23.8,1015.0,406.4,Weather Station
2024-08-25,Peshawar,34.0151,71.5249,30.4,58.9,24.3,15.2,1016.2,413.3,Satellite Telemetry
2024-08-25,Quetta,30.1798,66.975,23.7,54.0,11.9,12.7,1018.0,404.1,Satellite Telemetry
2024-08-25,Multan,30.1575,71.5249,36.9,57.0,15.0,16.6,1014.6,422.9,Sensor Network
2024-08-25,Hyderabad,25.396,68.3578,34.1,77.0,17.1,21.8,1010.5,416.2,Sensor Network
2024-08-25,Faisalabad,31.4504,73.135,35.4,71.0,22.8,13.2,1013.4,430.5,Environmental IoT
2024-08-26,Karachi,24.8607,67.0011,35.9,82.1,9.6,23.5,1008.8,421.1,Environmental IoT
2024-08-26,Lahore,31.5204,74.3587,33.1,71.0,27.5,21.7,1015.7,427.4,Sensor Network
2024-08-26,Islamabad,33.6844,73.0479,28.2,67.1,46.1,17.9,1014.3,406.8,Satellite Telemetry
2024-08-26,Peshawar,34.0151,71.5249,32.9,59.5,28.9,23.3,1013.2,411.5,Environmental IoT
2024-08-26,Quetta,30.1798,66.975,25.2,45.1,9.1,27.6,1020.3,403.9,Weather Station
2024-08-26,Multan,30.1575,71.5249,39.7,58.5,13.7,17.4,1011.3,420.7,Satellite Telemetry
2024-08-26,Hyderabad,25.396,68.3578,37.8,74.6,19.5,25.0,1014.8,416.1,Weather Station
2024-08-26,Faisalabad,31.4504,73.135,35.4,66.1,22.9,23.5,1011.1,424.6,Environmental IoT
2024-08-27,Karachi,24.8607,67.0011,37.9,86.9,9.1,26.7,1012.0,423.7,Weather Station
2024-08-27,Lahore,31.5204,74.3587,35.9,69.9,30.3,15.8,1016.1,426.3,Sensor Network
2024-08-27,Islamabad,33.6844,73.0479,27.1,69.3,41.5,26.9,1014.9,406.8,Sensor Network
2024-08-27,Peshawar,34.0151,71.5249,31.7,65.9,26.4,15.8,1013.9,414.5,Weather Station
2024-08-27,Quetta,30.1798,66.975,25.5,47.1,8.3,25.3,1016.9,398.9,Sensor Network
2024-08-27,Multan,30.1575,71.5249,39.1,61.9,14.2,22.6,1012.5,425.6,Sensor Network
2024-08-27,Hyderabad,25.396,68.3578,35.7,76.0,19.5,22.0,1009.2,415.3,Environmental IoT
2024-08-27,Faisalabad,31.4504,73.135,36.9,69.4,22.4,19.9,1011.2,425.2,Weather Station
2024-08-28,Karachi,24.8607,67.0011,36.0,83.9,15.2,27.3,1008.7,418.6,Weather Station
2024-08-28,Lahore,31.5204,74.3587,32.1,74.3,30.1,15.5,1011.4,425.1,Environmental IoT
2024-08-28,Islamabad,33.6844,73.0479,27.1,63.6,44.2,26.9,1015.2,408.4,Weather Station
2024-08-28,Peshawar,34.0151,71.5249,32.5,62.1,22.5,13.8,1012.3,410.8,Weather Station
2024-08-28,Quetta,30.1798,66.975,25.6,44.7,13.4,25.6,1016.6,402.6,Sensor Network
2024-08-28,Multan,30.1575,71.5249,37.4,64.3,15.4,10.8,1010.9,422.1,Satellite Telemetry
2024-08-28,Hyderabad,25.396,68.3578,36.3,84.4,14.2,19.2,1010.2,418.2,Satellite Telemetry
2024-08-28,Faisalabad,31.4504,73.135,33.1,67.7,19.9,25.5,1014.7,425.3,Environmental IoT
2024-08-29,Karachi,24.8607,67.0011,37.4,89.1,8.6,19.1,1014.0,420.8,Satellite Telemetry
2024-08-29,Lahore,31.5204,74.3587,33.1,64.6,32.7,12.1,1014.1,427.8,Weather Station
2024-08-29,Islamabad,33.6844,73.0479,29.2,67.2,42.3,16.7,1018.1,407.2,Weather Station
2024-08-29,Peshawar,34.0151,71.5249,31.8,57.6,24.4,19.2,1016.3,410.8,Weather Station
2024-08-29,Quetta,30.1798,66.975,24.9,44.9,7.7,16.6,1021.1,399.5,Environmental IoT
2024-08-29,Multan,30.1575,71.5249,39.8,58.1,18.5,10.5,1013.5,423.6,Satellite Telemetry
2024-08-29,Hyderabad,25.396,68.3578,35.7,78.8,18.5,27.9,1012.7,416.1,Sensor Network
2024-08-29,Faisalabad,31.4504,73.135,36.2,67.8,20.4,18.7,1015.5,428.7,Environmental IoT
2024-08-30,Karachi,24.8607,67.0011,36.0,84.8,10.7,25.0,1009.2,419.4,Environmental IoT
2024-08-30,Lahore,31.5204,74.3587,34.9,66.2,28.1,20.7,1013.8,423.9,Sensor Network
2024-08-30,Islamabad,33.6844,73.0479,27.8,64.0,44.9,22.6,1015.6,409.5,Environmental IoT
2024-08-30,Peshawar,34.0151,71.5249,30.1,67.1,24.0,11.4,1015.7,416.6,Satellite Telemetry
2024-08-30,Quetta,30.1798,66.975,26.6,51.4,7.3,14.3,1017.2,398.8,Sensor Network
2024-08-30,Multan,30.1575,71.5249,37.1,64.2,12.8,11.6,1010.4,422.7,Environmental IoT
2024-08-30,Hyderabad,25.396,68.3578,34.9,84.3,16.0,19.6,1012.7,419.3,Satellite Telemetry
2024-08-30,Faisalabad,31.4504,73.135,35.2,67.7,19.2,27.3,1013.3,425.6,Environmental IoT
2024-08-31,Karachi,24.8607,67.0011,36.5,80.4,13.2,12.9,1009.6,422.6,Environmental IoT
2024-08-31,Lahore,31.5204,74.3587,33.3,65.9,32.8,12.8,1012.6,427.5,Environmental IoT
2024-08-31,Islamabad,33.6844,73.0479,29.5,62.9,46.7,11.3,1015.7,408.8,Weather Station
2024-08-31,Peshawar,34.0151,71.5249,30.6,60.2,24.3,13.1,1015.7,412.6,Weather Station
2024-08-31,Quetta,30.1798,66.975,23.0,49.1,9.6,12.6,1016.7,401.7,Satellite Telemetry
2024-08-31,Multan,30.1575,71.5249,39.3,63.8,17.4,17.5,1012.8,425.9,Environmental IoT
2024-08-31,Hyderabad,25.396,68.3578,35.6,76.5,17.4,16.1,1011.0,416.1,Weather Station
2024-08-31,Faisalabad,31.4504,73.135,34.6,68.6,20.1,22.8,1012.0,426.3,Environmental IoT
2024-09-01,Karachi,24.8607,67.0011,32.5,81.7,16.4,14.9,1013.6,423.3,Environmental IoT
2024-09-01,Lahore,31.5204,74.3587,29.6,72.0,30.6,11.0,1015.4,423.5,Satellite Telemetry
2024-09-01,Islamabad,33.6844,73.0479,26.6,61.0,47.7,12.7,1016.5,405.8,Sensor Network
2024-09-01,Peshawar,34.0151,71.5249,27.7,65.5,22.5,13.5,1014.9,413.4,Sensor Network
2024-09-01,Quetta,30.1798,66.975,20.7,48.3,7.5,11.7,1018.5,402.4,Sensor Network
2024-09-01,Multan,30.1575,71.5249,36.3,58.6,12.6,13.8,1011.2,423.9,Weather Station
2024-09-01,Hyderabad,25.396,68.3578,34.0,80.7,20.9,20.0,1013.7,418.8,Weather Station
2024-09-01,Faisalabad,31.4504,73.135,30.4,63.2,21.4,19.7,1013.0,430.5,Environmental IoT
2024-09-02,Karachi,24.8607,67.0011,32.5,86.4,11.5,20.5,1010.8,419.6,Satellite Telemetry
2024-09-02,Lahore,31.5204,74.3587,32.2,65.8,26.1,14.8,1013.8,426.5,Sensor Network
2024-09-02,Islamabad,33.6844,73.0479,27.1,67.6,47.1,16.6,1015.8,410.5,Sensor Network
2024-09-02,Peshawar,34.0151,71.5249,28.3,64.0,23.4,14.1,1012.4,415.9,Weather Station
2024-09-02,Quetta,30.1798,66.975,21.6,43.6,13.6,18.4,1021.8,404.4,Satellite Telemetry
2024-09-02,Multan,30.1575,71.5249,35.8,61.3,15.8,12.8,1014.7,426.6,Environmental IoT
2024-09-02,Hyderabad,25.396,68.3578,31.8,82.0,18.2,23.6,1014.2,415.8,Environmental IoT
2024-09-02,Faisalabad,31.4504,73.135,30.8,69.4,20.8,16.6,1015.0,424.7,Satellite Telemetry
2024-09-03,Karachi,24.8607,67.0011,33.3,80.4,9.7,19.4,1012.2,420.5,Sensor Network
2024-09-03,Lahore,31.5204,74.3587,30.3,70.7,29.7,11.0,1015.4,423.0,Environmental IoT
2024-09-03,Islamabad,33.6844,73.0479,26.0,58.6,41.9,25.7,1018.8,409.5,Satellite Telemetry
2024-09-03,Peshawar,34.0151,71.5249,28.5,61.5,27.5,21.4,1015.3,414.9,Weather Station
2024-09-03,Quetta,30.1798,66.975,20.9,44.5,7.8,19.0,1018.8,400.2,Satellite Telemetry
2024-09-03,Multan,30.1575,71.5249,36.4,60.9,17.2,16.6,1009.8,424.9,Satellite Telemetry
2024-09-03,Hyderabad,25.396,68.3578,31.8,81.3,19.9,20.8,1011.2,419.4,Sensor Network
2024-09-03,Faisalabad,31.4504,73.135,31.8,63.9,24.4,16.9,1014.8,426.7,Weather Station
2024-09-04,Karachi,24.8607,67.0011,34.3,81.0,14.7,19.1,1009.4,418.8,Satellite Telemetry
2024-09-04,Lahore,31.5204,74.3587,29.9,63.7,32.6,10.6,1015.9,427.2,Environmental IoT
2024-09-04,Islamabad,33.6844,73.0479,25.5,65.2,45.0,25.5,1018.3,406.1,Satellite Telemetry
2024-09-04,Peshawar,34.0151,71.5249,26.3,60.3,27.5,21.7,1014.7,414.0,Weather Station
2024-09-04,Quetta,30.1798,66.975,21.4,51.7,8.9,19.0,1016.9,399.5,Satellite Telemetry
2024-09-04,Multan,30.1575,71.5249,33.8,53.7,14.3,10.7,1012.5,421.4,Weather Station
2024-09-04,Hyderabad,25.396,68.3578,31.2,73.2,14.8,14.2,1009.6,417.4,Satellite Telemetry
2024-09-04,Faisalabad,31.4504,73.135,34.0,66.0,25.0,16.9,1011.1,424.9,Satellite Telemetry
2024-09-05,Karachi,24.8607,67.0011,33.6,86.8,14.3,21.3,1009.6,422.5,Sensor Network
2024-09-05,Lahore,31.5204,74.3587,31.9,65.5,31.3,14.6,1013.9,423.0,Weather Station
2024-09-05,Islamabad,33.6844,73.0479,26.1,66.9,41.2,19.7,1017.0,410.6,Satellite Telemetry
2024-09-05,Peshawar,34.0151,71.5249,27.4,64.1,28.6,10.6,1017.5,411.9,Sensor Network
2024-09-05,Quetta,30.1798,66.975,21.5,46.0,10.6,15.6,1016.5,401.9,Sensor Network
2024-09-05,Multan,30.1575,71.5249,34.2,54.5,12.5,10.7,1012.3,421.9,Satellite Telemetry
2024-09-05,Hyderabad,25.396,68.3578,31.3,74.5,16.7,24.2,1011.0,419.7,Satellite Telemetry
2024-09-05,Faisalabad,31.4504,73.135,32.3,64.3,18.5,10.1,1014.0,427.1,Satellite Telemetry
2024-09-06,Karachi,24.8607,67.0011,32.5,86.0,9.1,12.4,1009.2,424.2,Environmental IoT
2024-09-06,Lahore,31.5204,74.3587,30.5,71.6,26.7,19.5,1016.1,428.0,Sensor Network
2024-09-06,Islamabad,33.6844,73.0479,25.9,59.8,45.9,22.7,1017.5,410.4,Sensor Network
2024-09-06,Peshawar,34.0151,71.5249,29.1,56.3,28.0,10.5,1017.7,415.4,Satellite Telemetry
2024-09-06,Quetta,30.1798,66.975,21.3,50.8,13.6,16.7,1019.8,402.5,Sensor Network
2024-09-06,Multan,30.1575,71.5249,36.5,58.6,18.4,22.8,1010.7,424.4,Environmental IoT
2024-09-06,Hyderabad,25.396,68.3578,32.5,81.7,13.5,24.4,1010.1,420.2,Satellite Telemetry
2024-09-06,Faisalabad,31.4504,73.135,32.3,67.4,25.2,26.2,1011.8,425.4,Weather Station
2024-09-07,Karachi,24.8607,67.0011,35.4,79.0,12.4,11.2,1009.4,421.5,Environmental IoT
2024-09-07,Lahore,31.5204,74.3587,30.2,63.7,31.7,15.3,1012.5,428.3,Sensor Network
2024-09-07,Islamabad,33.6844,73.0479,24.6,60.3,44.2,20.5,1015.2,411.2,Weather Station
2024-09-07,Peshawar,34.0151,71.5249,28.2,60.9,21.7,26.4,1013.5,413.2,Satellite Telemetry
2024-09-07,Quetta,30.1798,66.975,21.6,46.8,11.1,14.6,1016.1,404.1,Satellite Telemetry
2024-09-07,Multan,30.1575,71.5249,33.3,53.8,18.9,12.5,1011.0,424.7,Satellite Telemetry
2024-09-07,Hyderabad,25.396,68.3578,31.6,78.4,19.8,14.2,1013.2,416.7,Weather Station
2024-09-07,Faisalabad,31.4504,73.135,32.3,61.6,24.9,14.6,1012.2,428.2,Weather Station
2024-09-08,Karachi,24.8607,67.0011,32.5,87.5,13.1,14.8,1010.3,424.1,Sensor Network
2024-09-08,Lahore,31.5204,74.3587,32.6,65.4,27.0,15.7,1013.9,423.1,Weather Station
2024-09-08,Islamabad,33.6844,73.0479,26.7,61.0,45.0,10.1,1014.1,409.6,Sensor Network
2024-09-08,Peshawar,34.0151,71.5249,29.1,58.6,26.3,13.5,1015.3,413.2,Environmental IoT
2024-09-08,Quetta,30.1798,66.975,23.2,51.3,12.6,16.7,1021.7,404.2,Satellite Telemetry
2024-09-08,Multan,30.1575,71.5249,34.2,61.4,13.6,11.7,1011.2,423.9,Weather Station
2024-09-08,Hyderabad,25.396,68.3578,32.1,74.5,15.1,16.4,1013.1,420.1,Weather Station
2024-09-08,Faisalabad,31.4504,73.135,32.4,69.0,19.2,17.8,1015.3,426.8,Environmental IoT
2024-09-09,Karachi,24.8607,67.0011,33.4,84.8,15.9,16.0,1008.3,421.7,Satellite Telemetry
2024-09-09,Lahore,31.5204,74.3587,30.6,63.9,29.9,24.3,1014.5,425.1,Satellite Telemetry
2024-09-09,Islamabad,33.6844,73.0479,26.0,65.0,48.3,18.4,1016.6,410.1,Environmental IoT
2024-09-09,Peshawar,34.0151,71.5249,29.3,64.7,24.8,16.6,1016.6,414.4,Environmental IoT
2024-09-09,Quetta,30.1798,66.975,22.7,49.2,6.7,27.1,1018.6,401.8,Sensor Network
2024-09-09,Multan,30.1575,71.5249,34.9,55.8,11.8,26.8,1014.3,424.6,Environmental IoT
2024-09-09,Hyderabad,25.396,68.3578,33.1,76.5,20.0,20.2,1014.4,418.6,Weather Station
2024-09-09,Faisalabad,31.4504,73.135,30.7,63.0,19.9,19.9,1011.5,428.1,Satellite Telemetry
2024-09-10,Karachi,24.8607,67.0011,32.1,82.7,12.1,11.2,1010.3,421.4,Satellite Telemetry
2024-09-10,Lahore,31.5204,74.3587,32.0,63.7,30.2,10.3,1014.8,427.0,Environmental IoT
2024-09-10,Islamabad,33.6844,73.0479,26.6,67.3,46.0,12.5,1013.4,407.3,Environmental IoT
2024-09-10,Peshawar,34.0151,71.5249,28.9,62.2,21.3,10.8,1014.8,410.8,Sensor Network
2024-09-10,Quetta,30.1798,66.975,21.8,52.9,8.7,20.4,1017.9,403.2,Sensor Network
2024-09-10,Multan,30.1575,71.5249,34.5,58.3,16.1,12.4,1010.0,423.1,Weather Station
2024-09-10,Hyderabad,25.396,68.3578,34.1,80.3,19.2,20.0,1012.1,415.9,Environmental IoT
2024-09-10,Faisalabad,31.4504,73.135,33.9,69.9,22.9,16.3,1015.1,427.1,Environmental IoT
2024-09-11,Karachi,24.8607,67.0011,33.5,86.8,9.0,22.2,1013.5,421.1,Sensor Network
2024-09-11,Lahore,31.5204,74.3587,31.7,71.5,31.0,18.2,1014.2,426.5,Satellite Telemetry
2024-09-11,Islamabad,33.6844,73.0479,24.6,67.3,46.3,11.0,1018.9,406.7,Sensor Network
2024-09-11,Peshawar,34.0151,71.5249,26.7,65.6,25.2,27.1,1013.0,412.6,Satellite Telemetry
2024-09-11,Quetta,30.1798,66.975,23.5,46.6,6.2,23.4,1019.7,403.5,Environmental IoT
2024-09-11,Multan,30.1575,71.5249,35.0,58.1,17.3,11.1,1013.9,424.8,Satellite Telemetry
2024-09-11,Hyderabad,25.396,68.3578,31.6,75.7,13.6,18.6,1011.8,416.7,Environmental IoT
2024-09-11,Faisalabad,31.4504,73.135,32.1,66.8,19.5,22.1,1013.0,428.1,Satellite Telemetry
2024-09-12,Karachi,24.8607,67.0011,34.8,83.0,10.5,20.8,1013.2,419.2,Environmental IoT
2024-09-12,Lahore,31.5204,74.3587,32.8,65.8,27.6,20.1,1015.4,426.4,Satellite Telemetry
2024-09-12,Islamabad,33.6844,73.0479,24.3,61.1,41.4,14.9,1014.8,406.7,Weather Station
2024-09-12,Peshawar,34.0151,71.5249,26.2,57.5,27.8,18.1,1014.8,416.8,Satellite Telemetry
2024-09-12,Quetta,30.1798,66.975,23.6,47.4,12.0,24.9,1020.2,401.3,Sensor Network
2024-09-12,Multan,30.1575,71.5249,36.0,57.0,12.5,12.8,1013.4,424.3,Sensor Network
2024-09-12,Hyderabad,25.396,68.3578,32.6,75.8,14.4,20.8,1011.4,419.8,Weather Station
2024-09-12,Faisalabad,31.4504,73.135,31.3,68.7,19.5,14.7,1011.8,430.4,Sensor Network
2024-09-13,Karachi,24.8607,67.0011,34.5,83.1,8.7,21.7,1012.9,423.4,Environmental IoT
2024-09-13,Lahore,31.5204,74.3587,32.6,64.7,30.2,19.3,1011.5,424.1,Weather Station
2024-09-13,Islamabad,33.6844,73.0479,25.4,64.2,47.8,20.5,1016.8,408.8,Environmental IoT
2024-09-13,Peshawar,34.0151,71.5249,26.6,64.2,25.5,21.3,1012.1,416.1,Weather Station
2024-09-13,Quetta,30.1798,66.975,22.2,51.5,8.4,18.2,1022.0,399.1,Weather Station
2024-09-13,Multan,30.1575,71.5249,36.9,59.4,18.7,11.5,1010.5,424.9,Sensor Network
2024-09-13,Hyderabad,25.396,68.3578,33.1,73.3,15.8,21.9,1011.9,417.0,Satellite Telemetry
2024-09-13,Faisalabad,31.4504,73.135,30.4,65.2,22.6,21.8,1013.8,428.4,Weather Station
2024-09-14,Karachi,24.8607,67.0011,35.9,81.3,12.4,11.7,1012.8,420.8,Sensor Network
2024-09-14,Lahore,31.5204,74.3587,30.8,65.4,31.0,19.6,1013.7,423.3,Environmental IoT
2024-09-14,Islamabad,33.6844,73.0479,24.9,67.4,43.6,23.2,1015.2,410.9,Satellite Telemetry
2024-09-14,Peshawar,34.0151,71.5249,28.4,60.0,24.1,18.7,1015.4,412.4,Sensor Network
2024-09-14,Quetta,30.1798,66.975,23.5,43.9,13.5,16.7,1016.2,399.8,Satellite Telemetry
2024-09-14,Multan,30.1575,71.5249,35.7,61.8,13.8,20.3,1012.6,422.3,Satellite Telemetry
2024-09-14,Hyderabad,25.396,68.3578,34.5,82.7,17.2,14.6,1011.0,417.2,Environmental IoT
2024-09-14,Faisalabad,31.4504,73.135,32.1,60.2,23.8,20.8,1012.7,427.8,Sensor Network
2024-09-15,Karachi,24.8607,67.0011,35.8,86.8,10.4,22.0,1008.2,423.7,Weather Station
2024-09-15,Lahore,31.5204,74.3587,30.7,65.4,27.6,25.0,1014.1,425.9,Satellite Telemetry
2024-09-15,Islamabad,33.6844,73.0479,25.0,65.2,48.5,19.7,1017.8,407.3,Sensor Network
2024-09-15,Peshawar,34.0151,71.5249,28.1,60.0,25.4,27.8,1013.9,412.7,Environmental IoT
2024-09-15,Quetta,30.1798,66.975,22.0,47.5,8.6,27.1,1022.0,400.4,Environmental IoT
2024-09-15,Multan,30.1575,71.5249,35.9,53.6,18.4,20.5,1012.7,426.6,Satellite Telemetry
2024-09-15,Hyderabad,25.396,68.3578,33.3,81.6,17.0,23.5,1011.9,419.3,Weather Station
2024-09-15,Faisalabad,31.4504,73.135,30.1,66.3,20.1,17.8,1015.4,425.7,Weather Station
2024-09-16,Karachi,24.8607,67.0011,32.9,83.2,9.4,15.1,1013.5,424.1,Sensor Network
2024-09-16,Lahore,31.5204,74.3587,32.0,67.2,30.1,25.2,1016.9,427.6,Satellite Telemetry
2024-09-16,Islamabad,33.6844,73.0479,24.2,59.0,46.6,18.7,1014.3,407.0,Environmental IoT
2024-09-16,Peshawar,34.0151,71.5249,27.7,63.9,23.1,26.5,1017.3,413.8,Environmental IoT
2024-09-16,Quetta,30.1798,66.975,23.4,43.3,9.8,16.8,1020.0,399.8,Weather Station
2024-09-16,Multan,30.1575,71.5249,37.0,61.8,12.4,21.6,1011.9,425.9,Sensor Network
2024-09-16,Hyderabad,25.396,68.3578,32.7,77.1,19.1,18.7,1013.5,416.2,Environmental IoT
2024-09-16,Faisalabad,31.4504,73.135,32.5,60.3,26.1,20.9,1012.3,430.0,Weather Station
2024-09-17,Karachi,24.8607,67.0011,35.2,87.0,9.5,14.5,1012.8,424.2,Environmental IoT
2024-09-17,Lahore,31.5204,74.3587,32.1,70.7,30.9,13.2,1012.6,427.1,Satellite Telemetry
2024-09-17,Islamabad,33.6844,73.0479,27.4,66.2,42.9,27.1,1018.4,407.2,Weather Station
2024-09-17,Peshawar,34.0151,71.5249,28.5,59.8,22.5,23.3,1016.1,415.5,Weather Station
2024-09-17,Quetta,30.1798,66.975,22.8,47.5,8.8,20.9,1018.8,401.1,Environmental IoT
2024-09-17,Multan,30.1575,71.5249,35.9,61.2,16.5,10.9,1010.9,425.5,Weather Station
2024-09-17,Hyderabad,25.396,68.3578,31.6,81.1,14.0,15.4,1014.8,418.5,Environmental IoT
2024-09-17,Faisalabad,31.4504,73.135,32.1,67.1,19.0,13.1,1011.4,425.9,Weather Station
2024-09-18,Karachi,24.8607,67.0011,33.1,83.3,15.1,10.6,1009.3,421.5,Weather Station
2024-09-18,Lahore,31.5204,74.3587,32.3,69.7,29.0,19.8,1013.7,428.4,Sensor Network
2024-09-18,Islamabad,33.6844,73.0479,25.2,62.9,44.5,10.1,1016.2,410.6,Weather Station
2024-09-18,Peshawar,34.0151,71.5249,29.1,58.9,25.4,18.6,1015.1,414.1,Sensor Network
2024-09-18,Quetta,30.1798,66.975,20.4,50.1,13.6,27.6,1016.0,400.5,Satellite Telemetry
2024-09-18,Multan,30.1575,71.5249,35.0,54.7,11.4,11.7,1013.9,425.4,Sensor Network
2024-09-18,Hyderabad,25.396,68.3578,34.6,76.2,14.8,11.5,1009.2,416.8,Weather Station
2024-09-18,Faisalabad,31.4504,73.135,33.9,61.1,24.4,19.2,1012.2,426.0,Weather Station
2024-09-19,Karachi,24.8607,67.0011,33.6,83.8,14.0,12.1,1010.7,420.5,Environmental IoT
2024-09-19,Lahore,31.5204,74.3587,31.5,70.0,30.2,17.6,1011.7,423.9,Satellite Telemetry
2024-09-19,Islamabad,33.6844,73.0479,27.6,65.0,48.5,18.0,1017.1,409.8,Satellite Telemetry
2024-09-19,Peshawar,34.0151,71.5249,26.5,64.3,24.3,19.9,1012.9,415.0,Weather Station
2024-09-19,Quetta,30.1798,66.975,22.0,43.5,9.7,24.7,1020.2,400.7,Satellite Telemetry
2024-09-19,Multan,30.1575,71.5249,35.9,58.2,12.6,13.4,1014.7,422.3,Weather Station
2024-09-19,Hyderabad,25.396,68.3578,33.7,77.3,17.2,18.5,1011.7,416.4,Sensor Network
2024-09-19,Faisalabad,31.4504,73.135,32.5,63.9,23.9,20.3,1015.7,430.8,Sensor Network
2024-09-20,Karachi,24.8607,67.0011,35.3,82.9,11.9,25.0,1012.0,423.8,Satellite Telemetry
2024-09-20,Lahore,31.5204,74.3587,32.2,72.7,27.2,10.9,1011.8,427.4,Environmental IoT
2024-09-20,Islamabad,33.6844,73.0479,27.7,62.7,48.1,13.6,1014.9,408.2,Satellite Telemetry
2024-09-20,Peshawar,34.0151,71.5249,28.2,63.7,28.8,15.4,1017.1,411.9,Satellite Telemetry
2024-09-20,Quetta,30.1798,66.975,20.3,46.8,8.3,26.7,1017.5,399.4,Satellite Telemetry
2024-09-20,Multan,30.1575,71.5249,35.6,62.8,12.0,25.9,1013.7,423.6,Environmental IoT
2024-09-20,Hyderabad,25.396,68.3578,34.4,76.7,19.0,25.0,1012.6,415.4,Environmental IoT
2024-09-20,Faisalabad,31.4504,73.135,30.6,68.6,21.2,12.2,1010.0,427.3,Weather Station
2024-09-21,Karachi,24.8607,67.0011,35.2,80.8,9.2,19.8,1012.4,422.5,Environmental IoT
2024-09-21,Lahore,31.5204,74.3587,30.5,72.1,32.4,19.3,1015.3,427.3,Environmental IoT
2024-09-21,Islamabad,33.6844,73.0479,27.8,64.7,48.4,17.8,1017.0,411.2,Weather Station
2024-09-21,Peshawar,34.0151,71.5249,28.1,65.1,27.8,25.2,1017.8,413.1,Satellite Telemetry
2024-09-21,Quetta,30.1798,66.975,23.4,43.2,12.7,25.5,1020.8,402.9,Weather Station
2024-09-21,Multan,30.1575,71.5249,33.0,55.9,14.1,26.4,1013.9,426.8,Weather Station
2024-09-21,Hyderabad,25.396,68.3578,31.2,73.5,15.7,19.0,1010.6,420.4,Satellite Telemetry
2024-09-21,Faisalabad,31.4504,73.135,32.7,68.0,19.2,18.5,1013.5,425.4,Satellite Telemetry
2024-09-22,Karachi,24.8607,67.0011,35.6,86.5,10.7,16.8,1009.4,422.6,Satellite Telemetry
2024-09-22,Lahore,31.5204,74.3587,32.3,65.0,28.4,11.1,1013.0,427.6,Weather Station
2024-09-22,Islamabad,33.6844,73.0479,26.0,62.0,43.4,15.5,1015.8,408.9,Sensor Network
2024-09-22,Peshawar,34.0151,71.5249,28.4,57.4,28.5,24.0,1015.8,411.4,Satellite Telemetry
2024-09-22,Quetta,30.1798,66.975,21.1,52.0,7.0,12.5,1018.2,403.2,Sensor Network
2024-09-22,Multan,30.1575,71.5249,36.8,59.8,13.9,19.3,1009.4,425.5,Environmental IoT
2024-09-22,Hyderabad,25.396,68.3578,32.9,75.2,18.8,13.5,1010.8,418.7,Satellite Telemetry
2024-09-22,Faisalabad,31.4504,73.135,33.1,65.9,21.0,16.0,1011.6,426.0,Satellite Telemetry
2024-09-23,Karachi,24.8607,67.0011,34.7,79.9,9.5,26.8,1011.6,424.4,Sensor Network
2024-09-23,Lahore,31.5204,74.3587,32.6,66.8,27.8,20.0,1013.0,429.0,Sensor Network
2024-09-23,Islamabad,33.6844,73.0479,25.0,66.1,43.7,11.2,1018.0,409.9,Environmental IoT
2024-09-23,Peshawar,34.0151,71.5249,28.3,63.3,24.9,12.4,1013.0,412.2,Environmental IoT
2024-09-23,Quetta,30.1798,66.975,21.0,45.3,10.3,20.6,1021.1,401.2,Sensor Network
2024-09-23,Multan,30.1575,71.5249,33.7,59.9,14.0,21.9,1010.5,426.7,Satellite Telemetry
2024-09-23,Hyderabad,25.396,68.3578,32.2,79.3,16.0,26.7,1009.9,419.4,Sensor Network
2024-09-23,Faisalabad,31.4504,73.135,30.1,70.0,22.1,14.9,1010.8,429.5,Weather Station
2024-09-24,Karachi,24.8607,67.0011,34.0,79.3,13.1,20.4,1013.1,422.4,Weather Station
2024-09-24,Lahore,31.5204,74.3587,32.1,72.9,27.0,26.1,1014.0,427.8,Sensor Network
2024-09-24,Islamabad,33.6844,73.0479,24.3,58.4,45.9,14.8,1015.1,411.5,Satellite Telemetry
2024-09-24,Peshawar,34.0151,71.5249,27.6,60.0,23.2,20.8,1014.2,411.7,Weather Station
2024-09-24,Quetta,30.1798,66.975,20.2,52.3,11.1,18.7,1020.3,400.6,Environmental IoT
2024-09-24,Multan,30.1575,71.5249,34.9,55.4,18.0,15.5,1009.4,423.3,Sensor Network
2024-09-24,Hyderabad,25.396,68.3578,32.3,75.1,16.3,24.6,1009.7,417.0,Weather Station
2024-09-24,Faisalabad,31.4504,73.135,31.7,64.8,25.9,13.2,1012.9,425.8,Sensor Network
2024-09-25,Karachi,24.8607,67.0011,33.3,81.8,12.1,16.1,1008.9,421.1,Sensor Network
2024-09-25,Lahore,31.5204,74.3587,30.4,66.3,27.5,21.6,1015.5,428.1,Weather Station
2024-09-25,Islamabad,33.6844,73.0479,24.5,66.8,47.3,11.1,1015.8,411.5,Sensor Network
2024-09-25,Peshawar,34.0151,71.5249,28.9,57.6,23.8,17.2,1016.7,411.1,Satellite Telemetry
2024-09-25,Quetta,30.1798,66.975,23.4,48.2,12.1,18.0,1018.7,404.9,Weather Station
2024-09-25,Multan,30.1575,71.5249,36.7,55.7,18.6,16.7,1013.5,425.1,Weather Station
2024-09-25,Hyderabad,25.396,68.3578,32.8,81.8,16.0,24.4,1009.1,417.0,Sensor Network
2024-09-25,Faisalabad,31.4504,73.135,33.2,60.2,24.4,18.2,1010.2,429.9,Weather Station
2024-09-26,Karachi,24.8607,67.0011,33.7,79.4,9.6,24.3,1011.1,420.5,Weather Station
2024-09-26,Lahore,31.5204,74.3587,30.5,72.2,26.5,26.9,1011.6,423.9,Sensor Network
2024-09-26,Islamabad,33.6844,73.0479,26.6,62.8,41.7,22.2,1015.1,406.5,Satellite Telemetry
2024-09-26,Peshawar,34.0151,71.5249,28.2,56.9,24.5,27.6,1015.6,415.0,Weather Station
2024-09-26,Quetta,30.1798,66.975,20.2,45.8,6.1,14.3,1016.2,401.5,Weather Station
2024-09-26,Multan,30.1575,71.5249,34.0,54.9,16.6,10.1,1013.5,424.6,Weather Station
2024-09-26,Hyderabad,25.396,68.3578,34.4,77.6,16.8,26.0,1014.9,419.9,Weather Station
2024-09-26,Faisalabad,31.4504,73.135,31.8,70.0,19.2,12.1,1011.2,427.9,Environmental IoT
2024-09-27,Karachi,24.8607,67.0011,33.6,79.8,12.7,22.9,1010.0,420.0,Weather Station
2024-09-27,Lahore,31.5204,74.3587,29.7,69.8,29.8,27.0,1014.3,426.6,Environmental IoT
2024-09-27,Islamabad,33.6844,73.0479,24.7,63.4,44.7,11.0,1018.5,408.0,Satellite Telemetry
2024-09-27,Peshawar,34.0151,71.5249,27.5,57.2,27.6,19.5,1014.7,416.6,Environmental IoT
2024-09-27,Quetta,30.1798,66.975,22.5,48.8,13.4,92.5,1019.5,402.3,Satellite Telemetry
2024-09-27,Multan,30.1575,71.5249,33.7,53.4,12.2,27.4,1010.7,425.6,Sensor Network
2024-09-27,Hyderabad,25.396,68.3578,32.3,77.5,17.6,27.5,1014.7,416.5,Environmental IoT
2024-09-27,Faisalabad,31.4504,73.135,31.5,64.7,26.0,12.4,1015.5,427.2,Sensor Network
2024-09-28,Karachi,24.8607,67.0011,34.4,82.6,10.5,18.4,1009.8,420.1,Sensor Network
2024-09-28,Lahore,31.5204,74.3587,30.4,65.5,32.4,24.9,1014.7,424.2,Environmental IoT
2024-09-28,Islamabad,33.6844,73.0479,26.4,63.4,41.3,19.5,1014.6,411.7,Satellite Telemetry
2024-09-28,Peshawar,34.0151,71.5249,26.5,57.8,21.5,22.3,1014.8,415.7,Environmental IoT
2024-09-28,Quetta,30.1798,66.975,23.5,43.1,12.4,12.3,1017.9,400.9,Sensor Network
2024-09-28,Multan,30.1575,71.5249,34.8,58.0,14.8,20.1,1010.2,424.3,Sensor Network
2024-09-28,Hyderabad,25.396,68.3578,31.3,82.0,15.4,25.5,1012.1,417.7,Environmental IoT
2024-09-28,Faisalabad,31.4504,73.135,30.1,62.8,20.7,23.3,1011.2,426.6,Sensor Network
2024-09-29,Karachi,24.8607,67.0011,35.7,82.3,8.7,23.7,1011.7,419.2,Weather Station
2024-09-29,Lahore,31.5204,74.3587,29.4,68.5,30.9,17.7,1011.7,425.7,Sensor Network
2024-09-29,Islamabad,33.6844,73.0479,24.2,62.0,44.1,14.5,1015.5,408.3,Weather Station
2024-09-29,Peshawar,34.0151,71.5249,26.8,65.1,29.0,11.2,1017.0,412.9,Environmental IoT
2024-09-29,Quetta,30.1798,66.975,21.3,51.0,11.7,10.0,1020.1,399.7,Weather Station
2024-09-29,Multan,30.1575,71.5249,36.3,56.7,18.1,22.2,1011.5,421.9,Weather Station
2024-09-29,Hyderabad,25.396,68.3578,33.1,75.2,14.8,11.2,1014.9,418.6,Environmental IoT
2024-09-29,Faisalabad,31.4504,73.135,32.5,62.9,19.7,27.6,1012.8,429.2,Weather Station
2024-09-30,Karachi,24.8607,67.0011,32.7,81.8,12.2,26.4,1009.2,421.7,Satellite Telemetry
2024-09-30,Lahore,31.5204,74.3587,29.3,71.1,32.7,25.6,1011.9,428.1,Environmental IoT
2024-09-30,Islamabad,33.6844,73.0479,25.5,60.0,49.0,10.8,1018.3,409.9,Environmental IoT
2024-09-30,Peshawar,34.0151,71.5249,29.9,64.5,21.1,25.1,1013.5,412.0,Weather Station
2024-09-30,Quetta,30.1798,66.975,23.3,48.9,6.5,17.9,1020.0,403.2,Environmental IoT
2024-09-30,Multan,30.1575,71.5249,34.0,62.8,14.8,16.2,1013.5,421.3,Satellite Telemetry
2024-09-30,Hyderabad,25.396,68.3578,32.8,77.6,20.6,16.0,1011.0,418.6,Environmental IoT
2024-09-30,Faisalabad,31.4504,73.135,33.0,60.3,24.5,10.2,1011.6,426.1,Weather Station
2024-10-01,Karachi,24.8607,67.0011,31.2,84.9,3.5,26.2,1011.4,424.4,Satellite Telemetry
2024-10-01,Lahore,31.5204,74.3587,25.3,68.4,7.0,10.8,1012.0,426.3,Weather Station
2024-10-01,Islamabad,33.6844,73.0479,20.7,63.1,3.9,14.2,1017.1,410.3,Satellite Telemetry
2024-10-01,Peshawar,34.0151,71.5249,24.5,54.8,6.1,26.6,1016.9,413.3,Environmental IoT
2024-10-01,Quetta,30.1798,66.975,17.9,43.5,1.2,24.5,1019.2,400.8,Satellite Telemetry
2024-10-01,Multan,30.1575,71.5249,29.4,57.3,0.0,26.8,1009.5,424.1,Weather Station
2024-10-01,Hyderabad,25.396,68.3578,30.4,76.5,6.0,25.1,1014.7,420.2,Satellite Telemetry
2024-10-01,Faisalabad,31.4504,73.135,29.9,63.3,5.7,23.3,1014.5,428.6,Sensor Network
2024-10-02,Karachi,24.8607,67.0011,28.4,82.6,1.3,19.8,1011.6,423.2,Sensor Network
2024-10-02,Lahore,31.5204,74.3587,26.1,64.0,3.4,25.5,1014.9,424.1,Environmental IoT
2024-10-02,Islamabad,33.6844,73.0479,22.7,63.9,4.9,21.6,1013.6,411.9,Environmental IoT
2024-10-02,Peshawar,34.0151,71.5249,24.7,56.3,1.6,20.0,1015.6,416.2,Sensor Network
2024-10-02,Quetta,30.1798,66.975,19.7,47.6,0.0,10.9,1019.1,403.7,Environmental IoT
2024-10-02,Multan,30.1575,71.5249,31.0,56.5,5.6,11.6,1009.4,425.2,Environmental IoT
2024-10-02,Hyderabad,25.396,68.3578,30.6,78.8,2.0,17.9,1010.6,417.0,Environmental IoT
2024-10-02,Faisalabad,31.4504,73.135,28.8,58.2,1.3,14.2,1014.7,428.9,Satellite Telemetry
2024-10-03,Karachi,24.8607,67.0011,30.1,78.9,0.2,25.4,1011.8,421.6,Environmental IoT
2024-10-03,Lahore,31.5204,74.3587,25.5,61.2,0.6,24.6,1014.9,427.6,Environmental IoT
2024-10-03,Islamabad,33.6844,73.0479,20.9,63.1,8.4,20.7,1014.0,411.4,Satellite Telemetry
2024-10-03,Peshawar,34.0151,71.5249,25.5,57.9,0.0,26.4,1016.8,413.1,Environmental IoT
2024-10-03,Quetta,30.1798,66.975,17.0,45.7,0.0,23.7,1017.6,404.5,Weather Station
2024-10-03,Multan,30.1575,71.5249,32.6,54.1,0.0,17.4,1012.0,423.0,Weather Station
2024-10-03,Hyderabad,25.396,68.3578,30.2,73.1,3.1,12.2,1010.8,418.7,Environmental IoT
2024-10-03,Faisalabad,31.4504,73.135,28.6,64.2,4.8,27.1,1010.4,429.9,Sensor Network
2024-10-04,Karachi,24.8607,67.0011,31.8,82.6,0.7,21.9,1009.8,424.5,Sensor Network
2024-10-04,Lahore,31.5204,74.3587,28.6,62.6,0.2,10.5,1012.4,429.0,Environmental IoT
2024-10-04,Islamabad,33.6844,73.0479,20.8,58.6,5.6,20.8,1016.9,410.1,Satellite Telemetry
2024-10-04,Peshawar,34.0151,71.5249,23.2,58.1,6.3,26.0,1013.3,412.5,Satellite Telemetry
2024-10-04,Quetta,30.1798,66.975,16.2,48.3,3.6,27.1,1018.0,403.7,Weather Station
2024-10-04,Multan,30.1575,71.5249,31.7,57.4,0.0,16.2,1010.5,422.2,Environmental IoT
2024-10-04,Hyderabad,25.396,68.3578,29.5,79.7,0.0,19.8,1014.5,415.3,Sensor Network
2024-10-04,Faisalabad,31.4504,73.135,30.0,59.2,3.6,20.8,1010.3,426.9,Weather Station
2024-10-05,Karachi,24.8607,67.0011,28.7,82.2,5.2,11.3,1011.6,422.5,Weather Station
2024-10-05,Lahore,31.5204,74.3587,27.2,66.9,1.0,14.7,1016.9,428.2,Weather Station
2024-10-05,Islamabad,33.6844,73.0479,22.7,61.1,3.1,24.2,1015.2,409.4,Environmental IoT
2024-10-05,Peshawar,34.0151,71.5249,23.5,61.3,0.1,27.7,1017.5,415.9,Satellite Telemetry
2024-10-05,Quetta,30.1798,66.975,17.2,48.4,1.1,15.1,1020.6,405.0,Satellite Telemetry
2024-10-05,Multan,30.1575,71.5249,30.6,51.1,1.3,26.9,1010.5,422.3,Environmental IoT
2024-10-05,Hyderabad,25.396,68.3578,28.0,78.6,5.4,25.4,1012.5,421.1,Sensor Network
2024-10-05,Faisalabad,31.4504,73.135,29.8,61.2,5.8,22.0,1010.2,425.3,Sensor Network
2024-10-06,Karachi,24.8607,67.0011,31.0,85.1,0.0,21.6,1008.5,422.1,Satellite Telemetry
2024-10-06,Lahore,31.5204,74.3587,26.2,68.5,2.2,24.3,1015.0,427.3,Sensor Network
2024-10-06,Islamabad,33.6844,73.0479,22.2,61.6,2.1,10.7,1015.8,409.2,Weather Station
2024-10-06,Peshawar,34.0151,71.5249,23.6,57.6,1.5,13.1,1015.7,412.6,Environmental IoT
2024-10-06,Quetta,30.1798,66.975,17.7,45.3,4.3,24.1,1018.5,405.1,Sensor Network
2024-10-06,Multan,30.1575,71.5249,31.7,55.1,0.6,15.4,1011.7,422.7,Sensor Network
2024-10-06,Hyderabad,25.396,68.3578,28.8,78.9,4.2,24.1,1011.9,418.0,Satellite Telemetry
2024-10-06,Faisalabad,31.4504,73.135,29.2,61.9,1.0,21.0,1012.5,426.9,Environmental IoT
2024-10-07,Karachi,24.8607,67.0011,28.4,79.9,0.8,21.1,1009.3,419.6,Sensor Network
2024-10-07,Lahore,31.5204,74.3587,27.7,70.2,1.1,17.0,1011.8,426.2,Sensor Network
2024-10-07,Islamabad,33.6844,73.0479,23.3,63.8,3.7,15.0,1017.1,408.1,Weather Station
2024-10-07,Peshawar,34.0151,71.5249,25.0,57.2,3.7,14.0,1014.4,411.8,Sensor Network
2024-10-07,Quetta,30.1798,66.975,19.6,44.6,0.4,10.9,1019.3,404.6,Sensor Network
2024-10-07,Multan,30.1575,71.5249,29.2,55.1,4.7,19.4,1010.8,421.4,Sensor Network
2024-10-07,Hyderabad,25.396,68.3578,30.8,77.9,0.0,19.3,1012.6,416.4,Satellite Telemetry
2024-10-07,Faisalabad,31.4504,73.135,26.1,66.9,3.1,24.8,1013.3,430.0,Satellite Telemetry
2024-10-08,Karachi,24.8607,67.0011,28.2,85.1,1.6,12.7,1009.2,424.3,Environmental IoT
2024-10-08,Lahore,31.5204,74.3587,26.7,62.1,4.8,21.0,1012.4,423.3,Environmental IoT
2024-10-08,Islamabad,33.6844,73.0479,21.0,60.8,2.1,17.4,1013.2,409.7,Weather Station
2024-10-08,Peshawar,34.0151,71.5249,23.9,60.8,0.4,12.3,1012.3,413.5,Weather Station
2024-10-08,Quetta,30.1798,66.975,19.2,50.5,2.2,13.9,1017.1,400.9,Sensor Network
2024-10-08,Multan,30.1575,71.5249,31.1,53.9,2.8,11.2,1013.5,424.1,Satellite Telemetry
2024-10-08,Hyderabad,25.396,68.3578,27.9,73.3,0.0,19.9,1010.9,421.0,Sensor Network
2024-10-08,Faisalabad,31.4504,73.135,26.4,66.1,5.7,15.0,1014.1,427.7,Sensor Network
2024-10-09,Karachi,24.8607,67.0011,28.5,85.0,3.9,10.4,1012.5,423.1,Environmental IoT
2024-10-09,Lahore,31.5204,74.3587,28.0,64.8,0.0,10.5,1011.3,428.7,Sensor Network
2024-10-09,Islamabad,33.6844,73.0479,21.0,61.5,6.2,27.4,1014.4,407.0,Sensor Network
2024-10-09,Peshawar,34.0151,71.5249,22.4,59.6,0.8,19.5,1015.1,417.0,Satellite Telemetry
2024-10-09,Quetta,30.1798,66.975,19.2,43.8,0.0,26.3,1017.2,401.0,Weather Station
2024-10-09,Multan,30.1575,71.5249,32.8,51.4,0.0,12.3,1009.5,424.3,Satellite Telemetry
2024-10-09,Hyderabad,25.396,68.3578,30.2,74.9,0.8,16.7,1009.4,420.2,Sensor Network
2024-10-09,Faisalabad,31.4504,73.135,27.4,62.7,5.3,12.6,1014.2,426.3,Weather Station
2024-10-10,Karachi,24.8607,67.0011,30.4,77.0,0.0,25.0,1012.4,424.5,Sensor Network
2024-10-10,Lahore,31.5204,74.3587,27.2,63.4,5.3,19.0,1016.9,428.9,Environmental IoT
2024-10-10,Islamabad,33.6844,73.0479,21.9,58.8,4.2,21.5,1017.5,411.0,Sensor Network
2024-10-10,Peshawar,34.0151,71.5249,24.1,57.7,6.0,24.5,1013.7,416.8,Satellite Telemetry
2024-10-10,Quetta,30.1798,66.975,19.2,43.8,2.4,17.6,1021.9,401.0,Environmental IoT
2024-10-10,Multan,30.1575,71.5249,32.8,53.9,0.4,16.5,1014.8,423.9,Satellite Telemetry
2024-10-10,Hyderabad,25.396,68.3578,30.2,73.8,5.8,10.4,1013.2,417.7,Sensor Network
2024-10-10,Faisalabad,31.4504,73.135,27.2,64.8,0.0,23.2,1010.4,427.6,Sensor Network
2024-10-11,Karachi,24.8607,67.0011,30.4,78.2,0.8,24.3,1012.7,422.0,Sensor Network
2024-10-11,Lahore,31.5204,74.3587,27.2,69.8,6.9,16.4,1011.1,425.6,Sensor Network
2024-10-11,Islamabad,33.6844,73.0479,21.4,55.8,4.5,27.1,1015.1,409.9,Environmental IoT
2024-10-11,Peshawar,34.0151,71.5249,24.1,58.6,0.2,19.6,1014.9,412.7,Weather Station
2024-10-11,Quetta,30.1798,66.975,16.1,41.6,3.5,18.1,1019.4,400.1,Weather Station
2024-10-11,Multan,30.1575,71.5249,30.7,57.6,1.5,12.0,1013.7,424.8,Satellite Telemetry
2024-10-11,Hyderabad,25.396,68.3578,30.3,76.9,6.0,12.7,1010.3,421.2,Sensor Network
2024-10-11,Faisalabad,31.4504,73.135,28.7,63.4,0.0,23.5,1010.7,426.6,Sensor Network
2024-10-12,Karachi,24.8607,67.0011,30.7,80.4,0.0,25.1,1009.0,422.6,Satellite Telemetry
2024-10-12,Lahore,31.5204,74.3587,28.5,62.3,6.4,17.7,1013.7,423.5,Sensor Network
2024-10-12,Islamabad,33.6844,73.0479,20.5,61.9,3.6,19.0,1015.3,406.6,Satellite Telemetry
2024-10-12,Peshawar,34.0151,71.5249,23.1,62.3,2.8,12.2,1014.8,413.5,Environmental IoT
2024-10-12,Quetta,30.1798,66.975,18.2,41.8,3.1,27.7,1022.0,401.1,Satellite Telemetry
2024-10-12,Multan,30.1575,71.5249,32.2,53.6,2.7,24.7,1011.3,422.7,Weather Station
2024-10-12,Hyderabad,25.396,68.3578,28.7,76.1,5.3,19.0,1013.7,419.8,Sensor Network
2024-10-12,Faisalabad,31.4504,73.135,28.2,62.5,1.6,20.6,1014.1,426.7,Environmental IoT
2024-10-13,Karachi,24.8607,67.0011,29.8,77.0,1.4,18.1,1013.6,421.5,Environmental IoT
2024-10-13,Lahore,31.5204,74.3587,26.5,62.1,7.2,12.1,1016.0,425.4,Satellite Telemetry
2024-10-13,Islamabad,33.6844,73.0479,21.0,61.1,5.3,16.3,1017.0,409.8,Sensor Network
2024-10-13,Peshawar,34.0151,71.5249,24.8,58.8,0.9,15.3,1016.0,416.3,Sensor Network
2024-10-13,Quetta,30.1798,66.975,19.8,43.9,0.0,15.0,1017.1,400.1,Environmental IoT
2024-10-13,Multan,30.1575,71.5249,30.5,55.3,2.8,20.9,1009.7,421.6,Sensor Network
2024-10-13,Hyderabad,25.396,68.3578,28.2,71.8,2.1,15.9,1014.6,417.5,Satellite Telemetry
2024-10-13,Faisalabad,31.4504,73.135,28.6,65.2,1.8,19.0,1015.3,426.5,Sensor Network
2024-10-14,Karachi,24.8607,67.0011,30.0,83.5,2.4,13.1,1010.9,421.6,Environmental IoT
2024-10-14,Lahore,31.5204,74.3587,28.5,64.7,0.8,13.0,1015.1,426.1,Satellite Telemetry
2024-10-14,Islamabad,33.6844,73.0479,21.3,56.8,5.6,12.8,1013.1,407.0,Weather Station
2024-10-14,Peshawar,34.0151,71.5249,25.4,63.5,2.9,16.7,1017.3,411.6,Weather Station
2024-10-14,Quetta,30.1798,66.975,19.0,47.0,0.8,25.2,1017.8,405.2,Sensor Network
2024-10-14,Multan,30.1575,71.5249,29.4,52.0,0.1,20.7,1009.5,422.6,Satellite Telemetry
2024-10-14,Hyderabad,25.396,68.3578,27.5,72.6,0.0,16.7,1014.3,417.4,Sensor Network
2024-10-14,Faisalabad,31.4504,73.135,27.3,66.9,0.7,15.1,1014.5,425.7,Satellite Telemetry
2024-10-15,Karachi,24.8607,67.0011,30.0,84.3,3.0,24.1,1014.0,420.4,Sensor Network
2024-10-15,Lahore,31.5204,74.3587,25.6,67.7,7.3,13.6,1014.4,428.4,Environmental IoT
2024-10-15,Islamabad,33.6844,73.0479,22.9,62.9,5.0,23.4,1018.6,409.4,Satellite Telemetry
2024-10-15,Peshawar,34.0151,71.5249,25.1,58.9,6.7,11.8,1015.8,415.4,Sensor Network
2024-10-15,Quetta,30.1798,66.975,19.5,46.6,2.7,27.1,1021.7,399.6,Satellite Telemetry
2024-10-15,Multan,30.1575,71.5249,29.6,57.3,0.0,25.7,1010.6,426.0,Environmental IoT
2024-10-15,Hyderabad,25.396,68.3578,27.4,70.6,6.1,13.3,1013.6,421.2,Weather Station
2024-10-15,Faisalabad,31.4504,73.135,28.2,61.0,3.8,20.3,1011.4,431.1,Sensor Network
2024-10-16,Karachi,24.8607,67.0011,28.6,83.3,0.9,22.9,1012.9,423.5,Environmental IoT
2024-10-16,Lahore,31.5204,74.3587,27.2,69.1,5.5,25.3,1013.3,423.4,Sensor Network
2024-10-16,Islamabad,33.6844,73.0479,23.0,65.0,2.1,15.5,1017.4,406.8,Sensor Network
2024-10-16,Peshawar,34.0151,71.5249,23.5,59.2,1.5,24.6,1014.6,416.6,Satellite Telemetry
2024-10-16,Quetta,30.1798,66.975,19.5,43.1,4.7,26.7,1019.1,403.1,Satellite Telemetry
2024-10-16,Multan,30.1575,71.5249,30.6,51.1,0.0,10.8,1009.1,424.8,Satellite Telemetry
2024-10-16,Hyderabad,25.396,68.3578,29.0,80.1,0.4,23.8,1014.2,417.1,Satellite Telemetry
2024-10-16,Faisalabad,31.4504,73.135,29.9,63.3,5.7,23.6,1011.6,431.2,Weather Station
2024-10-17,Karachi,24.8607,67.0011,31.9,81.1,4.4,10.6,1010.1,420.9,Sensor Network
2024-10-17,Lahore,31.5204,74.3587,25.7,64.9,1.1,24.3,1011.5,424.2,Satellite Telemetry
2024-10-17,Islamabad,33.6844,73.0479,23.0,57.0,6.2,14.8,1016.7,409.9,Sensor Network
2024-10-17,Peshawar,34.0151,71.5249,22.9,60.8,2.8,18.3,1014.0,414.5,Sensor Network
2024-10-17,Quetta,30.1798,66.975,19.2,50.1,0.0,20.8,1017.9,404.6,Weather Station
2024-10-17,Multan,30.1575,71.5249,32.0,52.3,0.2,25.8,1011.4,422.4,Sensor Network
2024-10-17,Hyderabad,25.396,68.3578,28.1,76.2,0.7,13.2,1012.7,415.8,Weather Station
2024-10-17,Faisalabad,31.4504,73.135,28.5,65.5,3.4,22.5,1014.5,426.7,Weather Station
2024-10-18,Karachi,24.8607,67.0011,31.3,80.7,5.2,25.7,1012.6,422.7,Satellite Telemetry
2024-10-18,Lahore,31.5204,74.3587,27.4,67.3,5.6,27.1,1015.3,428.9,Weather Station
2024-10-18,Islamabad,33.6844,73.0479,22.0,61.4,7.4,13.5,1013.4,408.5,Environmental IoT
2024-10-18,Peshawar,34.0151,71.5249,24.2,53.9,5.4,14.7,1013.0,417.3,Environmental IoT
2024-10-18,Quetta,30.1798,66.975,19.2,46.1,3.1,27.4,1020.7,402.3,Satellite Telemetry
2024-10-18,Multan,30.1575,71.5249,29.7,53.1,0.7,23.9,1014.0,427.0,Weather Station
2024-10-18,Hyderabad,25.396,68.3578,30.3,70.7,0.1,13.8,1013.4,419.3,Weather Station
2024-10-18,Faisalabad,31.4504,73.135,29.9,59.0,1.0,17.1,1013.1,429.9,Weather Station
2024-10-19,Karachi,24.8607,67.0011,31.1,84.3,5.2,17.8,1012.5,423.8,Sensor Network
2024-10-19,Lahore,31.5204,74.3587,26.6,67.0,1.7,24.6,1013.5,424.3,Sensor Network
2024-10-19,Islamabad,33.6844,73.0479,21.8,55.8,5.0,14.6,1013.6,406.8,Satellite Telemetry
2024-10-19,Peshawar,34.0151,71.5249,24.4,54.5,4.9,17.8,1017.7,416.4,Weather Station
2024-10-19,Quetta,30.1798,66.975,17.5,50.0,0.0,27.7,1020.7,404.4,Weather Station
2024-10-19,Multan,30.1575,71.5249,29.3,58.6,3.6,11.4,1012.8,422.6,Sensor Network
2024-10-19,Hyderabad,25.396,68.3578,29.8,78.4,0.0,13.4,1014.0,417.0,Sensor Network
2024-10-19,Faisalabad,31.4504,73.135,29.9,65.2,3.9,22.8,1010.9,427.3,Weather Station
2024-10-20,Karachi,24.8607,67.0011,30.9,84.6,5.0,19.0,1011.6,422.1,Sensor Network
2024-10-20,Lahore,31.5204,74.3587,28.3,68.5,1.5,21.1,1014.0,424.6,Satellite Telemetry
2024-10-20,Islamabad,33.6844,73.0479,23.3,62.9,8.5,17.7,1016.5,406.4,Sensor Network
2024-10-20,Peshawar,34.0151,71.5249,24.7,58.4,1.4,11.4,1014.8,411.4,Weather Station
2024-10-20,Quetta,30.1798,66.975,19.4,48.5,4.8,20.0,1018.7,402.0,Environmental IoT
2024-10-20,Multan,30.1575,71.5249,32.5,52.8,3.0,19.0,1010.4,423.6,Weather Station
2024-10-20,Hyderabad,25.396,68.3578,30.5,78.6,0.0,15.6,1013.6,418.8,Weather Station
2024-10-20,Faisalabad,31.4504,73.135,27.2,65.1,2.0,13.5,1015.9,430.0,Satellite Telemetry
2024-10-21,Karachi,24.8607,67.0011,30.2,85.0,0.3,14.8,1008.9,424.9,Environmental IoT
2024-10-21,Lahore,31.5204,74.3587,27.5,64.3,1.4,13.4,1014.6,425.6,Sensor Network
2024-10-21,Islamabad,33.6844,73.0479,22.9,64.1,8.2,22.2,1016.4,408.4,Weather Station
2024-10-21,Peshawar,34.0151,71.5249,24.8,60.7,1.8,14.2,1016.8,413.8,Weather Station
2024-10-21,Quetta,30.1798,66.975,18.3,44.5,3.6,10.6,1019.1,400.2,Sensor Network
2024-10-21,Multan,30.1575,71.5249,31.1,55.3,0.0,16.5,1010.3,425.6,Satellite Telemetry
2024-10-21,Hyderabad,25.396,68.3578,27.4,77.6,4.9,16.4,1012.8,420.3,Weather Station
2024-10-21,Faisalabad,31.4504,73.135,27.6,61.7,2.8,10.8,1012.8,428.3,Weather Station
2024-10-22,Karachi,24.8607,67.0011,30.0,83.1,0.0,24.3,1010.5,425.2,Satellite Telemetry
2024-10-22,Lahore,31.5204,74.3587,27.3,67.0,1.5,22.5,1016.1,428.9,Environmental IoT
2024-10-22,Islamabad,33.6844,73.0479,23.3,63.1,2.6,27.0,1017.5,409.7,Weather Station
2024-10-22,Peshawar,34.0151,71.5249,25.2,53.7,5.2,27.5,1014.6,416.4,Satellite Telemetry
2024-10-22,Quetta,30.1798,66.975,17.5,41.1,3.8,26.0,1021.8,399.9,Sensor Network
2024-10-22,Multan,30.1575,71.5249,29.9,56.3,4.3,15.8,1010.9,427.3,Sensor Network
2024-10-22,Hyderabad,25.396,68.3578,29.3,74.0,0.0,14.6,1010.4,420.2,Weather Station
2024-10-22,Faisalabad,31.4504,73.135,26.2,65.7,3.9,16.9,1013.2,426.4,Weather Station
2024-10-23,Karachi,24.8607,67.0011,31.8,80.2,0.1,18.5,1012.7,424.0,Weather Station
2024-10-23,Lahore,31.5204,74.3587,25.1,65.5,5.1,26.6,1012.3,429.4,Sensor Network
2024-10-23,Islamabad,33.6844,73.0479,21.7,63.6,9.3,13.1,1016.7,411.0,Environmental IoT
2024-10-23,Peshawar,34.0151,71.5249,25.5,62.4,0.6,12.5,1012.3,417.4,Environmental IoT
2024-10-23,Quetta,30.1798,66.975,19.9,41.1,0.4,18.8,1016.8,403.3,Weather Station
2024-10-23,Multan,30.1575,71.5249,32.0,56.6,0.0,10.0,1010.7,426.7,Sensor Network
2024-10-23,Hyderabad,25.396,68.3578,30.2,78.0,4.9,18.6,1014.7,417.6,Environmental IoT
2024-10-23,Faisalabad,31.4504,73.135,28.4,59.6,4.3,22.0,1015.7,429.9,Sensor Network
2024-10-24,Karachi,24.8607,67.0011,30.1,84.8,4.4,13.5,1011.2,422.9,Satellite Telemetry
2024-10-24,Lahore,31.5204,74.3587,26.7,62.4,2.9,20.9,1011.6,428.1,Weather Station
2024-10-24,Islamabad,33.6844,73.0479,21.0,61.4,4.7,13.1,1019.0,410.8,Sensor Network
2024-10-24,Peshawar,34.0151,71.5249,25.1,54.6,2.3,19.0,1012.2,412.7,Sensor Network
2024-10-24,Quetta,30.1798,66.975,16.5,43.4,2.0,18.7,1017.8,401.7,Environmental IoT
2024-10-24,Multan,30.1575,71.5249,32.7,56.8,4.7,14.5,1012.3,424.8,Sensor Network
2024-10-24,Hyderabad,25.396,68.3578,27.6,72.3,2.3,10.8,1010.2,421.0,Environmental IoT
2024-10-24,Faisalabad,31.4504,73.135,28.5,58.2,5.2,10.2,1012.4,428.2,Sensor Network
2024-10-25,Karachi,24.8607,67.0011,29.0,81.8,4.8,18.5,1011.7,424.8,Sensor Network
2024-10-25,Lahore,31.5204,74.3587,27.2,62.0,3.0,22.3,1013.6,423.6,Weather Station
2024-10-25,Islamabad,33.6844,73.0479,21.9,61.3,8.4,13.8,1015.6,407.3,Satellite Telemetry
2024-10-25,Peshawar,34.0151,71.5249,24.2,57.4,6.1,22.0,1014.9,413.3,Satellite Telemetry
2024-10-25,Quetta,30.1798,66.975,19.1,47.5,0.0,23.6,1018.3,403.6,Environmental IoT
2024-10-25,Multan,30.1575,71.5249,31.6,59.5,0.9,16.5,1014.1,425.3,Sensor Network
2024-10-25,Hyderabad,25.396,68.3578,28.8,77.2,3.9,16.0,1014.4,416.3,Weather Station
2024-10-25,Faisalabad,31.4504,73.135,27.9,64.1,5.9,11.7,1013.4,427.0,Sensor Network
2024-10-26,Karachi,24.8607,67.0011,29.3,84.8,2.5,21.8,1012.1,420.1,Weather Station
2024-10-26,Lahore,31.5204,74.3587,26.3,67.5,5.9,23.4,1015.9,424.0,Satellite Telemetry
2024-10-26,Islamabad,33.6844,73.0479,22.7,61.5,1.6,16.6,1013.5,408.6,Satellite Telemetry
2024-10-26,Peshawar,34.0151,71.5249,24.5,63.5,0.0,18.7,1015.0,413.7,Sensor Network
2024-10-26,Quetta,30.1798,66.975,16.4,50.4,0.0,12.0,1016.3,400.9,Weather Station
2024-10-26,Multan,30.1575,71.5249,31.5,58.0,4.9,26.2,1011.7,425.5,Satellite Telemetry
2024-10-26,Hyderabad,25.396,68.3578,29.3,75.4,0.9,13.5,1014.1,418.1,Environmental IoT
2024-10-26,Faisalabad,31.4504,73.135,28.3,64.9,5.9,23.5,1012.9,427.0,Sensor Network
2024-10-27,Karachi,24.8607,67.0011,30.7,81.1,3.7,14.8,1008.5,424.2,Sensor Network
2024-10-27,Lahore,31.5204,74.3587,28.6,68.4,4.9,20.6,1013.0,429.1,Weather Station
2024-10-27,Islamabad,33.6844,73.0479,21.1,64.8,7.1,12.1,1018.1,410.0,Weather Station
2024-10-27,Peshawar,34.0151,71.5249,22.5,56.4,2.5,26.6,1017.3,415.9,Satellite Telemetry
2024-10-27,Quetta,30.1798,66.975,19.2,46.9,0.0,27.9,1019.7,401.9,Weather Station
2024-10-27,Multan,30.1575,71.5249,30.1,51.6,2.0,13.9,1014.9,422.8,Environmental IoT
2024-10-27,Hyderabad,25.396,68.3578,27.0,73.5,0.0,23.6,1011.1,415.7,Satellite Telemetry
2024-10-27,Faisalabad,31.4504,73.135,26.1,61.1,5.9,24.2,1014.8,429.1,Sensor Network
2024-10-28,Karachi,24.8607,67.0011,30.5,82.5,5.0,26.0,1011.2,423.3,Weather Station
2024-10-28,Lahore,31.5204,74.3587,26.1,62.2,4.0,21.1,1014.8,423.7,Environmental IoT
2024-10-28,Islamabad,33.6844,73.0479,20.4,63.9,2.9,22.2,1015.5,412.5,Sensor Network
2024-10-28,Peshawar,34.0151,71.5249,23.8,62.8,1.2,16.8,1016.0,417.5,Satellite Telemetry
2024-10-28,Quetta,30.1798,66.975,18.5,49.8,0.0,24.2,1017.5,401.8,Weather Station
2024-10-28,Multan,30.1575,71.5249,29.9,51.1,0.0,25.6,1013.3,422.3,Environmental IoT
2024-10-28,Hyderabad,25.396,68.3578,27.2,75.3,0.0,13.3,1012.5,417.2,Sensor Network
2024-10-28,Faisalabad,31.4504,73.135,27.7,58.2,0.0,26.8,1013.3,431.0,Weather Station
2024-10-29,Karachi,24.8607,67.0011,28.3,83.6,0.0,13.3,1011.5,422.7,Environmental IoT
2024-10-29,Lahore,31.5204,74.3587,28.3,62.0,0.4,24.9,1011.8,425.5,Sensor Network
2024-10-29,Islamabad,33.6844,73.0479,20.4,60.1,5.5,18.5,1013.5,410.1,Environmental IoT
2024-10-29,Peshawar,34.0151,71.5249,24.4,62.6,2.8,25.3,1014.3,415.4,Sensor Network
2024-10-29,Quetta,30.1798,66.975,18.7,43.2,2.1,12.9,1021.1,400.6,Sensor Network
2024-10-29,Multan,30.1575,71.5249,29.2,53.2,3.3,10.8,1011.1,426.2,Weather Station
2024-10-29,Hyderabad,25.396,68.3578,27.5,71.6,4.9,16.6,1011.8,418.0,Satellite Telemetry
2024-10-29,Faisalabad,31.4504,73.135,27.2,58.5,0.0,11.4,1014.8,429.2,Sensor Network
2024-10-30,Karachi,24.8607,67.0011,28.4,81.0,5.2,14.6,1010.2,422.3,Environmental IoT
2024-10-30,Lahore,31.5204,74.3587,26.5,68.1,3.6,11.3,1012.0,427.9,Environmental IoT
2024-10-30,Islamabad,33.6844,73.0479,22.4,65.2,8.5,10.9,1015.3,410.7,Sensor Network
2024-10-30,Peshawar,34.0151,71.5249,24.7,58.0,0.0,19.4,1015.1,412.3,Sensor Network
2024-10-30,Quetta,30.1798,66.975,18.7,47.4,0.9,11.5,1020.0,399.8,Weather Station
2024-10-30,Multan,30.1575,71.5249,31.8,59.2,0.0,24.1,1014.9,423.6,Sensor Network
2024-10-30,Hyderabad,25.396,68.3578,29.6,79.7,2.8,27.5,1009.1,415.7,Weather Station
2024-10-30,Faisalabad,31.4504,73.135,27.7,66.4,2.9,24.0,1010.1,425.9,Sensor Network
2024-10-31,Karachi,24.8607,67.0011,29.2,82.1,3.4,14.8,1013.0,423.0,Weather Station
2024-10-31,Lahore,31.5204,74.3587,28.5,62.1,0.1,21.5,1012.5,423.7,Environmental IoT
2024-10-31,Islamabad,33.6844,73.0479,23.6,61.5,3.6,27.0,1014.0,406.9,Environmental IoT
2024-10-31,Peshawar,34.0151,71.5249,24.0,58.4,3.2,18.0,1012.8,412.0,Satellite Telemetry
2024-10-31,Quetta,30.1798,66.975,17.0,45.7,1.8,26.8,1020.7,405.1,Environmental IoT
2024-10-31,Multan,30.1575,71.5249,31.6,56.7,2.3,15.8,1011.0,421.7,Environmental IoT
2024-10-31,Hyderabad,25.396,68.3578,29.3,76.7,2.5,13.0,1011.4,418.0,Environmental IoT
2024-10-31,Faisalabad,31.4504,73.135,28.8,60.3,5.6,17.0,1012.3,429.2,Sensor Network
2024-11-01,Karachi,24.8607,67.0011,25.1,81.8,0.4,23.9,1009.1,425.1,Weather Station
2024-11-01,Lahore,31.5204,74.3587,24.7,64.1,7.2,17.3,1012.6,428.9,Satellite Telemetry
2024-11-01,Islamabad,33.6844,73.0479,18.3,54.8,4.0,19.1,1015.1,411.4,Sensor Network
2024-11-01,Peshawar,34.0151,71.5249,20.5,58.4,3.0,23.9,1016.3,415.0,Sensor Network
2024-11-01,Quetta,30.1798,66.975,15.5,40.9,2.0,12.3,1020.1,404.1,Environmental IoT
2024-11-01,Multan,30.1575,71.5249,27.1,53.3,1.8,20.4,1010.9,424.5,Environmental IoT
2024-11-01,Hyderabad,25.396,68.3578,26.0,70.0,0.0,25.6,1010.8,420.9,Environmental IoT
2024-11-01,Faisalabad,31.4504,73.135,25.0,61.3,3.9,19.3,1013.2,430.9,Weather Station
2024-11-02,Karachi,24.8607,67.0011,24.4,82.5,0.0,23.7,1009.0,422.5,Satellite Telemetry
2024-11-02,Lahore,31.5204,74.3587,24.4,67.3,3.7,27.7,1015.0,423.6,Sensor Network
2024-11-02,Islamabad,33.6844,73.0479,16.9,61.3,3.4,27.1,1016.7,410.4,Satellite Telemetry
2024-11-02,Peshawar,34.0151,71.5249,18.3,52.4,1.8,14.5,1015.6,413.4,Environmental IoT
2024-11-02,Quetta,30.1798,66.975,13.6,42.9,4.9,15.1,1016.9,404.5,Weather Station
2024-11-02,Multan,30.1575,71.5249,26.7,48.0,5.7,18.5,1010.6,425.9,Satellite Telemetry
2024-11-02,Hyderabad,25.396,68.3578,25.3,68.1,0.9,27.7,1010.5,420.6,Environmental IoT
2024-11-02,Faisalabad,31.4504,73.135,22.5,55.4,3.5,23.7,1011.1,430.9,Weather Station
2024-11-03,Karachi,24.8607,67.0011,26.6,78.1,0.0,11.4,1013.3,424.8,Sensor Network
2024-11-03,Lahore,31.5204,74.3587,21.4,66.1,6.4,17.9,1013.1,426.6,Sensor Network
2024-11-03,Islamabad,33.6844,73.0479,18.6,55.8,6.3,12.1,1017.7,410.8,Weather Station
2024-11-03,Peshawar,34.0151,71.5249,20.2,60.5,0.8,15.1,1015.8,416.5,Weather Station
2024-11-03,Quetta,30.1798,66.975,16.0,47.5,2.5,20.2,1017.5,405.1,Satellite Telemetry
2024-11-03,Multan,30.1575,71.5249,25.0,52.8,2.0,25.9,1014.5,423.5,Sensor Network
2024-11-03,Hyderabad,25.396,68.3578,26.8,70.1,5.5,23.4,1014.0,421.1,Environmental IoT
2024-11-03,Faisalabad,31.4504,73.135,25.0,62.3,4.1,11.5,1011.2,431.0,Environmental IoT
2024-11-04,Karachi,24.8607,67.0011,25.7,78.9,0.0,12.1,1012.2,424.6,Satellite Telemetry
2024-11-04,Lahore,31.5204,74.3587,24.7,59.8,1.1,21.0,1011.8,426.5,Satellite Telemetry
2024-11-04,Islamabad,33.6844,73.0479,19.2,57.9,6.8,13.6,1018.9,412.3,Weather Station
2024-11-04,Peshawar,34.0151,71.5249,20.9,56.7,1.2,24.9,1017.9,412.0,Environmental IoT
2024-11-04,Quetta,30.1798,66.975,14.9,37.6,3.5,26.8,1020.0,405.2,Sensor Network
2024-11-04,Multan,30.1575,71.5249,25.8,54.2,5.7,22.8,1009.5,424.2,Satellite Telemetry
2024-11-04,Hyderabad,25.396,68.3578,23.6,76.0,4.5,18.6,1013.2,417.7,Satellite Telemetry
2024-11-04,Faisalabad,31.4504,73.135,24.8,59.4,1.7,22.7,1010.6,427.0,Sensor Network
2024-11-05,Karachi,24.8607,67.0011,27.8,73.6,0.0,25.9,1011.7,424.8,Weather Station
2024-11-05,Lahore,31.5204,74.3587,23.8,59.7,1.5,24.3,1012.7,427.1,Satellite Telemetry
2024-11-05,Islamabad,33.6844,73.0479,16.0,61.3,8.6,27.7,1015.3,407.1,Weather Station
2024-11-05,Peshawar,34.0151,71.5249,19.1,55.0,0.0,25.2,1016.8,413.7,Satellite Telemetry
2024-11-05,Quetta,30.1798,66.975,12.5,39.9,0.0,17.5,1016.7,402.2,Weather Station
2024-11-05,Multan,30.1575,71.5249,26.5,49.8,1.4,15.7,1011.6,424.1,Weather Station
2024-11-05,Hyderabad,25.396,68.3578,25.7,75.6,3.8,23.5,1011.0,416.3,Sensor Network
2024-11-05,Faisalabad,31.4504,73.135,22.7,61.7,6.7,18.7,1013.3,428.6,Satellite Telemetry
2024-11-06,Karachi,24.8607,67.0011,24.1,73.9,4.6,12.6,1011.7,420.4,Environmental IoT
2024-11-06,Lahore,31.5204,74.3587,23.2,63.1,0.8,13.1,1012.9,425.5,Weather Station
2024-11-06,Islamabad,33.6844,73.0479,46.2,60.6,3.5,25.7,1013.7,409.6,Weather Station
2024-11-06,Peshawar,34.0151,71.5249,19.9,59.9,4.0,15.0,1012.1,416.9,Environmental IoT
2024-11-06,Quetta,30.1798,66.975,15.1,41.6,3.8,10.8,1018.2,401.7,Satellite Telemetry
2024-11-06,Multan,30.1575,71.5249,28.7,56.6,2.8,23.6,1013.6,427.1,Sensor Network
2024-11-06,Hyderabad,25.396,68.3578,25.1,70.4,0.4,10.8,1010.2,421.1,Satellite Telemetry
2024-11-06,Faisalabad,31.4504,73.135,24.8,59.3,4.9,23.1,1010.0,426.9,Satellite Telemetry
2024-11-07,Karachi,24.8607,67.0011,27.8,81.3,0.4,24.4,1008.2,424.7,Satellite Telemetry
2024-11-07,Lahore,31.5204,74.3587,24.3,63.2,1.5,21.7,1012.2,425.2,Weather Station
2024-11-07,Islamabad,33.6844,73.0479,19.9,57.9,2.5,25.5,1013.4,409.4,Sensor Network
2024-11-07,Peshawar,34.0151,71.5249,20.2,52.5,6.8,20.8,1015.0,413.5,Sensor Network
2024-11-07,Quetta,30.1798,66.975,14.1,47.2,3.6,25.9,1021.4,405.5,Sensor Network
2024-11-07,Multan,30.1575,71.5249,28.4,49.9,1.7,17.3,1013.1,425.1,Sensor Network
2024-11-07,Hyderabad,25.396,68.3578,24.9,77.0,1.6,12.9,1009.3,416.7,Sensor Network
2024-11-07,Faisalabad,31.4504,73.135,25.0,56.2,4.7,17.1,1012.2,429.9,Weather Station
2024-11-08,Karachi,24.8607,67.0011,24.6,78.6,1.3,10.0,1008.9,421.5,Weather Station
2024-11-08,Lahore,31.5204,74.3587,22.0,61.1,3.4,24.7,1014.0,427.1,Environmental IoT
2024-11-08,Islamabad,33.6844,73.0479,18.9,56.5,4.8,23.0,1015.0,408.5,Weather Station
2024-11-08,Peshawar,34.0151,71.5249,20.4,54.8,6.9,11.9,1012.2,415.0,Satellite Telemetry
2024-11-08,Quetta,30.1798,66.975,13.1,39.4,2.4,15.3,1017.9,405.5,Environmental IoT
2024-11-08,Multan,30.1575,71.5249,28.4,50.7,0.7,11.3,1010.4,423.0,Satellite Telemetry
2024-11-08,Hyderabad,25.396,68.3578,23.5,68.6,2.3,27.9,1010.6,416.7,Weather Station
2024-11-08,Faisalabad,31.4504,73.135,23.0,64.0,2.5,20.5,1015.7,430.1,Sensor Network
2024-11-09,Karachi,24.8607,67.0011,25.3,76.2,2.2,14.6,1012.0,423.0,Sensor Network
2024-11-09,Lahore,31.5204,74.3587,22.1,57.6,1.6,24.6,1013.0,424.4,Environmental IoT
2024-11-09,Islamabad,33.6844,73.0479,16.2,56.5,4.5,26.4,1013.6,411.6,Weather Station
2024-11-09,Peshawar,34.0151,71.5249,20.3,50.6,2.9,20.6,1014.0,417.6,Weather Station
2024-11-09,Quetta,30.1798,66.975,12.3,43.3,2.9,20.3,1020.0,400.9,Sensor Network
2024-11-09,Multan,30.1575,71.5249,28.3,47.6,0.9,12.5,1013.5,425.7,Satellite Telemetry
2024-11-09,Hyderabad,25.396,68.3578,24.8,74.0,0.1,22.8,1015.0,419.5,Environmental IoT
2024-11-09,Faisalabad,31.4504,73.135,25.3,59.2,3.2,10.6,1012.6,428.0,Environmental IoT
2024-11-10,Karachi,24.8607,67.0011,25.4,78.8,4.4,21.9,1011.8,425.2,Satellite Telemetry
2024-11-10,Lahore,31.5204,74.3587,23.0,61.7,7.0,20.6,1016.7,428.8,Environmental IoT
2024-11-10,Islamabad,33.6844,73.0479,18.5,60.5,5.7,25.6,1017.8,411.3,Satellite Telemetry
2024-11-10,Peshawar,34.0151,71.5249,20.4,55.1,5.3,15.9,1017.9,413.4,Environmental IoT
2024-11-10,Quetta,30.1798,66.975,12.7,44.3,0.0,15.5,1021.7,405.7,Sensor Network
2024-11-10,Multan,30.1575,71.5249,25.8,51.2,0.8,19.2,1010.6,425.4,Satellite Telemetry
2024-11-10,Hyderabad,25.396,68.3578,23.6,69.4,2.6,21.2,1010.1,417.5,Weather Station
2024-11-10,Faisalabad,31.4504,73.135,22.3,57.5,2.1,18.3,1015.9,428.3,Weather Station
2024-11-11,Karachi,24.8607,67.0011,27.9,82.2,3.0,28.0,1012.1,425.3,Weather Station
2024-11-11,Lahore,31.5204,74.3587,24.6,60.7,2.6,27.1,1013.4,429.4,Satellite Telemetry
2024-11-11,Islamabad,33.6844,73.0479,19.1,59.7,5.7,12.4,1014.5,407.8,Satellite Telemetry
2024-11-11,Peshawar,34.0151,71.5249,19.7,59.3,2.8,24.2,1012.8,417.2,Weather Station
2024-11-11,Quetta,30.1798,66.975,15.9,45.0,0.0,12.5,1020.2,400.8,Weather Station
2024-11-11,Multan,30.1575,71.5249,27.6,54.5,0.0,12.8,1014.8,423.3,Environmental IoT
2024-11-11,Hyderabad,25.396,68.3578,26.3,73.5,0.0,10.4,1009.7,420.1,Satellite Telemetry
2024-11-11,Faisalabad,31.4504,73.135,23.3,62.4,6.1,11.2,1011.4,427.2,Sensor Network
2024-11-12,Karachi,24.8607,67.0011,25.6,73.9,0.0,24.5,1009.6,423.3,Sensor Network
2024-11-12,Lahore,31.5204,74.3587,21.7,62.4,0.8,10.4,1011.9,427.2,Satellite Telemetry
2024-11-12,Islamabad,33.6844,73.0479,16.4,60.0,5.8,17.2,1016.8,409.6,Environmental IoT
2024-11-12,Peshawar,34.0151,71.5249,19.1,54.3,5.9,11.2,1012.7,412.7,Satellite Telemetry
2024-11-12,Quetta,30.1798,66.975,14.8,41.2,0.0,23.8,1020.7,400.1,Satellite Telemetry
2024-11-12,Multan,30.1575,71.5249,28.9,54.8,0.0,27.1,1010.0,425.2,Environmental IoT
2024-11-12,Hyderabad,25.396,68.3578,23.8,76.2,1.9,23.3,1010.6,416.3,Sensor Network
2024-11-12,Faisalabad,31.4504,73.135,23.3,57.0,2.2,18.7,1014.4,431.3,Weather Station
2024-11-13,Karachi,24.8607,67.0011,27.3,72.6,3.6,12.4,1012.7,425.5,Environmental IoT
2024-11-13,Lahore,31.5204,74.3587,22.6,63.1,4.6,10.7,1015.0,424.8,Weather Station
2024-11-13,Islamabad,33.6844,73.0479,17.6,52.7,7.3,10.0,1015.8,409.6,Satellite Telemetry
2024-11-13,Peshawar,34.0151,71.5249,20.1,59.0,3.6,17.1,1012.1,415.8,Sensor Network
2024-11-13,Quetta,30.1798,66.975,13.9,46.8,2.2,19.5,1021.5,404.3,Sensor Network
2024-11-13,Multan,30.1575,71.5249,28.9,51.6,3.0,13.4,1013.2,426.8,Sensor Network
2024-11-13,Hyderabad,25.396,68.3578,24.8,71.8,1.3,23.6,1013.7,419.4,Sensor Network
2024-11-13,Faisalabad,31.4504,73.135,24.3,61.2,2.2,16.5,1011.1,429.3,Environmental IoT
2024-11-14,Karachi,24.8607,67.0011,24.7,72.8,0.0,21.3,1008.2,423.3,Environmental IoT
2024-11-14,Lahore,31.5204,74.3587,22.4,60.8,4.4,22.2,1016.6,429.3,Environmental IoT
2024-11-14,Islamabad,33.6844,73.0479,17.7,61.6,7.6,18.9,1013.5,410.6,Sensor Network
2024-11-14,Peshawar,34.0151,71.5249,18.9,50.6,5.7,18.9,1013.7,412.9,Weather Station
2024-11-14,Quetta,30.1798,66.975,13.0,40.6,4.6,12.9,1018.7,402.6,Sensor Network
2024-11-14,Multan,30.1575,71.5249,27.6,57.3,2.8,20.0,1011.5,424.6,Weather Station
2024-11-14,Hyderabad,25.396,68.3578,23.2,70.2,3.7,12.0,1011.4,418.8,Satellite Telemetry
2024-11-14,Faisalabad,31.4504,73.135,22.4,63.4,2.0,18.7,1013.2,430.6,Sensor Network
2024-11-15,Karachi,24.8607,67.0011,25.5,79.9,0.6,23.1,1010.9,423.6,Sensor Network
2024-11-15,Lahore,31.5204,74.3587,22.4,64.0,1.6,12.8,1011.9,424.4,Sensor Network
2024-11-15,Islamabad,33.6844,73.0479,20.0,61.1,8.7,19.0,1018.1,411.4,Weather Station
2024-11-15,Peshawar,34.0151,71.5249,21.3,51.4,1.0,14.1,1015.5,416.5,Satellite Telemetry
2024-11-15,Quetta,30.1798,66.975,13.6,45.5,0.0,20.4,1020.0,402.0,Sensor Network
2024-11-15,Multan,30.1575,71.5249,27.1,48.4,3.0,27.3,1014.0,425.2,Sensor Network
2024-11-15,Hyderabad,25.396,68.3578,26.3,74.0,2.6,12.8,1011.6,419.4,Sensor Network
2024-11-15,Faisalabad,31.4504,73.135,23.5,56.7,0.5,13.4,1013.9,426.3,Weather Station
2024-11-16,Karachi,24.8607,67.0011,27.6,77.0,3.9,23.6,1010.6,423.1,Environmental IoT
2024-11-16,Lahore,31.5204,74.3587,24.3,62.3,0.6,14.1,1011.6,428.6,Environmental IoT
2024-11-16,Islamabad,33.6844,73.0479,19.9,54.1,6.8,14.9,1018.6,411.9,Sensor Network
2024-11-16,Peshawar,34.0151,71.5249,21.3,54.8,4.9,27.9,1012.3,415.2,Sensor Network
2024-11-16,Quetta,30.1798,66.975,15.8,45.5,4.4,12.0,1020.3,399.8,Satellite Telemetry
2024-11-16,Multan,30.1575,71.5249,28.6,52.4,4.2,23.2,1013.0,422.9,Environmental IoT
2024-11-16,Hyderabad,25.396,68.3578,23.2,67.9,2.0,24.7,1009.0,417.0,Weather Station
2024-11-16,Faisalabad,31.4504,73.135,25.2,55.3,5.5,27.9,1012.0,426.0,Weather Station
2024-11-17,Karachi,24.8607,67.0011,24.7,78.8,0.0,19.6,1012.5,422.2,Satellite Telemetry
2024-11-17,Lahore,31.5204,74.3587,23.3,63.0,3.6,21.8,1013.6,427.8,Sensor Network
2024-11-17,Islamabad,33.6844,73.0479,16.0,61.8,1.5,27.4,1015.0,408.4,Satellite Telemetry
2024-11-17,Peshawar,34.0151,71.5249,21.3,56.5,1.3,23.1,1014.8,416.6,Satellite Telemetry
2024-11-17,Quetta,30.1798,66.975,14.0,39.8,0.0,13.8,1018.5,403.8,Weather Station
2024-11-17,Multan,30.1575,71.5249,25.1,53.8,0.0,19.2,1010.7,422.7,Environmental IoT
2024-11-17,Hyderabad,25.396,68.3578,26.8,70.3,1.9,23.7,1011.2,417.5,Sensor Network
2024-11-17,Faisalabad,31.4504,73.135,23.2,55.4,0.0,26.0,1012.6,426.8,Weather Station
2024-11-18,Karachi,24.8607,67.0011,27.6,81.1,2.0,22.9,1012.5,424.8,Satellite Telemetry
2024-11-18,Lahore,31.5204,74.3587,24.5,65.9,2.7,26.2,1016.1,427.5,Environmental IoT
2024-11-18,Islamabad,33.6844,73.0479,17.0,54.4,7.2,18.5,1015.1,408.7,Weather Station
2024-11-18,Peshawar,34.0151,71.5249,20.5,53.9,4.1,10.6,1014.7,415.6,Environmental IoT
2024-11-18,Quetta,30.1798,66.975,13.3,42.8,0.0,15.3,1016.7,404.3,Sensor Network
2024-11-18,Multan,30.1575,71.5249,25.6,56.1,3.5,21.6,1009.2,424.8,Sensor Network
2024-11-18,Hyderabad,25.396,68.3578,23.2,72.6,0.9,17.5,1013.8,420.4,Environmental IoT
2024-11-18,Faisalabad,31.4504,73.135,23.2,55.3,0.0,12.0,1014.7,426.7,Weather Station
2024-11-19,Karachi,24.8607,67.0011,24.9,78.1,5.2,13.8,1011.8,420.3,Environmental IoT
2024-11-19,Lahore,31.5204,74.3587,24.3,62.1,2.3,26.6,1013.5,428.8,Environmental IoT
2024-11-19,Islamabad,33.6844,73.0479,17.7,59.3,2.5,13.6,1015.3,409.5,Weather Station
2024-11-19,Peshawar,34.0151,71.5249,21.0,54.9,4.1,16.1,1012.3,413.0,Environmental IoT
2024-11-19,Quetta,30.1798,66.975,12.7,44.4,2.2,25.7,1016.4,403.9,Satellite Telemetry
2024-11-19,Multan,30.1575,71.5249,26.4,55.7,3.2,21.4,1013.8,424.1,Sensor Network
2024-11-19,Hyderabad,25.396,68.3578,23.3,74.9,0.0,14.0,1014.6,417.4,Weather Station
2024-11-19,Faisalabad,31.4504,73.135,24.3,62.4,3.8,11.7,1014.3,429.8,Environmental IoT
2024-11-20,Karachi,24.8607,67.0011,27.1,77.0,4.8,10.8,1008.9,422.0,Environmental IoT
2024-11-20,Lahore,31.5204,74.3587,24.5,58.7,2.1,22.2,1012.0,425.2,Sensor Network
2024-11-20,Islamabad,33.6844,73.0479,17.3,55.3,6.9,16.8,1017.9,407.8,Environmental IoT
2024-11-20,Peshawar,34.0151,71.5249,18.7,58.4,0.4,24.5,1014.1,413.9,Environmental IoT
2024-11-20,Quetta,30.1798,66.975,13.1,40.2,3.0,13.9,1021.1,401.6,Environmental IoT
2024-11-20,Multan,30.1575,71.5249,26.5,51.9,5.3,17.8,1014.8,422.8,Environmental IoT
2024-11-20,Hyderabad,25.396,68.3578,23.4,70.4,5.0,11.5,1009.5,419.5,Environmental IoT
2024-11-20,Faisalabad,31.4504,73.135,25.6,57.9,4.6,28.0,1011.4,429.8,Sensor Network
2024-11-21,Karachi,24.8607,67.0011,24.9,75.4,0.0,19.5,1011.5,423.1,Satellite Telemetry
2024-11-21,Lahore,31.5204,74.3587,23.4,58.5,6.1,25.5,1012.4,425.5,Environmental IoT
2024-11-21,Islamabad,33.6844,73.0479,16.2,57.4,1.9,14.0,1014.0,408.0,Weather Station
2024-11-21,Peshawar,34.0151,71.5249,18.5,59.4,1.0,26.6,1015.8,416.0,Sensor Network
2024-11-21,Quetta,30.1798,66.975,14.5,40.1,4.3,26.2,1018.9,402.2,Weather Station
2024-11-21,Multan,30.1575,71.5249,25.9,53.0,1.8,19.7,1014.3,422.0,Environmental IoT
2024-11-21,Hyderabad,25.396,68.3578,23.5,70.3,3.4,20.4,1013.8,420.5,Environmental IoT
2024-11-21,Faisalabad,31.4504,73.135,24.4,59.8,3.9,23.6,1010.9,429.0,Weather Station
2024-11-22,Karachi,24.8607,67.0011,26.4,74.6,2.7,13.9,1013.4,422.5,Environmental IoT
2024-11-22,Lahore,31.5204,74.3587,23.8,65.2,1.2,15.8,1012.2,428.4,Environmental IoT
2024-11-22,Islamabad,33.6844,73.0479,18.3,55.5,7.1,24.2,1017.6,407.9,Weather Station
2024-11-22,Peshawar,34.0151,71.5249,19.4,53.9,5.1,13.6,1016.5,416.0,Satellite Telemetry
2024-11-22,Quetta,30.1798,66.975,15.4,42.0,3.0,23.5,1017.9,404.2,Sensor Network
2024-11-22,Multan,30.1575,71.5249,27.0,47.6,0.0,12.7,1014.2,424.0,Sensor Network
2024-11-22,Hyderabad,25.396,68.3578,23.4,72.6,1.5,15.1,1014.1,417.2,Sensor Network
2024-11-22,Faisalabad,31.4504,73.135,24.3,57.6,2.4,21.5,1010.1,430.7,Weather Station
2024-11-23,Karachi,24.8607,67.0011,24.1,74.9,0.0,22.0,1014.0,422.2,Weather Station
2024-11-23,Lahore,31.5204,74.3587,21.1,62.4,1.5,15.1,1012.5,429.9,Environmental IoT
2024-11-23,Islamabad,33.6844,73.0479,16.7,61.4,8.9,16.2,1013.5,408.5,Sensor Network
2024-11-23,Peshawar,34.0151,71.5249,21.4,52.1,2.7,15.5,1014.9,415.2,Environmental IoT
2024-11-23,Quetta,30.1798,66.975,13.2,45.3,0.0,12.5,1019.0,404.1,Sensor Network
2024-11-23,Multan,30.1575,71.5249,28.4,52.5,0.0,13.6,1011.8,425.7,Environmental IoT
2024-11-23,Hyderabad,25.396,68.3578,26.1,70.0,5.6,22.1,1013.6,418.9,Sensor Network
2024-11-23,Faisalabad,31.4504,73.135,23.6,60.9,1.8,12.2,1015.5,428.8,Sensor Network
2024-11-24,Karachi,24.8607,67.0011,27.7,77.8,0.0,17.5,1011.2,424.7,Environmental IoT
2024-11-24,Lahore,31.5204,74.3587,22.2,66.6,2.3,23.3,1015.2,425.9,Satellite Telemetry
2024-11-24,Islamabad,33.6844,73.0479,16.5,58.2,8.3,17.8,1017.1,407.0,Environmental IoT
2024-11-24,Peshawar,34.0151,71.5249,18.9,57.6,0.0,25.9,1015.3,414.9,Satellite Telemetry
2024-11-24,Quetta,30.1798,66.975,14.9,44.9,0.0,10.9,1017.0,400.0,Weather Station
2024-11-24,Multan,30.1575,71.5249,25.4,54.0,0.0,15.3,1014.9,427.0,Environmental IoT
2024-11-24,Hyderabad,25.396,68.3578,23.7,72.6,3.3,16.8,1010.1,416.7,Satellite Telemetry
2024-11-24,Faisalabad,31.4504,73.135,24.8,55.7,1.5,21.5,1011.8,426.3,Weather Station
2024-11-25,Karachi,24.8607,67.0011,27.3,81.6,0.0,24.0,1013.2,422.9,Environmental IoT
2024-11-25,Lahore,31.5204,74.3587,22.8,65.4,4.0,18.4,1012.9,429.6,Sensor Network
2024-11-25,Islamabad,33.6844,73.0479,19.0,52.8,1.5,25.6,1016.7,412.6,Environmental IoT
2024-11-25,Peshawar,34.0151,71.5249,20.1,60.0,2.5,26.9,1018.0,412.9,Environmental IoT
2024-11-25,Quetta,30.1798,66.975,15.4,46.9,0.0,18.1,1019.1,401.5,Sensor Network
2024-11-25,Multan,30.1575,71.5249,26.3,56.2,1.9,11.2,1013.0,425.1,Sensor Network
2024-11-25,Hyderabad,25.396,68.3578,25.9,72.6,4.8,12.1,1012.1,417.3,Environmental IoT
2024-11-25,Faisalabad,31.4504,73.135,23.0,61.1,2.8,10.8,1015.1,426.8,Weather Station
2024-11-26,Karachi,24.8607,67.0011,26.9,80.2,4.6,17.4,1011.3,425.4,Sensor Network
2024-11-26,Lahore,31.5204,74.3587,24.9,66.9,6.7,17.7,1013.7,429.6,Weather Station
2024-11-26,Islamabad,33.6844,73.0479,16.7,54.2,2.6,25.4,1014.1,412.5,Sensor Network
2024-11-26,Peshawar,34.0151,71.5249,21.9,53.5,5.3,26.7,1017.3,414.6,Weather Station
2024-11-26,Quetta,30.1798,66.975,13.7,43.8,1.6,22.9,1019.1,405.8,Environmental IoT
2024-11-26,Multan,30.1575,71.5249,28.9,50.4,0.9,17.3,1011.9,422.2,Weather Station
2024-11-26,Hyderabad,25.396,68.3578,24.7,71.7,0.0,16.8,1012.5,417.4,Environmental IoT
2024-11-26,Faisalabad,31.4504,73.135,22.8,56.8,1.5,10.5,1010.0,429.9,Weather Station
2024-11-27,Karachi,24.8607,67.0011,26.9,78.8,0.0,12.7,1010.2,420.1,Weather Station
2024-11-27,Lahore,31.5204,74.3587,23.4,58.8,6.7,21.9,1011.9,427.1,Sensor Network
2024-11-27,Islamabad,33.6844,73.0479,19.4,60.6,8.8,20.3,1013.8,412.3,Environmental IoT
2024-11-27,Peshawar,34.0151,71.5249,21.2,50.5,0.0,21.0,1018.0,415.1,Weather Station
2024-11-27,Quetta,30.1798,66.975,13.7,44.1,4.4,23.8,1018.5,403.4,Weather Station
2024-11-27,Multan,30.1575,71.5249,25.5,48.0,3.4,24.0,1010.8,425.4,Satellite Telemetry
2024-11-27,Hyderabad,25.396,68.3578,23.1,69.9,0.6,27.1,1013.7,418.4,Weather Station
2024-11-27,Faisalabad,31.4504,73.135,25.3,61.6,6.6,13.9,1013.9,428.7,Weather Station
2024-11-28,Karachi,24.8607,67.0011,26.6,80.9,3.8,10.8,1008.2,421.7,Weather Station
2024-11-28,Lahore,31.5204,74.3587,23.1,58.3,6.0,13.2,1016.7,424.8,Satellite Telemetry
2024-11-28,Islamabad,33.6844,73.0479,18.0,61.8,1.6,24.0,1013.7,408.0,Satellite Telemetry
2024-11-28,Peshawar,34.0151,71.5249,20.4,54.6,5.0,19.9,1015.8,415.6,Weather Station
2024-11-28,Quetta,30.1798,66.975,15.5,41.8,0.5,27.2,1019.6,404.3,Weather Station
2024-11-28,Multan,30.1575,71.5249,26.4,54.4,0.0,24.6,1011.3,422.1,Sensor Network
2024-11-28,Hyderabad,25.396,68.3578,26.2,72.6,0.0,10.1,1009.9,419.1,Sensor Network
2024-11-28,Faisalabad,31.4504,73.135,23.2,58.9,1.8,21.8,1011.5,429.3,Weather Station
2024-11-29,Karachi,24.8607,67.0011,24.9,81.5,3.5,25.4,1013.0,420.8,Satellite Telemetry
2024-11-29,Lahore,31.5204,74.3587,25.0,59.6,4.4,17.4,1012.3,429.7,Environmental IoT
2024-11-29,Islamabad,33.6844,73.0479,16.7,56.0,4.0,23.7,1014.2,410.2,Satellite Telemetry
2024-11-29,Peshawar,34.0151,71.5249,19.6,60.4,0.0,23.4,1017.0,414.2,Satellite Telemetry
2024-11-29,Quetta,30.1798,66.975,13.0,41.7,0.0,11.4,1020.9,404.7,Weather Station
2024-11-29,Multan,30.1575,71.5249,26.9,53.6,2.0,10.3,1014.7,422.7,Weather Station
2024-11-29,Hyderabad,25.396,68.3578,24.3,77.0,1.1,18.5,1010.5,417.2,Weather Station
2024-11-29,Faisalabad,31.4504,73.135,22.6,59.4,3.7,17.3,1011.2,426.7,Satellite Telemetry
2024-11-30,Karachi,24.8607,67.0011,27.4,76.7,3.8,21.0,1010.7,422.8,Sensor Network
2024-11-30,Lahore,31.5204,74.3587,22.5,65.5,4.7,23.1,1014.1,427.2,Sensor Network
2024-11-30,Islamabad,33.6844,73.0479,16.1,55.3,3.6,10.8,1017.5,411.3,Satellite Telemetry
2024-11-30,Peshawar,34.0151,71.5249,21.9,54.2,0.0,14.1,1016.3,412.4,Weather Station
2024-11-30,Quetta,30.1798,66.975,15.0,38.5,0.0,12.6,1021.9,401.0,Environmental IoT
2024-11-30,Multan,30.1575,71.5249,28.1,51.2,1.1,20.8,1013.6,422.8,Sensor Network
2024-11-30,Hyderabad,25.396,68.3578,26.9,70.3,3.4,26.3,1010.0,421.7,Satellite Telemetry
2024-11-30,Faisalabad,31.4504,73.135,22.4,59.7,0.1,12.2,1011.0,427.4,Satellite Telemetry
2024-12-01,Karachi,24.8607,67.0011,21.6,76.3,5.0,13.8,1012.4,423.8,Weather Station
2024-12-01,Lahore,31.5204,74.3587,18.9,57.0,7.3,17.0,1015.2,429.7,Sensor Network
2024-12-01,Islamabad,33.6844,73.0479,13.7,53.1,1.7,23.1,1016.5,411.2,Sensor Network
2024-12-01,Peshawar,34.0151,71.5249,16.5,50.7,4.2,14.3,1012.3,413.7,Sensor Network
2024-12-01,Quetta,30.1798,66.975,11.8,36.9,4.9,25.0,1016.6,400.7,Sensor Network
2024-12-01,Multan,30.1575,71.5249,23.3,47.4,2.7,23.9,1011.9,423.8,Sensor Network
2024-12-01,Hyderabad,25.396,68.3578,23.4,64.5,2.0,12.6,1014.0,419.0,Environmental IoT
2024-12-01,Faisalabad,31.4504,73.135,19.2,58.9,1.0,16.2,1014.5,426.4,Environmental IoT
2024-12-02,Karachi,24.8607,67.0011,21.2,69.1,3.1,18.1,1008.4,423.2,Satellite Telemetry
2024-12-02,Lahore,31.5204,74.3587,20.9,60.3,6.7,13.6,1015.2,429.5,Satellite Telemetry
2024-12-02,Islamabad,33.6844,73.0479,14.0,57.8,8.1,11.6,1017.5,412.6,Weather Station
2024-12-02,Peshawar,34.0151,71.5249,18.7,54.5,0.9,14.1,1016.7,413.7,Satellite Telemetry
2024-12-02,Quetta,30.1798,66.975,12.1,41.3,3.5,20.2,1021.1,404.6,Weather Station
2024-12-02,Multan,30.1575,71.5249,25.2,52.0,4.6,13.6,1011.1,423.4,Satellite Telemetry
2024-12-02,Hyderabad,25.396,68.3578,22.7,71.4,2.5,25.6,1009.8,421.3,Sensor Network
2024-12-02,Faisalabad,31.4504,73.135,22.7,54.4,0.0,17.0,1014.0,428.4,Satellite Telemetry
2024-12-03,Karachi,24.8607,67.0011,21.4,69.5,4.0,24.1,1009.5,422.6,Weather Station
2024-12-03,Lahore,31.5204,74.3587,20.1,63.2,1.5,12.9,1015.7,425.4,Environmental IoT
2024-12-03,Islamabad,33.6844,73.0479,16.8,53.6,9.0,14.9,1017.8,407.1,Environmental IoT
2024-12-03,Peshawar,34.0151,71.5249,17.9,48.4,3.3,21.2,1014.3,415.0,Satellite Telemetry
2024-12-03,Quetta,30.1798,66.975,13.0,41.1,0.0,16.6,1018.0,404.5,Satellite Telemetry
2024-12-03,Multan,30.1575,71.5249,25.4,48.8,2.1,16.1,1009.2,425.5,Sensor Network
2024-12-03,Hyderabad,25.396,68.3578,21.1,64.8,5.3,14.4,1012.2,419.5,Weather Station
2024-12-03,Faisalabad,31.4504,73.135,19.4,53.0,1.6,15.9,1014.7,431.3,Weather Station
2024-12-04,Karachi,24.8607,67.0011,23.3,71.4,0.0,20.8,1012.9,420.6,Sensor Network
2024-12-04,Lahore,31.5204,74.3587,20.9,62.0,6.3,19.3,1013.7,429.7,Sensor Network
2024-12-04,Islamabad,33.6844,73.0479,17.0,55.2,8.2,22.2,1018.4,409.2,Satellite Telemetry
2024-12-04,Peshawar,34.0151,71.5249,17.2,47.6,4.4,26.9,1015.9,414.5,Satellite Telemetry
2024-12-04,Quetta,30.1798,66.975,11.5,38.0,0.0,11.9,1016.4,402.5,Environmental IoT
2024-12-04,Multan,30.1575,71.5249,25.5,45.1,3.1,13.8,1009.7,424.2,Satellite Telemetry
2024-12-04,Hyderabad,25.396,68.3578,23.5,68.4,2.1,22.6,1009.1,416.8,Weather Station
2024-12-04,Faisalabad,31.4504,73.135,22.5,56.1,5.0,19.4,1015.3,431.4,Weather Station
2024-12-05,Karachi,24.8607,67.0011,23.4,71.9,3.6,11.4,1012.2,422.7,Sensor Network
2024-12-05,Lahore,31.5204,74.3587,19.7,60.2,6.0,14.8,1012.9,427.5,Weather Station
2024-12-05,Islamabad,33.6844,73.0479,14.1,50.8,3.2,14.9,1013.6,407.2,Weather Station
2024-12-05,Peshawar,34.0151,71.5249,17.1,47.1,0.0,16.4,1017.2,414.7,Environmental IoT
2024-12-05,Quetta,30.1798,66.975,12.3,43.2,0.0,18.1,1018.4,401.1,Satellite Telemetry
2024-12-05,Multan,30.1575,71.5249,24.3,53.1,0.4,17.8,1013.7,422.6,Sensor Network
2024-12-05,Hyderabad,25.396,68.3578,22.5,66.9,1.5,19.2,1010.1,421.3,Weather Station
2024-12-05,Faisalabad,31.4504,73.135,19.7,58.8,2.0,25.3,1012.6,428.7,Weather Station
2024-12-06,Karachi,24.8607,67.0011,23.9,70.6,0.0,25.1,1013.2,420.4,Weather Station
2024-12-06,Lahore,31.5204,74.3587,18.4,57.3,4.7,16.7,1012.3,427.7,Sensor Network
2024-12-06,Islamabad,33.6844,73.0479,13.2,54.8,2.6,11.2,1015.0,408.9,Weather Station
2024-12-06,Peshawar,34.0151,71.5249,18.3,55.6,1.1,25.1,1012.3,413.9,Sensor Network
2024-12-06,Quetta,30.1798,66.975,10.8,43.5,0.8,19.8,1016.6,401.1,Weather Station
2024-12-06,Multan,30.1575,71.5249,24.9,51.9,3.4,21.3,1012.1,424.7,Sensor Network
2024-12-06,Hyderabad,25.396,68.3578,23.9,72.7,0.0,25.8,1012.5,418.6,Weather Station
2024-12-06,Faisalabad,31.4504,73.135,23.0,53.6,6.5,22.2,1010.2,427.5,Weather Station
2024-12-07,Karachi,24.8607,67.0011,23.9,74.5,3.1,13.4,1008.7,425.0,Weather Station
2024-12-07,Lahore,31.5204,74.3587,20.8,57.0,7.4,22.0,1012.2,426.0,Weather Station
2024-12-07,Islamabad,33.6844,73.0479,14.0,51.8,3.2,21.2,1015.7,409.3,Environmental IoT
2024-12-07,Peshawar,34.0151,71.5249,18.1,54.3,4.4,13.3,1014.5,417.3,Satellite Telemetry
2024-12-07,Quetta,30.1798,66.975,10.9,34.8,3.6,24.2,1019.5,400.6,Sensor Network
2024-12-07,Multan,30.1575,71.5249,25.6,49.4,0.0,19.0,1012.9,424.5,Environmental IoT
2024-12-07,Hyderabad,25.396,68.3578,23.4,66.9,2.6,27.9,1012.1,416.8,Satellite Telemetry
2024-12-07,Faisalabad,31.4504,73.135,22.2,60.3,5.6,16.4,1016.0,427.0,Satellite Telemetry
2024-12-08,Karachi,24.8607,67.0011,23.6,73.1,0.0,20.8,1010.4,422.8,Satellite Telemetry
2024-12-08,Lahore,31.5204,74.3587,20.7,54.5,1.2,22.8,1015.6,425.0,Environmental IoT
2024-12-08,Islamabad,33.6844,73.0479,16.8,48.9,1.6,22.1,1015.5,413.0,Environmental IoT
2024-12-08,Peshawar,34.0151,71.5249,16.8,52.7,0.0,11.5,1017.8,416.5,Environmental IoT
2024-12-08,Quetta,30.1798,66.975,9.7,43.1,2.5,21.5,1018.6,401.3,Satellite Telemetry
2024-12-08,Multan,30.1575,71.5249,23.4,45.5,1.6,11.1,1009.8,425.9,Satellite Telemetry
2024-12-08,Hyderabad,25.396,68.3578,20.5,64.5,2.3,25.0,1013.8,418.9,Satellite Telemetry
2024-12-08,Faisalabad,31.4504,73.135,22.7,54.3,1.7,25.6,1010.7,430.6,Satellite Telemetry
2024-12-09,Karachi,24.8607,67.0011,22.0,77.6,0.0,16.8,1012.0,421.0,Environmental IoT
2024-12-09,Lahore,31.5204,74.3587,18.9,57.3,3.9,14.9,1016.5,425.7,Environmental IoT
2024-12-09,Islamabad,33.6844,73.0479,16.6,51.2,2.2,27.1,1013.8,410.2,Environmental IoT
2024-12-09,Peshawar,34.0151,71.5249,16.4,51.5,2.2,25.6,1013.9,415.9,Sensor Network
2024-12-09,Quetta,30.1798,66.975,10.1,39.5,0.1,13.4,1016.7,404.7,Environmental IoT
2024-12-09,Multan,30.1575,71.5249,23.5,46.2,1.0,22.5,1012.1,426.8,Weather Station
2024-12-09,Hyderabad,25.396,68.3578,22.6,67.1,0.9,26.0,1014.2,417.4,Satellite Telemetry
2024-12-09,Faisalabad,31.4504,73.135,19.8,60.5,2.2,13.0,1011.4,431.6,Sensor Network
2024-12-10,Karachi,24.8607,67.0011,25.0,73.0,1.5,20.8,1012.3,426.0,Environmental IoT
2024-12-10,Lahore,31.5204,74.3587,18.1,62.2,0.9,11.8,1014.7,428.7,Environmental IoT
2024-12-10,Islamabad,33.6844,73.0479,15.7,54.6,8.4,27.9,1018.0,411.1,Weather Station
2024-12-10,Peshawar,34.0151,71.5249,16.2,55.0,0.0,12.4,1014.2,415.7,Weather Station
2024-12-10,Quetta,30.1798,66.975,12.6,36.3,0.1,19.4,1018.9,401.5,Environmental IoT
2024-12-10,Multan,30.1575,71.5249,22.7,49.4,0.1,16.9,1010.5,424.0,Environmental IoT
2024-12-10,Hyderabad,25.396,68.3578,20.8,69.4,3.0,26.4,1013.2,421.8,Weather Station
2024-12-10,Faisalabad,31.4504,73.135,23.1,54.8,0.5,14.9,1015.0,429.4,Weather Station
2024-12-11,Karachi,24.8607,67.0011,24.5,70.4,5.2,14.8,1010.2,424.6,Weather Station
2024-12-11,Lahore,31.5204,74.3587,18.4,55.3,6.4,17.9,1014.2,429.7,Weather Station
2024-12-11,Islamabad,33.6844,73.0479,16.7,55.1,7.5,18.4,1017.6,409.7,Weather Station
2024-12-11,Peshawar,34.0151,71.5249,17.1,55.4,2.5,24.0,1015.4,416.5,Sensor Network
2024-12-11,Quetta,30.1798,66.975,12.0,41.4,3.1,16.2,1021.3,405.4,Sensor Network
2024-12-11,Multan,30.1575,71.5249,25.6,52.2,0.9,26.7,1015.0,423.8,Sensor Network
2024-12-11,Hyderabad,25.396,68.3578,22.6,71.0,1.1,24.2,1011.4,417.4,Weather Station
2024-12-11,Faisalabad,31.4504,73.135,22.6,51.3,6.7,26.7,1011.1,428.8,Sensor Network
2024-12-12,Karachi,24.8607,67.0011,24.5,76.9,2.4,26.6,1011.7,423.3,Satellite Telemetry
2024-12-12,Lahore,31.5204,74.3587,19.6,55.4,5.9,27.2,1015.7,429.8,Environmental IoT
2024-12-12,Islamabad,33.6844,73.0479,14.5,54.4,8.0,25.7,1018.0,409.9,Sensor Network
2024-12-12,Peshawar,34.0151,71.5249,18.6,54.3,1.2,18.1,1013.5,415.4,Satellite Telemetry
2024-12-12,Quetta,30.1798,66.975,12.4,38.4,0.0,15.1,1018.0,401.0,Weather Station
2024-12-12,Multan,30.1575,71.5249,22.6,50.4,0.0,12.3,1011.6,422.6,Environmental IoT
2024-12-12,Hyderabad,25.396,68.3578,23.6,64.0,0.0,21.1,1011.1,417.6,Weather Station
2024-12-12,Faisalabad,31.4504,73.135,20.4,53.8,0.0,10.9,1012.0,426.9,Environmental IoT
2024-12-13,Karachi,24.8607,67.0011,22.1,70.0,0.0,18.9,1008.8,425.2,Sensor Network
2024-12-13,Lahore,31.5204,74.3587,18.2,63.4,5.5,24.0,1011.7,429.8,Sensor Network
2024-12-13,Islamabad,33.6844,73.0479,13.5,51.0,2.4,16.5,1018.0,408.5,Sensor Network
2024-12-13,Peshawar,34.0151,71.5249,17.1,49.2,0.1,24.5,1016.8,415.7,Satellite Telemetry
2024-12-13,Quetta,30.1798,66.975,10.2,39.0,0.0,17.1,1021.2,406.0,Environmental IoT
2024-12-13,Multan,30.1575,71.5249,23.7,46.0,5.3,22.8,1013.0,423.1,Satellite Telemetry
2024-12-13,Hyderabad,25.396,68.3578,23.8,69.8,4.1,17.0,1010.1,420.9,Satellite Telemetry
2024-12-13,Faisalabad,31.4504,73.135,20.3,53.9,4.6,19.1,1010.7,427.3,Sensor Network
2024-12-14,Karachi,24.8607,67.0011,24.8,78.4,0.0,16.2,1013.4,424.4,Environmental IoT
2024-12-14,Lahore,31.5204,74.3587,19.4,60.2,6.4,25.0,1012.5,428.5,Weather Station
2024-12-14,Islamabad,33.6844,73.0479,14.1,55.4,6.2,22.8,1017.2,407.8,Satellite Telemetry
2024-12-14,Peshawar,34.0151,71.5249,15.3,47.9,3.5,19.1,1017.2,415.7,Sensor Network
2024-12-14,Quetta,30.1798,66.975,10.5,38.2,0.0,19.7,1017.1,400.7,Environmental IoT
2024-12-14,Multan,30.1575,71.5249,22.7,44.8,5.7,12.6,1012.9,423.6,Environmental IoT
2024-12-14,Hyderabad,25.396,68.3578,20.8,66.7,5.7,18.3,1013.9,416.7,Sensor Network
2024-12-14,Faisalabad,31.4504,73.135,23.0,57.3,6.3,11.1,1013.3,427.6,Environmental IoT
2024-12-15,Karachi,24.8607,67.0011,25.1,69.5,2.3,27.5,1013.2,420.5,Satellite Telemetry
2024-12-15,Lahore,31.5204,74.3587,18.2,60.6,0.8,25.5,1016.4,425.9,Environmental IoT
2024-12-15,Islamabad,33.6844,73.0479,16.8,54.3,3.7,19.4,1014.2,408.6,Sensor Network
2024-12-15,Peshawar,34.0151,71.5249,16.5,56.0,2.7,19.3,1015.0,413.8,Satellite Telemetry
2024-12-15,Quetta,30.1798,66.975,11.1,37.3,0.0,15.7,1016.4,404.4,Satellite Telemetry
2024-12-15,Multan,30.1575,71.5249,24.2,45.1,1.0,21.1,1013.2,425.6,Satellite Telemetry
2024-12-15,Hyderabad,25.396,68.3578,20.4,72.7,3.7,25.2,1011.6,418.6,Satellite Telemetry
2024-12-15,Faisalabad,31.4504,73.135,22.6,60.3,5.4,24.3,1010.1,430.6,Weather Station
2024-12-16,Karachi,24.8607,67.0011,23.1,71.8,0.9,25.8,1013.0,421.2,Sensor Network
2024-12-16,Lahore,31.5204,74.3587,19.7,60.3,6.9,12.0,1014.9,427.6,Satellite Telemetry
2024-12-16,Islamabad,33.6844,73.0479,15.3,53.3,5.7,14.2,1013.5,409.8,Satellite Telemetry
2024-12-16,Peshawar,34.0151,71.5249,15.5,50.4,4.7,11.6,1012.6,413.3,Environmental IoT
2024-12-16,Quetta,30.1798,66.975,12.7,43.5,0.5,14.6,1018.9,402.6,Weather Station
2024-12-16,Multan,30.1575,71.5249,22.4,48.6,3.2,15.4,1009.7,425.2,Environmental IoT
2024-12-16,Hyderabad,25.396,68.3578,22.9,66.7,0.0,20.0,1011.3,417.7,Sensor Network
2024-12-16,Faisalabad,31.4504,73.135,20.2,59.5,0.6,26.0,1013.0,429.7,Weather Station
2024-12-17,Karachi,24.8607,67.0011,22.1,77.7,5.4,16.5,1008.5,424.6,Sensor Network
2024-12-17,Lahore,31.5204,74.3587,19.1,54.6,7.5,21.8,1011.2,428.7,Environmental IoT
2024-12-17,Islamabad,33.6844,73.0479,14.5,57.2,5.3,13.4,1016.8,407.3,Environmental IoT
2024-12-17,Peshawar,34.0151,71.5249,17.9,54.9,1.5,11.5,1017.9,413.8,Satellite Telemetry
2024-12-17,Quetta,30.1798,66.975,11.3,35.6,0.0,27.8,1017.5,404.1,Environmental IoT
2024-12-17,Multan,30.1575,71.5249,24.6,53.3,0.0,20.3,1010.5,428.2,Environmental IoT
2024-12-17,Hyderabad,25.396,68.3578,21.7,72.8,5.0,22.2,1009.2,417.7,Environmental IoT
2024-12-17,Faisalabad,31.4504,73.135,20.0,52.4,0.3,23.2,1013.2,427.7,Sensor Network
2024-12-18,Karachi,24.8607,67.0011,22.6,74.7,3.0,27.5,1011.7,422.9,Weather Station
2024-12-18,Lahore,31.5204,74.3587,20.0,60.6,0.0,10.9,1014.6,429.6,Sensor Network
2024-12-18,Islamabad,33.6844,73.0479,14.2,57.5,4.7,17.9,1015.2,411.5,Sensor Network
2024-12-18,Peshawar,34.0151,71.5249,16.3,52.0,3.0,26.1,1015.2,412.4,Satellite Telemetry
2024-12-18,Quetta,30.1798,66.975,11.0,39.2,0.4,13.4,1020.0,402.7,Weather Station
2024-12-18,Multan,30.1575,71.5249,22.8,51.1,3.3,21.4,1009.9,423.2,Sensor Network
2024-12-18,Hyderabad,25.396,68.3578,22.6,65.3,5.7,27.1,1011.6,417.6,Weather Station
2024-12-18,Faisalabad,31.4504,73.135,23.0,60.0,0.2,18.6,1010.7,427.2,Satellite Telemetry
2024-12-19,Karachi,24.8607,67.0011,23.1,73.5,0.0,18.7,1009.4,424.0,Sensor Network
2024-12-19,Lahore,31.5204,74.3587,21.3,63.2,0.2,18.3,1011.0,425.2,Weather Station
2024-12-19,Islamabad,33.6844,73.0479,13.3,54.4,4.6,16.8,1016.5,411.0,Environmental IoT
2024-12-19,Peshawar,34.0151,71.5249,18.4,54.6,3.2,21.2,1014.3,412.8,Sensor Network
2024-12-19,Quetta,30.1798,66.975,12.7,36.1,0.0,22.4,1017.0,403.7,Sensor Network
2024-12-19,Multan,30.1575,71.5249,23.9,51.7,5.5,16.6,1009.0,426.1,Weather Station
2024-12-19,Hyderabad,25.396,68.3578,21.2,72.1,1.2,18.2,1009.1,422.3,Environmental IoT
2024-12-19,Faisalabad,31.4504,73.135,21.3,59.4,5.0,11.6,1011.7,430.4,Sensor Network
2024-12-20,Karachi,24.8607,67.0011,24.1,77.2,3.6,27.0,1010.2,422.0,Weather Station
2024-12-20,Lahore,31.5204,74.3587,21.2,53.9,6.1,11.0,1013.2,425.8,Sensor Network
2024-12-20,Islamabad,33.6844,73.0479,14.6,57.0,8.5,21.5,1015.2,410.9,Sensor Network
2024-12-20,Peshawar,34.0151,71.5249,15.3,53.9,1.2,16.1,1016.0,413.6,Satellite Telemetry
2024-12-20,Quetta,30.1798,66.975,9.5,37.1,0.0,18.7,1018.5,403.8,Satellite Telemetry
2024-12-20,Multan,30.1575,71.5249,23.5,51.7,3.4,14.3,1013.2,427.4,Weather Station
2024-12-20,Hyderabad,25.396,68.3578,22.4,65.0,1.6,11.9,1014.9,419.2,Satellite Telemetry
2024-12-20,Faisalabad,31.4504,73.135,20.2,53.2,1.2,22.5,1010.9,428.8,Satellite Telemetry
2024-12-21,Karachi,24.8607,67.0011,25.0,75.5,2.5,23.5,1012.0,426.2,Sensor Network
2024-12-21,Lahore,31.5204,74.3587,21.4,58.8,0.0,18.5,1014.4,425.1,Satellite Telemetry
2024-12-21,Islamabad,33.6844,73.0479,16.6,58.5,4.0,20.1,1017.7,411.9,Weather Station
2024-12-21,Peshawar,34.0151,71.5249,15.7,47.2,0.0,18.5,1016.9,413.5,Satellite Telemetry
2024-12-21,Quetta,30.1798,66.975,11.6,39.7,3.3,18.8,1020.4,400.9,Environmental IoT
2024-12-21,Multan,30.1575,71.5249,24.5,48.3,0.3,26.3,1012.3,426.8,Weather Station
2024-12-21,Hyderabad,25.396,68.3578,20.4,73.8,0.0,27.0,1012.1,419.5,Sensor Network
2024-12-21,Faisalabad,31.4504,73.135,20.9,51.0,3.1,15.7,1010.3,429.4,Environmental IoT
2024-12-22,Karachi,24.8607,67.0011,24.1,71.0,2.4,24.8,1012.4,423.9,Satellite Telemetry
2024-12-22,Lahore,31.5204,74.3587,18.1,56.3,1.1,26.4,1011.5,424.5,Environmental IoT
2024-12-22,Islamabad,33.6844,73.0479,14.9,55.3,4.3,15.7,1015.6,410.0,Environmental IoT
2024-12-22,Peshawar,34.0151,71.5249,18.3,55.8,4.4,24.8,1012.3,416.4,Weather Station
2024-12-22,Quetta,30.1798,66.975,11.5,35.3,0.0,18.9,1019.9,403.6,Satellite Telemetry
2024-12-22,Multan,30.1575,71.5249,23.9,49.2,2.4,26.7,1014.1,422.8,Environmental IoT
2024-12-22,Hyderabad,25.396,68.3578,21.1,65.3,2.5,24.1,1011.2,422.1,Environmental IoT
2024-12-22,Faisalabad,31.4504,73.135,19.9,60.6,5.8,24.8,1015.0,431.9,Weather Station
2024-12-23,Karachi,24.8607,67.0011,22.6,70.7,4.9,20.0,1012.1,422.7,Weather Station
2024-12-23,Lahore,31.5204,74.3587,19.1,58.2,7.1,19.8,1014.9,427.2,Sensor Network
2024-12-23,Islamabad,33.6844,73.0479,15.1,57.4,5.2,11.0,1015.3,408.7,Environmental IoT
2024-12-23,Peshawar,34.0151,71.5249,17.8,52.3,0.7,26.9,1012.3,417.1,Sensor Network
2024-12-23,Quetta,30.1798,66.975,10.2,39.0,2.1,14.2,1021.9,404.3,Weather Station
2024-12-23,Multan,30.1575,71.5249,26.0,52.8,1.8,22.5,1014.9,422.5,Weather Station
2024-12-23,Hyderabad,25.396,68.3578,23.8,68.5,0.0,13.4,1009.8,418.9,Weather Station
2024-12-23,Faisalabad,31.4504,73.135,20.2,52.4,0.3,10.9,1012.1,426.6,Weather Station
2024-12-24,Karachi,24.8607,67.0011,22.9,77.7,2.5,20.5,1009.1,421.2,Sensor Network
2024-12-24,Lahore,31.5204,74.3587,21.6,59.0,2.2,15.5,1016.8,428.0,Sensor Network
2024-12-24,Islamabad,33.6844,73.0479,14.6,52.9,4.1,21.8,1017.4,413.1,Sensor Network
2024-12-24,Peshawar,34.0151,71.5249,15.2,56.4,4.7,25.1,1013.1,414.9,Environmental IoT
2024-12-24,Quetta,30.1798,66.975,11.2,42.3,0.0,27.6,1018.9,403.5,Environmental IoT
2024-12-24,Multan,30.1575,71.5249,26.0,48.9,1.9,26.5,1009.1,424.6,Weather Station
2024-12-24,Hyderabad,25.396,68.3578,23.4,64.3,0.0,23.2,1014.1,421.4,Satellite Telemetry
2024-12-24,Faisalabad,31.4504,73.135,21.0,52.3,2.5,12.8,1013.5,426.5,Environmental IoT
2024-12-25,Karachi,24.8607,67.0011,21.5,70.0,1.0,18.0,1008.9,421.0,Weather Station
2024-12-25,Lahore,31.5204,74.3587,21.2,55.9,6.3,25.1,1015.0,427.9,Weather Station
2024-12-25,Islamabad,33.6844,73.0479,14.3,50.0,5.9,23.3,1017.6,412.1,Weather Station
2024-12-25,Peshawar,34.0151,71.5249,18.5,54.7,3.0,10.1,1017.1,416.4,Weather Station
2024-12-25,Quetta,30.1798,66.975,9.4,34.3,1.3,26.5,1019.6,406.3,Environmental IoT
2024-12-25,Multan,30.1575,71.5249,22.7,43.9,3.5,15.8,1012.2,424.2,Weather Station
2024-12-25,Hyderabad,25.396,68.3578,21.3,66.7,1.7,24.9,1011.7,420.1,Satellite Telemetry
2024-12-25,Faisalabad,31.4504,73.135,21.0,54.5,3.7,21.4,1015.5,428.7,Sensor Network
2024-12-26,Karachi,24.8607,67.0011,22.4,78.7,4.3,18.8,1010.4,421.0,Sensor Network
2024-12-26,Lahore,31.5204,74.3587,19.2,55.7,1.1,23.8,1012.4,428.4,Weather Station
2024-12-26,Islamabad,33.6844,73.0479,16.6,58.1,2.3,19.1,1015.2,409.6,Satellite Telemetry
2024-12-26,Peshawar,34.0151,71.5249,18.8,48.1,2.3,26.2,1013.8,417.5,Satellite Telemetry
2024-12-26,Quetta,30.1798,66.975,11.7,35.1,4.4,24.1,1021.5,401.7,Weather Station
2024-12-26,Multan,30.1575,71.5249,23.5,49.4,0.0,13.6,1011.5,424.0,Weather Station
2024-12-26,Hyderabad,25.396,68.3578,23.5,72.5,0.0,19.8,1014.7,418.9,Sensor Network
2024-12-26,Faisalabad,31.4504,73.135,21.2,55.0,0.0,23.0,1011.0,429.3,Satellite Telemetry
2024-12-27,Karachi,24.8607,67.0011,22.8,71.5,0.0,27.3,1013.2,425.2,Satellite Telemetry
2024-12-27,Lahore,31.5204,74.3587,21.9,58.1,5.2,21.0,1016.3,425.1,Environmental IoT
2024-12-27,Islamabad,33.6844,73.0479,16.8,55.5,7.3,23.8,1017.8,408.0,Sensor Network
2024-12-27,Peshawar,34.0151,71.5249,18.9,54.0,1.4,26.8,1014.5,416.4,Sensor Network
2024-12-27,Quetta,30.1798,66.975,10.8,36.1,2.1,18.4,1017.2,403.7,Satellite Telemetry
2024-12-27,Multan,30.1575,71.5249,25.0,47.7,4.1,11.6,1009.0,424.4,Satellite Telemetry
2024-12-27,Hyderabad,25.396,68.3578,20.8,64.5,3.2,24.1,1011.3,420.2,Satellite Telemetry
2024-12-27,Faisalabad,31.4504,73.135,22.1,55.6,0.0,18.9,1013.2,428.2,Weather Station
2024-12-28,Karachi,24.8607,67.0011,24.3,75.4,0.0,26.3,1010.1,422.6,Sensor Network
2024-12-28,Lahore,31.5204,74.3587,20.4,58.1,1.9,12.8,1011.9,427.9,Satellite Telemetry
2024-12-28,Islamabad,33.6844,73.0479,16.4,54.8,7.2,20.0,1015.6,410.7,Satellite Telemetry
2024-12-28,Peshawar,34.0151,71.5249,15.4,47.6,2.0,25.7,1017.1,416.7,Sensor Network
2024-12-28,Quetta,30.1798,66.975,10.0,34.5,4.6,25.4,1019.2,403.3,Satellite Telemetry
2024-12-28,Multan,30.1575,71.5249,24.4,48.1,1.9,24.5,1011.2,426.3,Sensor Network
2024-12-28,Hyderabad,25.396,68.3578,21.7,73.1,6.1,27.0,1013.5,421.5,Environmental IoT
2024-12-28,Faisalabad,31.4504,73.135,21.0,54.5,6.3,12.9,1010.4,429.9,Satellite Telemetry
2024-12-29,Karachi,24.8607,67.0011,24.5,78.8,2.4,20.5,1013.6,424.0,Sensor Network
2024-12-29,Lahore,31.5204,74.3587,20.6,55.1,0.8,28.0,1013.8,425.5,Weather Station
2024-12-29,Islamabad,33.6844,73.0479,13.9,49.9,1.8,12.4,1016.6,413.0,Sensor Network
2024-12-29,Peshawar,34.0151,71.5249,17.3,50.4,5.9,10.0,1015.6,413.3,Environmental IoT
2024-12-29,Quetta,30.1798,66.975,10.4,35.8,3.3,11.1,1017.2,406.4,Sensor Network
2024-12-29,Multan,30.1575,71.5249,23.9,48.4,1.5,20.5,1012.4,426.8,Environmental IoT
2024-12-29,Hyderabad,25.396,68.3578,22.6,66.1,0.0,23.1,1009.8,419.8,Sensor Network
2024-12-29,Faisalabad,31.4504,73.135,20.7,60.8,5.9,16.6,1014.7,431.5,Satellite Telemetry
2024-12-30,Karachi,24.8607,67.0011,23.8,75.5,3.0,25.5,1012.3,425.7,Weather Station
2024-12-30,Lahore,31.5204,74.3587,20.0,57.7,0.3,26.0,1013.4,427.9,Sensor Network
2024-12-30,Islamabad,33.6844,73.0479,13.1,57.3,8.2,23.4,1014.5,411.1,Sensor Network
2024-12-30,Peshawar,34.0151,71.5249,16.6,47.7,0.0,11.7,1014.1,417.4,Weather Station
2024-12-30,Quetta,30.1798,66.975,12.6,40.9,1.9,19.9,1019.6,405.8,Sensor Network
2024-12-30,Multan,30.1575,71.5249,23.6,46.3,0.0,14.5,1014.0,423.5,Satellite Telemetry
2024-12-30,Hyderabad,25.396,68.3578,22.3,68.4,0.0,18.3,1010.3,421.3,Environmental IoT
2024-12-30,Faisalabad,31.4504,73.135,22.9,51.4,6.4,15.4,1014.6,429.2,Satellite Telemetry