date,location,latitude,longitude,temperature,humidity,rainfall,wind_speed,air_pressure,co2,source
2024-01-01,Karachi,24.8607,67.0011,22.6,74.1,0.0,17.0,1009.0,416.7,Satellite Telemetry
2024-01-01,Lahore,31.5204,74.3587,18.3,54.7,2.5,25.3,1014.1,423.4,Environmental IoT
2024-01-01,Islamabad,33.6844,73.0479,13.4,46.5,1.5,14.6,1017.5,405.2,Weather Station
2024-01-01,Peshawar,34.0151,71.5249,14.6,44.1,1.8,23.6,1013.4,411.9,Satellite Telemetry
2024-01-01,Quetta,30.1798,66.975,8.4,34.3,4.6,25.4,1021.7,395.2,Environmental IoT
2024-01-01,Multan,30.1575,71.5249,21.5,45.2,0.0,12.6,1013.7,417.2,Sensor Network
2024-01-01,Hyderabad,25.396,68.3578,20.3,64.0,2.1,16.4,1013.6,414.2,Satellite Telemetry
2024-01-01,Faisalabad,31.4504,73.135,18.3,49.6,3.5,22.4,1014.8,423.7,Satellite Telemetry
2024-01-02,Karachi,24.8607,67.0011,20.7,69.5,0.0,13.0,1012.1,417.0,Satellite Telemetry
2024-01-02,Lahore,31.5204,74.3587,18.6,51.5,5.8,20.1,1016.2,422.7,Satellite Telemetry
2024-01-02,Islamabad,33.6844,73.0479,13.5,45.2,9.3,25.4,1017.6,402.5,Satellite Telemetry
2024-01-02,Peshawar,34.0151,71.5249,17.8,44.1,4.6,24.6,1016.1,411.0,Environmental IoT
2024-01-02,Quetta,30.1798,66.975,9.1,34.7,4.6,11.0,1020.4,400.8,Sensor Network
2024-01-02,Multan,30.1575,71.5249,24.0,46.3,3.5,23.6,1009.1,419.1,Weather Station
2024-01-02,Hyderabad,25.396,68.3578,20.7,62.4,2.3,19.9,1009.9,413.6,Environmental IoT
2024-01-02,Faisalabad,31.4504,73.135,21.1,51.0,2.1,10.9,1011.7,427.0,Sensor Network
2024-01-03,Karachi,24.8607,67.0011,20.9,67.6,0.1,21.6,1008.7,418.7,Satellite Telemetry
2024-01-03,Lahore,31.5204,74.3587,17.8,59.5,5.2,23.1,1015.3,423.6,Weather Station
2024-01-03,Islamabad,33.6844,73.0479,12.7,50.6,3.0,11.2,1014.9,403.2,Environmental IoT
2024-01-03,Peshawar,34.0151,71.5249,14.8,50.4,4.7,27.9,1013.3,412.5,Environmental IoT
2024-01-03,Quetta,30.1798,66.975,11.4,32.4,0.0,23.9,1018.8,400.5,Environmental IoT
2024-01-03,Multan,30.1575,71.5249,23.6,46.6,3.6,27.5,1014.4,418.8,Environmental IoT
2024-01-03,Hyderabad,25.396,68.3578,21.2,62.0,4.1,18.6,1012.8,416.8,Environmental IoT
2024-01-03,Faisalabad,31.4504,73.135,18.0,55.8,0.0,27.8,1012.0,423.6,Satellite Telemetry
2024-01-04,Karachi,24.8607,67.0011,22.7,71.2,0.0,20.6,1012.5,416.0,Environmental IoT
2024-01-04,Lahore,31.5204,74.3587,19.4,55.3,0.1,27.2,1011.7,423.2,Environmental IoT
2024-01-04,Islamabad,33.6844,73.0479,12.4,45.8,7.5,14.2,1013.9,403.3,Sensor Network
2024-01-04,Peshawar,34.0151,71.5249,16.8,52.3,0.3,16.5,1017.7,410.5,Environmental IoT
2024-01-04,Quetta,30.1798,66.975,10.3,35.2,0.0,25.0,1019.2,398.7,Sensor Network
2024-01-04,Multan,30.1575,71.5249,23.8,41.3,0.6,22.7,1014.1,419.3,Environmental IoT
2024-01-04,Hyderabad,25.396,68.3578,22.8,68.8,0.0,24.7,1012.3,411.3,Satellite Telemetry
2024-01-04,Faisalabad,31.4504,73.135,19.6,48.3,4.8,23.0,1012.3,425.4,Weather Station
2024-01-05,Karachi,24.8607,67.0011,22.6,68.1,0.0,27.5,1010.5,420.9,Environmental IoT
2024-01-05,Lahore,31.5204,74.3587,17.4,56.0,6.8,18.2,1012.8,422.6,Satellite Telemetry
2024-01-05,Islamabad,33.6844,73.0479,14.6,54.2,7.4,27.7,1018.3,402.2,Satellite Telemetry
2024-01-05,Peshawar,34.0151,71.5249,15.8,44.1,0.0,23.7,1014.4,409.7,Sensor Network
2024-01-05,Quetta,30.1798,66.975,10.2,31.2,2.1,19.0,1020.8,399.7,Sensor Network
2024-01-05,Multan,30.1575,71.5249,24.8,40.5,2.4,25.7,1011.5,418.4,Weather Station
2024-01-05,Hyderabad,25.396,68.3578,19.2,62.4,0.0,26.1,1013.5,414.6,Satellite Telemetry
2024-01-05,Faisalabad,31.4504,73.135,18.8,52.4,3.8,18.4,1012.6,425.0,Environmental IoT
2024-01-06,Karachi,24.8607,67.0011,20.5,74.6,1.4,16.9,1010.1,419.3,Satellite Telemetry
2024-01-06,Lahore,31.5204,74.3587,19.0,57.4,1.2,14.6,1014.5,419.2,Satellite Telemetry
2024-01-06,Islamabad,33.6844,73.0479,15.0,47.9,8.9,21.9,1015.7,407.9,Sensor Network
2024-01-06,Peshawar,34.0151,71.5249,15.5,45.7,3.3,20.4,1013.8,412.9,Satellite Telemetry
2024-01-06,Quetta,30.1798,66.975,10.4,40.0,0.0,27.7,1017.5,399.0,Satellite Telemetry
2024-01-06,Multan,30.1575,71.5249,23.8,45.5,2.4,25.3,1010.0,419.6,Satellite Telemetry
2024-01-06,Hyderabad,25.396,68.3578,20.8,65.1,4.2,19.4,1014.5,414.5,Environmental IoT
2024-01-06,Faisalabad,31.4504,73.135,18.0,48.2,6.4,15.4,1012.1,422.9,Satellite Telemetry
2024-01-07,Karachi,24.8607,67.0011,22.6,71.2,0.0,21.0,1008.4,419.7,Weather Station
2024-01-07,Lahore,31.5204,74.3587,21.0,51.7,5.7,24.6,1014.8,422.1,Weather Station
2024-01-07,Islamabad,33.6844,73.0479,13.7,49.8,6.6,10.5,1015.9,407.5,Environmental IoT
2024-01-07,Peshawar,34.0151,71.5249,14.6,49.1,4.7,11.1,1017.5,410.7,Sensor Network
2024-01-07,Quetta,30.1798,66.975,10.0,32.1,0.0,20.3,1021.7,395.2,Satellite Telemetry
2024-01-07,Multan,30.1575,71.5249,24.5,43.8,5.4,23.8,1012.9,418.8,Weather Station
2024-01-07,Hyderabad,25.396,68.3578,22.0,69.1,0.0,13.6,1010.1,417.1,Sensor Network
2024-01-07,Faisalabad,31.4504,73.135,21.2,50.6,0.0,25.7,1012.7,422.2,Environmental IoT
2024-01-08,Karachi,24.8607,67.0011,20.3,71.3,3.6,21.5,1012.0,418.0,Weather Station
2024-01-08,Lahore,31.5204,74.3587,19.6,50.3,7.2,14.7,1015.8,421.8,Weather Station
2024-01-08,Islamabad,33.6844,73.0479,14.9,52.8,2.6,17.3,1015.6,407.1,Weather Station
2024-01-08,Peshawar,34.0151,71.5249,17.5,52.6,6.7,20.6,1015.5,407.7,Weather Station
2024-01-08,Quetta,30.1798,66.975,10.3,35.9,0.0,14.3,1017.7,400.9,Weather Station
2024-01-08,Multan,30.1575,71.5249,22.4,48.9,2.3,11.6,1014.5,417.8,Weather Station
2024-01-08,Hyderabad,25.396,68.3578,20.2,67.8,5.4,11.2,1010.5,416.3,Environmental IoT
2024-01-08,Faisalabad,31.4504,73.135,19.5,55.8,0.0,18.9,1012.2,424.3,Weather Station
2024-01-09,Karachi,24.8607,67.0011,21.7,73.5,0.0,17.7,1012.9,418.5,Satellite Telemetry
2024-01-09,Lahore,31.5204,74.3587,17.8,50.1,3.1,24.5,1016.3,423.6,Environmental IoT
2024-01-09,Islamabad,33.6844,73.0479,15.4,46.0,8.7,17.8,1013.7,402.7,Sensor Network
2024-01-09,Peshawar,34.0151,71.5249,17.7,50.3,3.6,19.1,1013.4,407.8,Sensor Network
2024-01-09,Quetta,30.1798,66.975,11.1,30.6,0.0,21.2,1019.6,395.7,Weather Station
2024-01-09,Multan,30.1575,71.5249,22.7,48.1,3.4,15.0,1014.1,422.8,Satellite Telemetry
2024-01-09,Hyderabad,25.396,68.3578,21.0,61.2,0.0,17.3,1010.3,414.9,Weather Station
2024-01-09,Faisalabad,31.4504,73.135,18.8,48.4,3.0,27.3,1014.7,422.3,Environmental IoT
2024-01-10,Karachi,24.8607,67.0011,23.6,68.7,0.8,10.0,1012.1,418.6,Sensor Network
2024-01-10,Lahore,31.5204,74.3587,19.5,54.3,1.7,15.9,1013.8,421.4,Weather Station
2024-01-10,Islamabad,33.6844,73.0479,14.2,54.6,8.2,13.1,1018.3,405.1,Weather Station
2024-01-10,Peshawar,34.0151,71.5249,15.6,46.1,0.0,24.6,1012.1,407.2,Satellite Telemetry
2024-01-10,Quetta,30.1798,66.975,11.6,32.1,2.1,18.9,1020.0,400.0,Satellite Telemetry
2024-01-10,Multan,30.1575,71.5249,21.8,41.1,4.3,17.6,1010.2,418.2,Weather Station
2024-01-10,Hyderabad,25.396,68.3578,21.8,68.1,1.4,11.1,1010.9,415.6,Environmental IoT
2024-01-10,Faisalabad,31.4504,73.135,19.9,54.7,0.0,19.5,1012.3,422.7,Satellite Telemetry
2024-01-11,Karachi,24.8607,67.0011,21.7,70.0,0.7,20.9,1013.0,420.4,Satellite Telemetry
2024-01-11,Lahore,31.5204,74.3587,18.5,56.8,0.8,21.6,1012.6,419.9,Sensor Network
2024-01-11,Islamabad,33.6844,73.0479,15.1,51.4,6.6,22.1,1014.5,403.8,Weather Station
2024-01-11,Peshawar,34.0151,71.5249,15.5,46.9,0.4,15.7,1016.0,411.6,Weather Station
2024-01-11,Quetta,30.1798,66.975,8.8,34.7,0.8,22.7,1017.1,398.6,Environmental IoT
2024-01-11,Multan,30.1575,71.5249,23.4,46.4,2.8,14.9,1011.1,423.1,Sensor Network
2024-01-11,Hyderabad,25.396,68.3578,20.7,67.0,0.0,21.2,1009.7,417.0,Environmental IoT
2024-01-11,Faisalabad,31.4504,73.135,21.5,56.8,0.0,14.1,1014.4,421.4,Weather Station
2024-01-12,Karachi,24.8607,67.0011,22.9,72.7,1.9,13.4,1013.3,419.5,Sensor Network
2024-01-12,Lahore,31.5204,74.3587,19.7,55.9,0.3,20.8,1012.6,423.0,Sensor Network
2024-01-12,Islamabad,33.6844,73.0479,13.7,49.0,7.4,22.1,1013.4,407.3,Sensor Network
2024-01-12,Peshawar,34.0151,71.5249,16.9,50.9,6.9,21.8,1014.0,412.7,Environmental IoT
2024-01-12,Quetta,30.1798,66.975,8.4,34.2,1.6,17.8,1021.1,396.4,Sensor Network
2024-01-12,Multan,30.1575,71.5249,23.4,40.1,0.4,27.3,1014.1,418.1,Environmental IoT
2024-01-12,Hyderabad,25.396,68.3578,19.8,63.9,2.5,26.4,1013.8,413.3,Environmental IoT
2024-01-12,Faisalabad,31.4504,73.135,21.6,47.8,2.0,25.7,1010.5,421.3,Environmental IoT
2024-01-13,Karachi,24.8607,67.0011,21.5,65.5,2.0,27.7,1013.3,417.1,Weather Station
2024-01-13,Lahore,31.5204,74.3587,17.6,53.8,0.1,10.2,1014.4,422.5,Weather Station
2024-01-13,Islamabad,33.6844,73.0479,14.2,47.7,2.3,24.0,1016.2,403.2,Weather Station
2024-01-13,Peshawar,34.0151,71.5249,17.7,43.7,2.0,15.6,1015.7,413.1,Weather Station
2024-01-13,Quetta,30.1798,66.975,11.7,30.0,2.8,10.5,1018.3,397.6,Satellite Telemetry
2024-01-13,Multan,30.1575,71.5249,23.9,44.2,2.3,13.6,1009.3,418.0,Environmental IoT
2024-01-13,Hyderabad,25.396,68.3578,19.2,61.2,0.5,10.2,1009.5,417.1,Satellite Telemetry
2024-01-13,Faisalabad,31.4504,73.135,18.5,52.6,0.0,13.3,1010.0,423.9,Sensor Network
2024-01-14,Karachi,24.8607,67.0011,20.4,68.7,3.3,19.0,1011.4,419.6,Satellite Telemetry
2024-01-14,Lahore,31.5204,74.3587,18.6,54.6,0.0,12.9,1012.9,419.6,Satellite Telemetry
2024-01-14,Islamabad,33.6844,73.0479,14.1,50.1,8.2,21.2,1018.5,407.3,Sensor Network
2024-01-14,Peshawar,34.0151,71.5249,14.3,44.3,5.3,14.5,1013.2,409.3,Weather Station
2024-01-14,Quetta,30.1798,66.975,9.3,38.8,1.8,12.3,1016.2,395.9,Sensor Network
2024-01-14,Multan,30.1575,71.5249,23.3,45.7,0.0,22.5,1013.6,417.9,Satellite Telemetry
2024-01-14,Hyderabad,25.396,68.3578,19.1,64.6,1.0,23.8,1013.8,414.4,Weather Station
2024-01-14,Faisalabad,31.4504,73.135,21.0,49.1,6.4,24.9,1010.2,422.5,Weather Station
2024-01-15,Karachi,24.8607,67.0011,21.9,65.7,0.0,15.5,1008.6,417.1,Environmental IoT
2024-01-15,Lahore,31.5204,74.3587,18.3,55.4,3.8,27.5,1014.7,423.4,Environmental IoT
2024-01-15,Islamabad,33.6844,73.0479,13.4,48.6,7.2,17.5,1014.4,405.4,Weather Station
2024-01-15,Peshawar,34.0151,71.5249,15.4,48.4,2.4,20.6,1012.3,407.7,Satellite Telemetry
2024-01-15,Quetta,30.1798,66.975,12.0,36.6,2.8,10.0,1017.5,398.4,Satellite Telemetry
2024-01-15,Multan,30.1575,71.5249,23.6,47.4,3.5,23.0,1012.6,422.3,Weather Station
2024-01-15,Hyderabad,25.396,68.3578,23.0,65.9,5.1,24.3,1013.0,416.0,Weather Station
2024-01-15,Faisalabad,31.4504,73.135,20.1,56.1,4.4,18.2,1010.2,425.8,Weather Station
2024-01-16,Karachi,24.8607,67.0011,23.1,68.9,1.1,20.0,1009.5,418.7,Weather Station
2024-01-16,Lahore,31.5204,74.3587,18.0,58.4,4.9,21.3,1013.4,420.1,Weather Station
2024-01-16,Islamabad,33.6844,73.0479,14.1,53.4,6.5,10.0,1017.9,406.5,Satellite Telemetry
2024-01-16,Peshawar,34.0151,71.5249,17.5,44.8,5.6,25.7,1014.5,410.7,Satellite Telemetry
2024-01-16,Quetta,30.1798,66.975,8.4,35.9,1.7,27.0,1020.2,398.0,Satellite Telemetry
2024-01-16,Multan,30.1575,71.5249,23.7,40.6,0.5,12.4,1013.6,420.0,Satellite Telemetry
2024-01-16,Hyderabad,25.396,68.3578,22.0,67.0,0.2,27.1,1010.8,412.4,Sensor Network
2024-01-16,Faisalabad,31.4504,73.135,21.4,56.0,4.3,12.2,1012.3,425.6,Weather Station
2024-01-17,Karachi,24.8607,67.0011,23.5,70.3,2.6,11.1,1013.6,417.6,Environmental IoT
2024-01-17,Lahore,31.5204,74.3587,20.0,57.8,6.1,11.7,1012.7,424.6,Weather Station
2024-01-17,Islamabad,33.6844,73.0479,12.9,45.7,2.1,16.7,1015.6,406.9,Environmental IoT
2024-01-17,Peshawar,34.0151,71.5249,15.4,49.0,6.2,25.7,1013.3,411.2,Sensor Network
2024-01-17,Quetta,30.1798,66.975,10.6,33.3,0.0,12.1,1021.1,399.9,Sensor Network
2024-01-17,Multan,30.1575,71.5249,21.0,44.6,1.0,12.3,1011.7,418.2,Sensor Network
2024-01-17,Hyderabad,25.396,68.3578,20.8,64.9,5.9,19.9,1013.8,416.8,Environmental IoT
2024-01-17,Faisalabad,31.4504,73.135,19.4,53.0,2.0,14.5,1011.3,421.4,Satellite Telemetry
2024-01-18,Karachi,24.8607,67.0011,22.1,73.6,2.6,19.8,1011.6,417.1,Sensor Network
2024-01-18,Lahore,31.5204,74.3587,18.4,55.5,0.0,18.2,1015.1,422.3,Sensor Network
2024-01-18,Islamabad,33.6844,73.0479,15.2,49.7,4.3,19.2,1016.5,407.0,Satellite Telemetry
2024-01-18,Peshawar,34.0151,71.5249,15.1,43.2,0.0,16.5,1013.8,409.2,Weather Station
2024-01-18,Quetta,30.1798,66.975,8.8,35.1,0.0,25.1,1016.2,398.8,Weather Station
2024-01-18,Multan,30.1575,71.5249,24.6,44.2,0.0,20.8,1011.4,419.8,Sensor Network
2024-01-18,Hyderabad,25.396,68.3578,20.0,62.6,1.4,28.0,1014.1,414.5,Satellite Telemetry
2024-01-18,Faisalabad,31.4504,73.135,18.8,47.5,3.8,11.9,1010.1,422.2,Weather Station
2024-01-19,Karachi,24.8607,67.0011,21.1,71.3,2.3,17.5,1009.3,418.6,Satellite Telemetry
2024-01-19,Lahore,31.5204,74.3587,18.4,56.0,0.9,14.4,1014.3,423.8,Satellite Telemetry
2024-01-19,Islamabad,33.6844,73.0479,15.9,45.2,1.9,14.0,1018.0,404.1,Environmental IoT
2024-01-19,Peshawar,34.0151,71.5249,15.7,46.5,1.4,23.6,1015.4,409.1,Weather Station
2024-01-19,Quetta,30.1798,66.975,8.0,30.4,3.1,12.1,1016.1,400.5,Weather Station
2024-01-19,Multan,30.1575,71.5249,22.4,49.7,5.1,23.9,1014.8,420.3,Weather Station
2024-01-19,Hyderabad,25.396,68.3578,20.1,67.0,5.9,18.6,1009.2,411.6,Environmental IoT
2024-01-19,Faisalabad,31.4504,73.135,21.0,51.2,0.9,26.9,1015.1,423.2,Sensor Network
2024-01-20,Karachi,24.8607,67.0011,20.4,74.6,0.0,23.4,1012.3,420.1,Satellite Telemetry
2024-01-20,Lahore,31.5204,74.3587,19.4,58.6,1.9,26.4,1013.5,422.7,Environmental IoT
2024-01-20,Islamabad,33.6844,73.0479,13.7,52.8,2.7,20.9,1014.6,404.5,Satellite Telemetry
2024-01-20,Peshawar,34.0151,71.5249,16.6,47.7,1.4,13.3,1015.1,412.0,Weather Station
2024-01-20,Quetta,30.1798,66.975,8.7,31.9,0.0,17.0,1021.0,400.4,Environmental IoT
2024-01-20,Multan,30.1575,71.5249,22.2,44.8,3.0,16.4,1009.9,417.8,Weather Station
2024-01-20,Hyderabad,25.396,68.3578,22.0,62.0,4.3,11.1,1013.9,414.8,Sensor Network
2024-01-20,Faisalabad,31.4504,73.135,18.5,55.3,5.7,19.8,1013.4,421.8,Environmental IoT
2024-01-21,Karachi,24.8607,67.0011,22.4,66.9,0.0,16.6,1013.1,415.9,Environmental IoT
2024-01-21,Lahore,31.5204,74.3587,20.9,53.2,6.9,11.4,1014.9,420.0,Sensor Network
2024-01-21,Islamabad,33.6844,73.0479,13.5,52.0,2.7,12.5,1016.8,404.7,Weather Station
2024-01-21,Peshawar,34.0151,71.5249,17.6,49.7,2.5,18.5,1013.0,411.5,Sensor Network
2024-01-21,Quetta,30.1798,66.975,10.6,36.1,5.1,17.6,1016.0,397.0,Sensor Network
2024-01-21,Multan,30.1575,71.5249,23.4,41.1,2.4,24.1,1012.0,418.5,Satellite Telemetry
2024-01-21,Hyderabad,25.396,68.3578,21.3,66.9,1.6,12.7,1010.8,412.4,Environmental IoT
2024-01-21,Faisalabad,31.4504,73.135,18.4,56.1,0.0,15.0,1011.2,421.5,Sensor Network
2024-01-22,Karachi,24.8607,67.0011,21.0,66.9,3.8,19.2,1010.0,415.8,Weather Station
2024-01-22,Lahore,31.5204,74.3587,17.2,52.9,1.3,21.1,1016.0,424.2,Satellite Telemetry
2024-01-22,Islamabad,33.6844,73.0479,15.2,48.3,2.6,19.0,1017.6,406.3,Weather Station
2024-01-22,Peshawar,34.0151,71.5249,14.7,52.4,3.8,14.4,1013.9,409.4,Sensor Network
2024-01-22,Quetta,30.1798,66.975,11.0,35.9,0.0,16.5,1020.2,398.2,Weather Station
2024-01-22,Multan,30.1575,71.5249,23.5,43.3,0.0,27.6,1012.4,421.9,Satellite Telemetry
2024-01-22,Hyderabad,25.396,68.3578,20.2,60.1,5.5,23.9,1011.2,413.2,Sensor Network
2024-01-22,Faisalabad,31.4504,73.135,18.8,53.4,5.2,21.5,1011.0,423.7,Environmental IoT
2024-01-23,Karachi,24.8607,67.0011,22.4,71.0,0.1,25.2,1013.1,417.0,Sensor Network
2024-01-23,Lahore,31.5204,74.3587,18.8,53.5,6.3,10.0,1015.9,423.1,Sensor Network
2024-01-23,Islamabad,33.6844,73.0479,15.2,52.8,2.0,18.2,1018.4,407.4,Weather Station
2024-01-23,Peshawar,34.0151,71.5249,16.9,45.5,4.5,13.5,1013.9,408.1,Weather Station
2024-01-23,Quetta,30.1798,66.975,10.7,39.2,5.0,22.4,1016.8,400.5,Environmental IoT
2024-01-23,Multan,30.1575,71.5249,21.7,47.6,2.3,22.1,1012.0,423.2,Sensor Network
2024-01-23,Hyderabad,25.396,68.3578,21.2,63.0,5.8,20.0,1012.4,415.8,Weather Station
2024-01-23,Faisalabad,31.4504,73.135,21.5,48.5,3.6,17.8,1015.2,425.0,Satellite Telemetry
2024-01-24,Karachi,24.8607,67.0011,20.4,73.8,3.5,23.1,1012.5,419.2,Environmental IoT
2024-01-24,Lahore,31.5204,74.3587,20.1,59.8,0.5,16.2,1013.4,420.4,Sensor Network
2024-01-24,Islamabad,33.6844,73.0479,12.2,52.8,3.6,15.6,1015.3,403.4,Sensor Network
2024-01-24,Peshawar,34.0151,71.5249,15.9,44.0,4.9,28.0,1013.7,409.4,Weather Station
2024-01-24,Quetta,30.1798,66.975,11.8,39.0,1.0,12.7,1019.0,399.4,Sensor Network
2024-01-24,Multan,30.1575,71.5249,21.7,47.3,0.0,20.6,1012.2,421.1,Weather Station
2024-01-24,Hyderabad,25.396,68.3578,22.4,68.7,0.0,16.4,1009.8,415.0,Satellite Telemetry
2024-01-24,Faisalabad,31.4504,73.135,19.3,52.9,5.2,27.5,1014.1,421.4,Environmental IoT
2024-01-25,Karachi,24.8607,67.0011,23.0,65.5,0.0,16.3,1010.7,416.2,Weather Station
2024-01-25,Lahore,31.5204,74.3587,19.5,52.0,4.8,13.5,1015.4,419.7,Environmental IoT
2024-01-25,Islamabad,33.6844,73.0479,13.2,45.5,9.1,16.5,1017.7,403.0,Sensor Network
2024-01-25,Peshawar,34.0151,71.5249,17.5,47.0,0.1,17.5,1013.7,407.7,Environmental IoT
2024-01-25,Quetta,30.1798,66.975,10.1,38.8,0.0,18.9,1021.1,397.7,Environmental IoT
2024-01-25,Multan,30.1575,71.5249,24.5,44.3,1.4,20.7,1010.3,420.9,Environmental IoT
2024-01-25,Hyderabad,25.396,68.3578,23.0,68.0,6.1,15.8,1011.2,416.3,Environmental IoT
2024-01-25,Faisalabad,31.4504,73.135,20.6,51.7,0.0,13.2,1013.4,424.1,Satellite Telemetry
2024-01-26,Karachi,24.8607,67.0011,20.8,73.7,0.0,10.6,1010.5,420.4,Environmental IoT
2024-01-26,Lahore,31.5204,74.3587,17.5,58.0,5.2,16.5,1012.9,420.5,Sensor Network
2024-01-26,Islamabad,33.6844,73.0479,12.9,53.9,8.0,15.1,1015.3,402.7,Environmental IoT
2024-01-26,Peshawar,34.0151,71.5249,14.2,45.7,0.0,12.3,1014.5,407.5,Sensor Network
2024-01-26,Quetta,30.1798,66.975,11.9,38.8,1.4,18.0,1019.2,396.7,Environmental IoT
2024-01-26,Multan,30.1575,71.5249,21.1,45.8,0.0,25.0,1014.1,422.8,Satellite Telemetry
2024-01-26,Hyderabad,25.396,68.3578,20.0,62.9,2.0,11.7,1012.9,415.9,Weather Station
2024-01-26,Faisalabad,31.4504,73.135,20.2,52.5,2.2,25.1,1010.4,425.9,Satellite Telemetry
2024-01-27,Karachi,24.8607,67.0011,24.0,65.2,0.0,27.2,1008.3,415.6,Weather Station
2024-01-27,Lahore,31.5204,74.3587,18.5,53.8,6.2,12.2,1013.1,420.8,Satellite Telemetry
2024-01-27,Islamabad,33.6844,73.0479,15.0,51.0,6.8,26.3,1015.8,407.7,Satellite Telemetry
2024-01-27,Peshawar,34.0151,71.5249,17.4,43.1,0.0,20.2,1017.6,413.1,Sensor Network
2024-01-27,Quetta,30.1798,66.975,9.9,34.3,2.1,11.2,1017.0,396.4,Satellite Telemetry
2024-01-27,Multan,30.1575,71.5249,23.0,44.8,1.9,15.9,1013.7,418.6,Environmental IoT
2024-01-27,Hyderabad,25.396,68.3578,22.4,66.0,0.0,12.6,1012.6,416.7,Sensor Network
2024-01-27,Faisalabad,31.4504,73.135,21.9,47.7,6.6,22.1,1015.4,423.6,Environmental IoT
2024-01-28,Karachi,24.8607,67.0011,20.1,72.7,0.0,13.9,1009.3,419.4,Environmental IoT
2024-01-28,Lahore,31.5204,74.3587,20.8,55.5,4.3,21.8,1015.7,422.0,Satellite Telemetry
2024-01-28,Islamabad,33.6844,73.0479,15.9,45.1,4.0,19.4,1017.0,404.5,Sensor Network
2024-01-28,Peshawar,34.0151,71.5249,17.0,48.9,1.1,13.5,1014.6,410.8,Environmental IoT
2024-01-28,Quetta,30.1798,66.975,11.4,34.8,1.2,22.5,1016.7,396.4,Sensor Network
2024-01-28,Multan,30.1575,71.5249,23.8,49.0,0.0,25.8,1013.7,419.8,Sensor Network
2024-01-28,Hyderabad,25.396,68.3578,19.9,62.4,1.0,10.3,1013.1,416.6,Satellite Telemetry
2024-01-28,Faisalabad,31.4504,73.135,20.3,54.0,3.8,25.8,1012.5,421.7,Sensor Network
2024-01-29,Karachi,24.8607,67.0011,21.9,73.8,0.0,16.9,1008.6,416.3,Satellite Telemetry
2024-01-29,Lahore,31.5204,74.3587,18.0,53.5,0.0,26.2,1013.4,420.6,Weather Station
2024-01-29,Islamabad,33.6844,73.0479,13.9,49.2,8.3,27.7,1015.0,408.3,Weather Station
2024-01-29,Peshawar,34.0151,71.5249,15.0,49.2,1.2,20.5,1014.3,409.9,Environmental IoT
2024-01-29,Quetta,30.1798,66.975,11.4,34.8,2.2,27.5,1020.8,396.9,Satellite Telemetry
2024-01-29,Multan,30.1575,71.5249,21.6,41.0,0.0,27.4,1014.5,423.1,Satellite Telemetry
2024-01-29,Hyderabad,25.396,68.3578,20.2,61.4,5.7,22.0,1012.8,412.1,Weather Station
2024-01-29,Faisalabad,31.4504,73.135,21.6,56.8,4.4,12.5,1010.8,425.5,Weather Station
2024-01-30,Karachi,24.8607,67.0011,23.3,69.3,0.0,21.9,1008.4,416.2,Weather Station
2024-01-30,Lahore,31.5204,74.3587,18.7,52.7,3.6,26.1,1013.5,423.5,Sensor Network
2024-01-30,Islamabad,33.6844,73.0479,13.5,52.7,3.1,12.9,1016.8,404.0,Environmental IoT
2024-01-30,Peshawar,34.0151,71.5249,17.7,44.7,5.8,24.5,1016.1,408.0,Satellite Telemetry
2024-01-30,Quetta,30.1798,66.975,9.3,36.1,0.1,21.7,1020.2,397.4,Sensor Network
2024-01-30,Multan,30.1575,71.5249,24.3,49.5,1.7,22.9,1009.6,422.6,Sensor Network
2024-01-30,Hyderabad,25.396,68.3578,19.2,67.7,2.3,14.9,1010.0,415.5,Sensor Network
2024-01-30,Faisalabad,31.4504,73.135,18.2,49.7,3.4,27.0,1014.4,422.6,Satellite Telemetry
2024-01-31,Karachi,24.8607,67.0011,23.5,70.4,0.0,10.7,1009.0,419.2,Environmental IoT
2024-01-31,Lahore,31.5204,74.3587,17.7,55.5,5.6,11.2,1011.2,419.6,Weather Station
2024-01-31,Islamabad,33.6844,73.0479,13.3,54.2,3.5,16.9,1016.4,406.6,Satellite Telemetry
2024-01-31,Peshawar,34.0151,71.5249,15.3,50.6,5.2,18.3,1016.5,407.9,Sensor Network
2024-01-31,Quetta,30.1798,66.975,10.2,30.6,0.0,15.8,1016.7,397.3,Satellite Telemetry
2024-01-31,Multan,30.1575,71.5249,22.5,49.3,3.2,23.2,1014.8,417.8,Environmental IoT
2024-01-31,Hyderabad,25.396,68.3578,19.9,63.7,3.5,23.4,1011.6,413.9,Environmental IoT
2024-01-31,Faisalabad,31.4504,73.135,19.9,50.2,1.9,20.2,1012.5,421.8,Weather Station
2024-02-01,Karachi,24.8607,67.0011,21.1,78.1,0.0,18.6,1009.2,415.8,Sensor Network
2024-02-01,Lahore,31.5204,74.3587,18.4,54.8,1.7,23.1,1016.8,421.7,Satellite Telemetry
2024-02-01,Islamabad,33.6844,73.0479,16.0,50.6,7.3,24.7,1016.2,402.6,Satellite Telemetry
2024-02-01,Peshawar,34.0151,71.5249,19.0,53.4,3.8,23.8,1017.7,408.2,Environmental IoT
2024-02-01,Quetta,30.1798,66.975,12.7,35.0,3.7,26.4,1016.2,396.9,Sensor Network
2024-02-01,Multan,30.1575,71.5249,25.9,52.6,3.0,22.8,1014.2,419.9,Weather Station
2024-02-01,Hyderabad,25.396,68.3578,21.9,73.2,0.0,22.0,1011.0,417.3,Environmental IoT
2024-02-01,Faisalabad,31.4504,73.135,22.8,57.1,2.4,13.2,1014.9,427.0,Sensor Network
2024-02-02,Karachi,24.8607,67.0011,24.4,72.5,3.6,18.6,1012.1,415.8,Satellite Telemetry
2024-02-02,Lahore,31.5204,74.3587,21.2,54.1,1.8,26.0,1013.1,424.1,Environmental IoT
2024-02-02,Islamabad,33.6844,73.0479,13.2,54.1,6.9,14.1,1018.6,408.3,Satellite Telemetry
2024-02-02,Peshawar,34.0151,71.5249,15.1,56.5,0.0,12.8,1017.7,409.8,Environmental IoT
2024-02-02,Quetta,30.1798,66.975,10.0,42.3,0.0,11.2,1021.1,400.0,Sensor Network
2024-02-02,Multan,30.1575,71.5249,22.7,45.3,4.1,14.1,1010.4,421.3,Sensor Network
2024-02-02,Hyderabad,25.396,68.3578,20.3,71.0,0.0,10.3,1013.7,417.2,Environmental IoT
2024-02-02,Faisalabad,31.4504,73.135,20.2,54.0,1.5,24.7,1013.5,424.9,Sensor Network
2024-02-03,Karachi,24.8607,67.0011,24.0,76.7,1.0,16.2,1010.2,417.8,Sensor Network
2024-02-03,Lahore,31.5204,74.3587,20.9,57.1,4.0,26.8,1014.5,422.4,Sensor Network
2024-02-03,Islamabad,33.6844,73.0479,16.7,49.7,6.5,27.8,1014.2,404.5,Environmental IoT
2024-02-03,Peshawar,34.0151,71.5249,16.6,55.2,6.3,13.7,1015.9,413.0,Environmental IoT
2024-02-03,Quetta,30.1798,66.975,12.8,37.8,0.0,23.7,1020.8,396.1,Weather Station
2024-02-03,Multan,30.1575,71.5249,23.5,50.3,1.2,17.0,1014.1,421.4,Sensor Network
2024-02-03,Hyderabad,25.396,68.3578,23.5,65.1,5.9,10.5,1012.2,413.3,Environmental IoT
2024-02-03,Faisalabad,31.4504,73.135,21.5,54.9,3.3,16.8,1013.2,425.5,Sensor Network
2024-02-04,Karachi,24.8607,67.0011,21.1,76.8,3.9,15.8,1013.1,420.4,Satellite Telemetry
2024-02-04,Lahore,31.5204,74.3587,18.8,59.3,7.0,18.3,1011.3,425.1,Environmental IoT
2024-02-04,Islamabad,33.6844,73.0479,15.0,55.8,1.4,10.1,1016.8,406.7,Sensor Network
2024-02-04,Peshawar,34.0151,71.5249,17.5,50.3,1.0,14.7,1014.5,411.1,Sensor Network
2024-02-04,Quetta,30.1798,66.975,11.8,35.5,2.3,18.7,1019.8,400.8,Environmental IoT
2024-02-04,Multan,30.1575,71.5249,25.1,53.5,4.6,10.3,1012.4,420.7,Sensor Network
2024-02-04,Hyderabad,25.396,68.3578,21.5,67.0,4.8,24.6,1011.0,413.1,Environmental IoT
2024-02-04,Faisalabad,31.4504,73.135,21.6,58.5,4.2,10.2,1012.1,425.0,Sensor Network
2024-02-05,Karachi,24.8607,67.0011,24.0,74.8,1.3,24.5,1011.8,420.7,Satellite Telemetry
2024-02-05,Lahore,31.5204,74.3587,19.7,62.2,3.3,17.6,1016.7,424.3,Environmental IoT
2024-02-05,Islamabad,33.6844,73.0479,15.6,51.1,8.2,20.6,1017.2,402.8,Satellite Telemetry
2024-02-05,Peshawar,34.0151,71.5249,18.5,56.6,5.9,26.4,1016.9,407.6,Sensor Network
2024-02-05,Quetta,30.1798,66.975,10.5,42.4,0.0,19.8,1021.7,399.6,Satellite Telemetry
2024-02-05,Multan,30.1575,71.5249,24.3,47.9,4.1,17.5,1013.5,418.1,Environmental IoT
2024-02-05,Hyderabad,25.396,68.3578,23.3,72.0,5.0,20.9,1014.9,414.1,Weather Station
2024-02-05,Faisalabad,31.4504,73.135,23.1,54.1,4.4,14.3,1012.0,423.9,Satellite Telemetry
2024-02-06,Karachi,24.8607,67.0011,21.3,77.0,0.0,12.8,1009.8,419.4,Sensor Network
2024-02-06,Lahore,31.5204,74.3587,18.2,63.4,4.1,17.5,1011.7,421.0,Satellite Telemetry
2024-02-06,Islamabad,33.6844,73.0479,15.3,52.1,2.2,23.3,1017.6,408.1,Sensor Network
2024-02-06,Peshawar,34.0151,71.5249,18.7,54.3,4.5,14.0,1017.3,411.7,Satellite Telemetry
2024-02-06,Quetta,30.1798,66.975,10.6,34.9,0.8,13.2,1017.0,396.8,Weather Station
2024-02-06,Multan,30.1575,71.5249,23.1,53.0,3.8,25.9,1010.7,419.1,Satellite Telemetry
2024-02-06,Hyderabad,25.396,68.3578,23.9,72.3,1.2,15.9,1011.3,412.0,Satellite Telemetry
2024-02-06,Faisalabad,31.4504,73.135,21.8,51.8,0.0,11.6,1012.0,423.4,Sensor Network
2024-02-07,Karachi,24.8607,67.0011,25.0,69.7,0.0,22.3,1012.6,419.1,Satellite Telemetry
2024-02-07,Lahore,31.5204,74.3587,21.0,59.4,6.2,26.7,1016.8,422.5,Environmental IoT
2024-02-07,Islamabad,33.6844,73.0479,14.2,56.0,9.3,27.1,1018.5,404.5,Environmental IoT
2024-02-07,Peshawar,34.0151,71.5249,18.6,56.5,0.2,17.1,1016.0,412.3,Sensor Network
2024-02-07,Quetta,30.1798,66.975,11.8,43.0,3.4,11.0,1021.0,399.2,Environmental IoT
2024-02-07,Multan,30.1575,71.5249,23.8,46.7,3.3,22.4,1010.9,423.3,Weather Station
2024-02-07,Hyderabad,25.396,68.3578,23.0,71.1,2.5,10.9,1011.4,416.3,Environmental IoT
2024-02-07,Faisalabad,31.4504,73.135,22.2,51.5,1.3,14.8,1013.8,427.3,Environmental IoT
2024-02-08,Karachi,24.8607,67.0011,22.4,73.5,0.0,21.4,1009.8,421.2,Satellite Telemetry
2024-02-08,Lahore,31.5204,74.3587,20.1,57.5,0.5,11.5,1015.7,423.6,Environmental IoT
2024-02-08,Islamabad,33.6844,73.0479,14.7,54.3,3.2,24.4,1017.6,404.2,Weather Station
2024-02-08,Peshawar,34.0151,71.5249,16.2,51.0,3.7,25.4,1016.8,409.8,Weather Station
2024-02-08,Quetta,30.1798,66.975,10.9,37.4,2.4,18.8,1019.2,398.9,Satellite Telemetry
2024-02-08,Multan,30.1575,71.5249,24.4,52.8,3.9,16.1,1012.3,419.9,Sensor Network
2024-02-08,Hyderabad,25.396,68.3578,21.3,69.2,6.0,20.8,1010.8,416.5,Satellite Telemetry
2024-02-08,Faisalabad,31.4504,73.135,19.7,52.5,2.4,27.7,1010.6,422.2,Weather Station
2024-02-09,Karachi,24.8607,67.0011,22.0,72.1,0.0,24.5,1011.5,419.8,Environmental IoT
2024-02-09,Lahore,31.5204,74.3587,21.4,57.7,4.8,21.5,1015.2,421.7,Satellite Telemetry
2024-02-09,Islamabad,33.6844,73.0479,16.9,56.1,5.4,14.5,1017.8,404.5,Environmental IoT
2024-02-09,Peshawar,34.0151,71.5249,18.7,49.4,5.0,15.7,1015.6,411.4,Sensor Network
2024-02-09,Quetta,30.1798,66.975,11.7,34.7,0.0,19.4,1021.7,400.7,Satellite Telemetry
2024-02-09,Multan,30.1575,71.5249,23.2,48.9,0.0,19.0,1013.6,420.1,Environmental IoT
2024-02-09,Hyderabad,25.396,68.3578,23.6,70.6,3.7,18.0,1012.4,412.9,Weather Station
2024-02-09,Faisalabad,31.4504,73.135,19.9,57.5,3.9,13.7,1011.4,423.7,Satellite Telemetry
2024-02-10,Karachi,24.8607,67.0011,22.9,70.1,1.6,16.3,1010.1,419.4,Satellite Telemetry
2024-02-10,Lahore,31.5204,74.3587,21.2,54.7,3.1,23.7,1015.7,425.2,Satellite Telemetry
2024-02-10,Islamabad,33.6844,73.0479,16.6,56.1,9.3,12.9,1014.1,405.2,Sensor Network
2024-02-10,Peshawar,34.0151,71.5249,16.1,49.3,6.9,25.9,1016.3,411.6,Sensor Network
2024-02-10,Quetta,30.1798,66.975,11.6,34.4,5.0,24.9,1016.8,397.7,Sensor Network
2024-02-10,Multan,30.1575,71.5249,25.9,52.2,5.8,12.2,1012.1,417.6,Satellite Telemetry
2024-02-10,Hyderabad,25.396,68.3578,20.6,66.9,4.5,13.7,1014.5,417.0,Satellite Telemetry
2024-02-10,Faisalabad,31.4504,73.135,20.4,54.9,3.9,11.7,1015.6,424.0,Satellite Telemetry
2024-02-11,Karachi,24.8607,67.0011,24.3,72.5,2.3,11.3,1011.2,419.9,Environmental IoT
2024-02-11,Lahore,31.5204,74.3587,19.7,56.0,3.9,19.9,1016.4,423.6,Satellite Telemetry
2024-02-11,Islamabad,33.6844,73.0479,15.3,52.9,6.3,25.3,1014.7,403.8,Sensor Network
2024-02-11,Peshawar,34.0151,71.5249,16.4,47.1,4.1,11.4,1017.9,407.7,Environmental IoT
2024-02-11,Quetta,30.1798,66.975,12.9,34.8,0.3,23.0,1016.3,399.4,Sensor Network
2024-02-11,Multan,30.1575,71.5249,23.0,43.9,1.9,16.5,1011.0,419.4,Weather Station
2024-02-11,Hyderabad,25.396,68.3578,21.7,68.4,3.4,18.3,1013.0,415.8,Environmental IoT
2024-02-11,Faisalabad,31.4504,73.135,20.4,55.0,0.5,14.6,1012.3,426.4,Sensor Network
2024-02-12,Karachi,24.8607,67.0011,22.6,74.0,0.0,22.9,1011.3,418.8,Environmental IoT
2024-02-12,Lahore,31.5204,74.3587,22.0,63.4,2.8,12.9,1014.3,419.7,Weather Station
2024-02-12,Islamabad,33.6844,73.0479,16.9,53.9,7.6,10.6,1016.3,406.2,Sensor Network
2024-02-12,Peshawar,34.0151,71.5249,15.6,54.0,0.3,11.9,1017.4,411.8,Satellite Telemetry
2024-02-12,Quetta,30.1798,66.975,9.1,35.2,4.2,22.3,1019.2,400.5,Satellite Telemetry
2024-02-12,Multan,30.1575,71.5249,22.6,45.9,3.7,21.9,1009.1,420.8,Environmental IoT
2024-02-12,Hyderabad,25.396,68.3578,22.0,66.3,1.0,25.8,1010.6,414.1,Sensor Network
2024-02-12,Faisalabad,31.4504,73.135,22.7,55.2,2.7,16.8,1010.5,425.3,Weather Station
2024-02-13,Karachi,24.8607,67.0011,22.1,75.3,0.0,27.1,1009.1,417.9,Environmental IoT
2024-02-13,Lahore,31.5204,74.3587,22.1,56.4,3.2,18.0,1013.0,424.4,Weather Station
2024-02-13,Islamabad,33.6844,73.0479,13.7,53.3,7.0,26.0,1017.9,406.6,Weather Station
2024-02-13,Peshawar,34.0151,71.5249,16.1,54.2,5.1,11.3,1012.9,409.2,Environmental IoT
2024-02-13,Quetta,30.1798,66.975,12.6,34.8,0.0,16.8,1016.2,399.7,Satellite Telemetry
2024-02-13,Multan,30.1575,71.5249,25.0,51.9,0.4,24.5,1012.0,420.8,Environmental IoT
2024-02-13,Hyderabad,25.396,68.3578,22.6,71.2,0.9,21.7,1011.1,414.6,Weather Station
2024-02-13,Faisalabad,31.4504,73.135,22.4,57.4,4.3,15.2,1013.1,421.7,Sensor Network
2024-02-14,Karachi,24.8607,67.0011,22.2,76.4,0.0,24.4,1013.8,420.8,Satellite Telemetry
2024-02-14,Lahore,31.5204,74.3587,20.5,57.4,6.1,25.0,1014.4,420.3,Weather Station
2024-02-14,Islamabad,33.6844,73.0479,16.1,57.2,4.1,27.4,1015.6,403.9,Weather Station
2024-02-14,Peshawar,34.0151,71.5249,18.9,52.9,0.0,23.2,1017.2,408.0,Weather Station
2024-02-14,Quetta,30.1798,66.975,10.2,36.5,4.2,17.3,1019.9,397.4,Sensor Network
2024-02-14,Multan,30.1575,71.5249,23.1,45.8,0.0,27.3,1009.1,421.8,Weather Station
2024-02-14,Hyderabad,25.396,68.3578,22.6,70.2,2.6,19.5,1014.6,415.7,Satellite Telemetry
2024-02-14,Faisalabad,31.4504,73.135,20.1,50.9,5.6,14.5,1010.5,425.2,Satellite Telemetry
2024-02-15,Karachi,24.8607,67.0011,21.8,72.5,0.0,17.3,1011.7,416.4,Satellite Telemetry
2024-02-15,Lahore,31.5204,74.3587,18.7,61.7,2.6,22.6,1015.2,420.6,Weather Station
2024-02-15,Islamabad,33.6844,73.0479,16.6,55.9,8.0,25.7,1014.2,402.7,Satellite Telemetry
2024-02-15,Peshawar,34.0151,71.5249,15.7,49.0,4.4,25.0,1013.8,411.8,Environmental IoT
2024-02-15,Quetta,30.1798,66.975,13.0,36.1,4.4,11.0,1018.2,398.9,Environmental IoT
2024-02-15,Multan,30.1575,71.5249,25.6,46.2,5.8,18.1,1012.3,422.7,Sensor Network
2024-02-15,Hyderabad,25.396,68.3578,22.7,67.3,2.3,23.5,1014.6,413.9,Weather Station
2024-02-15,Faisalabad,31.4504,73.135,19.5,60.5,1.4,27.4,1012.2,423.1,Satellite Telemetry
2024-02-16,Karachi,24.8607,67.0011,23.2,74.3,4.1,20.9,1009.4,418.3,Weather Station
2024-02-16,Lahore,31.5204,74.3587,21.5,59.7,0.6,18.2,1011.7,421.9,Sensor Network
2024-02-16,Islamabad,33.6844,73.0479,14.8,58.4,8.9,10.8,1014.6,403.5,Sensor Network
2024-02-16,Peshawar,34.0151,71.5249,17.6,48.2,0.0,18.8,1016.8,411.4,Sensor Network
2024-02-16,Quetta,30.1798,66.975,10.4,38.6,3.0,18.1,1018.1,398.3,Environmental IoT
2024-02-16,Multan,30.1575,71.5249,23.6,53.4,3.4,13.4,1013.4,423.4,Sensor Network
2024-02-16,Hyderabad,25.396,68.3578,20.9,67.5,0.0,20.8,1013.1,416.8,Sensor Network
2024-02-16,Faisalabad,31.4504,73.135,19.6,55.9,0.7,11.2,1010.6,424.2,Satellite Telemetry
2024-02-17,Karachi,24.8607,67.0011,24.5,70.4,0.3,23.1,1011.6,420.3,Weather Station
2024-02-17,Lahore,31.5204,74.3587,18.7,59.7,0.0,14.5,1014.9,424.2,Satellite Telemetry
2024-02-17,Islamabad,33.6844,73.0479,14.0,58.4,8.6,14.0,1017.8,403.2,Weather Station
2024-02-17,Peshawar,34.0151,71.5249,15.7,47.4,6.2,19.6,1017.2,410.7,Sensor Network
2024-02-17,Quetta,30.1798,66.975,9.5,38.5,2.0,10.2,1018.1,398.3,Weather Station
2024-02-17,Multan,30.1575,71.5249,22.5,45.8,4.3,22.3,1010.3,418.3,Weather Station
2024-02-17,Hyderabad,25.396,68.3578,21.2,68.5,4.9,27.6,1009.1,414.4,Environmental IoT
2024-02-17,Faisalabad,31.4504,73.135,21.5,56.2,0.0,17.3,1014.3,427.3,Weather Station
2024-02-18,Karachi,24.8607,67.0011,21.9,78.1,0.0,11.5,1013.2,421.2,Satellite Telemetry
2024-02-18,Lahore,31.5204,74.3587,20.1,57.6,6.7,25.7,1011.6,419.9,Satellite Telemetry
2024-02-18,Islamabad,33.6844,73.0479,16.0,53.2,3.1,16.3,1017.5,403.2,Satellite Telemetry
2024-02-18,Peshawar,34.0151,71.5249,16.0,48.7,0.0,15.4,1016.0,412.5,Satellite Telemetry
2024-02-18,Quetta,30.1798,66.975,10.6,39.9,0.0,26.4,1021.4,398.9,Satellite Telemetry
2024-02-18,Multan,30.1575,71.5249,25.6,48.8,0.0,13.4,1013.8,423.5,Sensor Network
2024-02-18,Hyderabad,25.396,68.3578,21.6,64.0,0.5,14.1,1013.7,415.9,Satellite Telemetry
2024-02-18,Faisalabad,31.4504,73.135,19.7,56.6,2.1,18.1,1015.8,422.1,Weather Station
2024-02-19,Karachi,24.8607,67.0011,21.1,74.0,0.0,16.8,1009.2,419.1,Sensor Network
2024-02-19,Lahore,31.5204,74.3587,19.4,55.1,1.5,10.2,1012.3,425.3,Sensor Network
2024-02-19,Islamabad,33.6844,73.0479,14.2,55.4,3.2,15.9,1017.9,407.1,Environmental IoT
2024-02-19,Peshawar,34.0151,71.5249,16.8,51.6,0.0,23.5,1016.9,411.8,Sensor Network
2024-02-19,Quetta,30.1798,66.975,10.5,35.5,1.5,11.3,1018.9,398.3,Weather Station
2024-02-19,Multan,30.1575,71.5249,25.2,47.2,4.3,20.9,1014.3,420.1,Environmental IoT
2024-02-19,Hyderabad,25.396,68.3578,22.2,66.8,1.0,20.9,1014.1,414.3,Satellite Telemetry
2024-02-19,Faisalabad,31.4504,73.135,19.2,59.5,0.0,21.6,1015.5,427.3,Satellite Telemetry
2024-02-20,Karachi,24.8607,67.0011,22.3,72.2,0.4,21.2,1010.6,420.5,Weather Station
2024-02-20,Lahore,31.5204,74.3587,21.3,63.1,0.0,26.6,1011.5,424.3,Sensor Network
2024-02-20,Islamabad,33.6844,73.0479,14.4,57.3,6.5,27.3,1017.1,405.4,Satellite Telemetry
2024-02-20,Peshawar,34.0151,71.5249,15.5,52.6,0.8,27.5,1012.1,411.0,Weather Station
2024-02-20,Quetta,30.1798,66.975,10.6,42.1,4.2,27.0,1020.4,399.9,Environmental IoT
2024-02-20,Multan,30.1575,71.5249,22.8,47.0,0.6,26.9,1010.5,419.3,Environmental IoT
2024-02-20,Hyderabad,25.396,68.3578,22.2,64.5,0.0,19.7,1012.3,415.0,Sensor Network
2024-02-20,Faisalabad,31.4504,73.135,21.5,58.6,6.7,13.1,1010.8,426.6,Weather Station
2024-02-21,Karachi,24.8607,67.0011,24.9,75.2,3.6,26.8,1011.3,417.8,Satellite Telemetry
2024-02-21,Lahore,31.5204,74.3587,21.1,55.9,6.1,11.1,1013.5,421.2,Weather Station
2024-02-21,Islamabad,33.6844,73.0479,15.3,58.6,2.2,25.0,1013.4,403.3,Environmental IoT
2024-02-21,Peshawar,34.0151,71.5249,16.8,54.7,6.4,14.7,1012.5,412.3,Satellite Telemetry
2024-02-21,Quetta,30.1798,66.975,11.1,39.1,0.0,26.2,1017.3,400.8,Environmental IoT
2024-02-21,Multan,30.1575,71.5249,25.4,53.6,0.4,16.8,1009.7,417.9,Environmental IoT
2024-02-21,Hyderabad,25.396,68.3578,21.4,73.7,5.2,22.3,1009.1,412.8,Weather Station
2024-02-21,Faisalabad,31.4504,73.135,23.0,55.2,2.0,21.2,1014.2,426.9,Weather Station
2024-02-22,Karachi,24.8607,67.0011,24.4,72.2,0.2,13.9,1011.5,418.4,Sensor Network
2024-02-22,Lahore,31.5204,74.3587,19.4,54.8,2.8,23.3,1014.1,420.6,Satellite Telemetry
2024-02-22,Islamabad,33.6844,73.0479,15.9,54.4,7.4,17.4,1017.5,405.1,Environmental IoT
2024-02-22,Peshawar,34.0151,71.5249,16.4,48.0,6.8,26.5,1013.9,409.7,Satellite Telemetry
2024-02-22,Quetta,30.1798,66.975,11.6,42.0,1.7,22.0,1017.6,401.5,Weather Station
2024-02-22,Multan,30.1575,71.5249,25.7,50.3,0.0,14.0,1013.6,421.8,Weather Station
2024-02-22,Hyderabad,25.396,68.3578,22.4,68.5,1.3,18.1,1011.2,417.1,Weather Station
2024-02-22,Faisalabad,31.4504,73.135,19.2,53.9,5.5,22.6,1012.4,423.4,Environmental IoT
2024-02-23,Karachi,24.8607,67.0011,23.1,70.5,4.5,15.2,1012.8,420.7,Weather Station
2024-02-23,Lahore,31.5204,74.3587,20.2,61.3,3.8,21.0,1011.1,419.8,Sensor Network
2024-02-23,Islamabad,33.6844,73.0479,13.3,50.6,9.1,25.8,1014.7,407.9,Satellite Telemetry
2024-02-23,Peshawar,34.0151,71.5249,16.2,54.2,0.0,26.0,1016.0,409.7,Satellite Telemetry
2024-02-23,Quetta,30.1798,66.975,10.5,37.4,1.9,14.7,1021.3,396.2,Sensor Network
2024-02-23,Multan,30.1575,71.5249,24.3,50.5,3.7,13.6,1012.8,420.2,Environmental IoT
2024-02-23,Hyderabad,25.396,68.3578,21.7,64.0,4.7,14.6,1013.7,412.6,Sensor Network
2024-02-23,Faisalabad,31.4504,73.135,22.2,59.8,0.0,20.0,1013.2,424.9,Weather Station
2024-02-24,Karachi,24.8607,67.0011,22.4,73.1,1.1,22.2,1013.5,421.3,Weather Station
2024-02-24,Lahore,31.5204,74.3587,19.3,57.1,4.7,10.1,1011.2,420.9,Weather Station
2024-02-24,Islamabad,33.6844,73.0479,15.4,55.7,2.1,12.0,1018.7,406.1,Weather Station
2024-02-24,Peshawar,34.0151,71.5249,18.6,53.0,2.7,10.5,1014.4,410.4,Environmental IoT
2024-02-24,Quetta,30.1798,66.975,11.9,36.2,0.0,24.8,1016.7,401.8,Sensor Network
2024-02-24,Multan,30.1575,71.5249,25.3,46.0,3.9,19.1,1014.0,422.6,Environmental IoT
2024-02-24,Hyderabad,25.396,68.3578,22.3,67.8,2.1,24.5,1009.1,415.0,Satellite Telemetry
2024-02-24,Faisalabad,31.4504,73.135,19.5,54.9,0.0,21.4,1015.9,427.1,Environmental IoT
2024-02-25,Karachi,24.8607,67.0011,23.8,77.4,2.2,20.4,1009.5,418.5,Weather Station
2024-02-25,Lahore,31.5204,74.3587,18.5,57.0,5.6,21.8,1016.0,424.6,Satellite Telemetry
2024-02-25,Islamabad,33.6844,73.0479,15.6,49.6,3.5,27.2,1014.2,405.9,Environmental IoT
2024-02-25,Peshawar,34.0151,71.5249,16.6,50.4,4.1,27.4,1015.2,410.1,Satellite Telemetry
2024-02-25,Quetta,30.1798,66.975,9.8,36.7,0.0,21.2,1020.5,398.1,Sensor Network
2024-02-25,Multan,30.1575,71.5249,25.4,47.7,2.4,15.4,1015.0,423.4,Satellite Telemetry
2024-02-25,Hyderabad,25.396,68.3578,20.8,67.9,4.6,24.8,1013.4,416.9,Environmental IoT
2024-02-25,Faisalabad,31.4504,73.135,21.5,60.2,2.5,22.8,1010.1,423.2,Environmental IoT
2024-02-26,Karachi,24.8607,67.0011,21.4,70.9,2.1,19.4,1012.1,418.0,Environmental IoT
2024-02-26,Lahore,31.5204,74.3587,19.8,63.5,3.6,20.5,1013.1,423.2,Environmental IoT
2024-02-26,Islamabad,33.6844,73.0479,16.8,56.1,7.0,20.9,1013.3,406.1,Weather Station
2024-02-26,Peshawar,34.0151,71.5249,16.2,50.9,1.5,10.6,1014.2,413.3,Environmental IoT
2024-02-26,Quetta,30.1798,66.975,12.0,39.7,2.5,21.2,1018.7,396.0,Weather Station
2024-02-26,Multan,30.1575,71.5249,22.9,46.8,3.7,20.4,1012.7,423.5,Weather Station
2024-02-26,Hyderabad,25.396,68.3578,23.5,73.2,0.0,25.6,1010.3,417.6,Satellite Telemetry
2024-02-26,Faisalabad,31.4504,73.135,20.8,55.4,1.6,23.1,1013.4,424.4,Environmental IoT
2024-02-27,Karachi,24.8607,67.0011,24.4,73.6,3.5,21.5,1009.8,418.5,Environmental IoT
2024-02-27,Lahore,31.5204,74.3587,20.6,60.8,0.8,11.4,1013.4,419.9,Satellite Telemetry
2024-02-27,Islamabad,33.6844,73.0479,15.0,50.8,6.7,13.3,1018.9,403.4,Environmental IoT
2024-02-27,Peshawar,34.0151,71.5249,15.4,53.1,4.3,27.7,1013.3,412.4,Weather Station
2024-02-27,Quetta,30.1798,66.975,13.0,41.0,0.0,17.8,1019.1,399.2,Sensor Network
2024-02-27,Multan,30.1575,71.5249,24.1,53.4,2.7,20.0,1014.0,422.2,Satellite Telemetry
2024-02-27,Hyderabad,25.396,68.3578,21.1,72.6,3.7,26.6,1009.5,417.8,Weather Station
2024-02-27,Faisalabad,31.4504,73.135,21.7,60.5,0.0,22.7,1010.2,425.3,Weather Station
2024-02-28,Karachi,24.8607,67.0011,22.0,75.1,0.0,20.6,1008.3,420.7,Satellite Telemetry
2024-02-28,Lahore,31.5204,74.3587,22.1,56.7,2.5,26.4,1016.3,420.6,Satellite Telemetry
2024-02-28,Islamabad,33.6844,73.0479,14.6,51.3,3.3,13.5,1013.9,408.7,Weather Station
2024-02-28,Peshawar,34.0151,71.5249,15.3,49.6,1.7,26.3,1016.8,413.8,Sensor Network
2024-02-28,Quetta,30.1798,66.975,11.9,35.6,3.7,27.6,1019.2,401.3,Environmental IoT
2024-02-28,Multan,30.1575,71.5249,24.6,50.2,0.8,13.5,1013.7,423.3,Weather Station
2024-02-28,Hyderabad,25.396,68.3578,21.2,64.9,1.2,22.0,1009.8,412.1,Satellite Telemetry
2024-02-28,Faisalabad,31.4504,73.135,22.8,57.9,0.4,27.9,1012.6,423.0,Environmental IoT
2024-02-29,Karachi,24.8607,67.0011,23.8,76.7,3.5,19.3,1008.2,416.9,Satellite Telemetry
2024-02-29,Lahore,31.5204,74.3587,18.9,59.9,3.6,25.2,1013.4,423.4,Sensor Network
2024-02-29,Islamabad,33.6844,73.0479,14.4,51.4,5.7,21.8,1016.6,408.9,Environmental IoT
2024-02-29,Peshawar,34.0151,71.5249,17.0,55.4,3.5,24.8,1016.7,408.8,Environmental IoT
2024-02-29,Quetta,30.1798,66.975,9.2,40.7,0.7,22.5,1016.6,397.5,Satellite Telemetry
2024-02-29,Multan,30.1575,71.5249,22.7,47.9,2.7,14.9,1011.1,420.4,Weather Station
2024-02-29,Hyderabad,25.396,68.3578,23.9,69.9,0.0,16.1,1012.1,414.4,Satellite Telemetry
2024-02-29,Faisalabad,31.4504,73.135,22.9,56.5,4.5,19.3,1015.6,427.7,Environmental IoT
2024-03-01,Karachi,24.8607,67.0011,26.3,80.8,5.5,21.9,1009.3,418.7,Sensor Network
2024-03-01,Lahore,31.5204,74.3587,23.0,62.3,3.1,27.4,1016.3,424.0,Environmental IoT
2024-03-01,Islamabad,33.6844,73.0479,17.9,61.8,3.5,17.7,1016.7,404.3,Weather Station
2024-03-01,Peshawar,34.0151,71.5249,19.3,56.8,6.5,13.1,1012.7,412.9,Environmental IoT
2024-03-01,Quetta,30.1798,66.975,13.2,39.8,4.5,25.7,1017.2,397.3,Satellite Telemetry
2024-03-01,Multan,30.1575,71.5249,25.9,48.1,0.9,27.1,1014.1,419.0,Environmental IoT
2024-03-01,Hyderabad,25.396,68.3578,25.3,74.2,4.0,16.4,1010.6,417.8,Sensor Network
2024-03-01,Faisalabad,31.4504,73.135,22.4,59.9,1.3,10.1,1014.3,426.8,Sensor Network
2024-03-02,Karachi,24.8607,67.0011,26.4,75.7,3.4,20.0,1009.6,420.0,Weather Station
2024-03-02,Lahore,31.5204,74.3587,22.2,65.3,2.9,16.1,1016.9,421.3,Environmental IoT
2024-03-02,Islamabad,33.6844,73.0479,16.4,52.8,3.3,17.7,1018.9,405.3,Satellite Telemetry
2024-03-02,Peshawar,34.0151,71.5249,19.6,59.8,0.3,21.9,1014.5,411.2,Weather Station
2024-03-02,Quetta,30.1798,66.975,15.6,41.9,3.5,14.6,1016.7,396.7,Sensor Network
2024-03-02,Multan,30.1575,71.5249,25.3,55.1,1.6,26.9,1011.9,418.8,Weather Station
2024-03-02,Hyderabad,25.396,68.3578,25.5,75.2,2.1,21.2,1010.7,417.7,Satellite Telemetry
2024-03-02,Faisalabad,31.4504,73.135,25.5,55.3,5.7,23.3,1013.0,426.8,Environmental IoT
2024-03-03,Karachi,24.8607,67.0011,26.8,73.0,0.0,15.0,1012.9,418.3,Environmental IoT
2024-03-03,Lahore,31.5204,74.3587,23.2,62.5,6.0,13.9,1012.7,421.9,Environmental IoT
2024-03-03,Islamabad,33.6844,73.0479,18.0,61.5,8.0,12.6,1017.8,403.6,Weather Station
2024-03-03,Peshawar,34.0151,71.5249,19.0,54.5,0.5,19.2,1017.1,408.9,Sensor Network
2024-03-03,Quetta,30.1798,66.975,12.8,43.4,0.0,23.1,1016.9,396.1,Environmental IoT
2024-03-03,Multan,30.1575,71.5249,25.2,48.5,4.6,12.2,1013.0,421.6,Satellite Telemetry
2024-03-03,Hyderabad,25.396,68.3578,24.7,68.5,0.0,25.6,1014.7,412.4,Satellite Telemetry
2024-03-03,Faisalabad,31.4504,73.135,23.4,55.5,3.5,22.8,1010.9,425.2,Sensor Network
2024-03-04,Karachi,24.8607,67.0011,26.4,76.0,0.0,16.5,1008.2,421.3,Environmental IoT
2024-03-04,Lahore,31.5204,74.3587,22.8,62.8,1.0,13.6,1015.8,420.1,Satellite Telemetry
2024-03-04,Islamabad,33.6844,73.0479,17.7,60.4,9.3,12.3,1017.7,408.6,Satellite Telemetry
2024-03-04,Peshawar,34.0151,71.5249,19.1,56.4,5.2,17.2,1013.2,409.3,Sensor Network
2024-03-04,Quetta,30.1798,66.975,14.0,40.1,1.9,14.3,1018.6,400.1,Environmental IoT
2024-03-04,Multan,30.1575,71.5249,28.5,57.2,0.7,21.7,1014.3,418.3,Environmental IoT
2024-03-04,Hyderabad,25.396,68.3578,23.9,73.0,1.2,10.4,1010.0,416.8,Weather Station
2024-03-04,Faisalabad,31.4504,73.135,23.5,61.5,4.9,15.3,1012.8,424.0,Weather Station
2024-03-05,Karachi,24.8607,67.0011,25.9,72.8,0.0,16.7,1013.5,419.7,Weather Station
2024-03-05,Lahore,31.5204,74.3587,22.2,67.1,7.4,23.0,1016.4,420.8,Satellite Telemetry
2024-03-05,Islamabad,33.6844,73.0479,19.0,57.8,2.3,23.6,1018.2,403.6,Satellite Telemetry
2024-03-05,Peshawar,34.0151,71.5249,21.7,59.2,5.3,14.9,1017.7,411.6,Sensor Network
2024-03-05,Quetta,30.1798,66.975,15.0,42.4,2.3,17.1,1017.7,398.1,Satellite Telemetry
2024-03-05,Multan,30.1575,71.5249,28.7,55.7,0.9,26.4,1010.6,418.7,Weather Station
2024-03-05,Hyderabad,25.396,68.3578,24.5,73.7,0.4,27.6,1009.3,415.8,Sensor Network
2024-03-05,Faisalabad,31.4504,73.135,25.2,60.4,1.0,17.5,1010.7,424.2,Sensor Network
2024-03-06,Karachi,24.8607,67.0011,25.5,80.4,0.7,21.1,1008.3,417.5,Sensor Network
2024-03-06,Lahore,31.5204,74.3587,21.3,57.8,5.5,25.4,1016.0,425.6,Environmental IoT
2024-03-06,Islamabad,33.6844,73.0479,16.7,59.2,2.6,20.0,1014.9,403.6,Environmental IoT
2024-03-06,Peshawar,34.0151,71.5249,21.2,59.0,2.0,21.2,1014.4,410.4,Sensor Network
2024-03-06,Quetta,30.1798,66.975,12.5,41.3,0.0,20.0,1018.1,399.4,Environmental IoT
2024-03-06,Multan,30.1575,71.5249,25.7,55.3,0.0,19.7,1010.0,423.9,Satellite Telemetry
2024-03-06,Hyderabad,25.396,68.3578,24.0,74.4,0.0,24.8,1014.0,415.1,Weather Station
2024-03-06,Faisalabad,31.4504,73.135,22.9,56.9,5.0,25.8,1010.6,427.6,Sensor Network
2024-03-07,Karachi,24.8607,67.0011,25.7,77.6,2.8,18.6,1010.1,417.1,Weather Station
2024-03-07,Lahore,31.5204,74.3587,23.4,66.8,6.7,12.7,1012.1,421.4,Sensor Network
2024-03-07,Islamabad,33.6844,73.0479,17.8,57.2,5.4,22.2,1015.3,406.8,Satellite Telemetry
2024-03-07,Peshawar,34.0151,71.5249,20.6,57.0,0.4,16.2,1016.2,412.1,Satellite Telemetry
2024-03-07,Quetta,30.1798,66.975,15.2,37.6,0.0,21.3,1021.2,399.8,Weather Station
2024-03-07,Multan,30.1575,71.5249,28.9,55.7,0.9,16.9,1012.0,419.8,Weather Station
2024-03-07,Hyderabad,25.396,68.3578,24.1,73.6,3.7,23.6,1011.7,414.4,Satellite Telemetry
2024-03-07,Faisalabad,31.4504,73.135,24.8,56.6,4.7,26.5,1014.9,424.2,Sensor Network
2024-03-08,Karachi,24.8607,67.0011,26.3,81.8,0.0,13.0,1009.6,416.2,Sensor Network
2024-03-08,Lahore,31.5204,74.3587,21.8,58.3,1.3,23.3,1015.6,421.1,Weather Station
2024-03-08,Islamabad,33.6844,73.0479,17.4,53.8,5.9,13.8,1013.7,408.4,Weather Station
2024-03-08,Peshawar,34.0151,71.5249,18.8,57.4,6.8,11.8,1017.0,411.8,Sensor Network
2024-03-08,Quetta,30.1798,66.975,14.7,47.0,4.7,16.9,1018.0,401.0,Environmental IoT
2024-03-08,Multan,30.1575,71.5249,28.9,47.6,4.2,12.7,1010.8,420.4,Weather Station
2024-03-08,Hyderabad,25.396,68.3578,26.2,70.8,4.8,10.8,1012.1,414.5,Environmental IoT
2024-03-08,Faisalabad,31.4504,73.135,23.7,58.1,2.6,16.2,1014.3,425.3,Weather Station
2024-03-09,Karachi,24.8607,67.0011,25.3,77.3,2.3,24.2,1013.9,417.4,Satellite Telemetry
2024-03-09,Lahore,31.5204,74.3587,24.4,63.6,3.1,17.5,1014.5,420.4,Satellite Telemetry
2024-03-09,Islamabad,33.6844,73.0479,16.5,53.1,2.0,16.2,1016.8,405.8,Weather Station
2024-03-09,Peshawar,34.0151,71.5249,18.2,55.5,0.4,25.5,1012.9,409.8,Satellite Telemetry
2024-03-09,Quetta,30.1798,66.975,13.4,47.0,0.0,25.6,1021.0,401.4,Satellite Telemetry
2024-03-09,Multan,30.1575,71.5249,27.2,55.8,2.1,20.5,1013.1,422.6,Weather Station
2024-03-09,Hyderabad,25.396,68.3578,26.5,74.1,5.8,11.0,1012.8,415.5,Satellite Telemetry
2024-03-09,Faisalabad,31.4504,73.135,25.0,63.2,2.6,17.6,1014.8,426.2,Weather Station
2024-03-10,Karachi,24.8607,67.0011,24.8,75.1,4.9,10.3,1009.2,421.3,Environmental IoT
2024-03-10,Lahore,31.5204,74.3587,23.9,58.6,1.1,27.0,1016.3,422.3,Satellite Telemetry
2024-03-10,Islamabad,33.6844,73.0479,16.2,53.6,4.2,18.7,1019.0,408.5,Weather Station
2024-03-10,Peshawar,34.0151,71.5249,19.2,59.6,4.0,18.0,1015.6,409.8,Sensor Network
2024-03-10,Quetta,30.1798,66.975,15.9,39.8,0.9,25.3,1019.1,399.0,Sensor Network
2024-03-10,Multan,30.1575,71.5249,28.3,48.6,4.4,16.4,1013.6,420.6,Environmental IoT
2024-03-10,Hyderabad,25.396,68.3578,25.9,68.6,0.0,21.3,1010.4,414.9,Satellite Telemetry
2024-03-10,Faisalabad,31.4504,73.135,22.1,62.8,4.6,11.6,1013.8,424.8,Weather Station
2024-03-11,Karachi,24.8607,67.0011,26.0,80.4,0.0,12.0,1011.7,417.5,Weather Station
2024-03-11,Lahore,31.5204,74.3587,22.6,66.2,4.8,13.8,1012.7,421.5,Sensor Network
2024-03-11,Islamabad,33.6844,73.0479,16.2,59.6,7.3,14.6,1017.6,403.7,Weather Station
2024-03-11,Peshawar,34.0151,71.5249,20.8,56.1,0.2,13.1,1017.2,408.6,Weather Station
2024-03-11,Quetta,30.1798,66.975,14.9,41.4,0.7,14.3,1019.1,400.2,Sensor Network
2024-03-11,Multan,30.1575,71.5249,28.7,50.7,3.3,22.9,1009.1,422.0,Environmental IoT
2024-03-11,Hyderabad,25.396,68.3578,25.8,77.1,0.5,10.7,1013.8,413.7,Sensor Network
2024-03-11,Faisalabad,31.4504,73.135,22.5,54.8,4.7,12.4,1016.0,426.9,Weather Station
2024-03-12,Karachi,24.8607,67.0011,25.5,79.0,0.8,26.1,1013.8,419.8,Weather Station
2024-03-12,Lahore,31.5204,74.3587,22.8,59.3,2.0,16.0,1014.8,422.3,Weather Station
2024-03-12,Islamabad,33.6844,73.0479,16.8,56.3,2.4,23.5,1017.7,404.6,Sensor Network
2024-03-12,Peshawar,34.0151,71.5249,18.0,52.1,1.6,24.6,1014.4,408.8,Satellite Telemetry
2024-03-12,Quetta,30.1798,66.975,13.4,39.6,1.8,10.7,1019.7,398.1,Satellite Telemetry
2024-03-12,Multan,30.1575,71.5249,25.2,54.5,0.0,13.2,1010.2,419.8,Satellite Telemetry
2024-03-12,Hyderabad,25.396,68.3578,24.3,68.3,0.0,26.9,1011.5,413.1,Sensor Network
2024-03-12,Faisalabad,31.4504,73.135,25.9,58.0,1.6,16.6,1013.5,422.7,Environmental IoT
2024-03-13,Karachi,24.8607,67.0011,24.3,80.1,5.4,15.9,1011.6,417.3,Sensor Network
2024-03-13,Lahore,31.5204,74.3587,24.7,60.1,4.1,14.7,1013.7,422.1,Environmental IoT
2024-03-13,Islamabad,33.6844,73.0479,18.8,54.3,5.7,11.2,1013.2,403.5,Weather Station
2024-03-13,Peshawar,34.0151,71.5249,21.6,51.0,5.7,25.6,1016.2,408.6,Environmental IoT
2024-03-13,Quetta,30.1798,66.975,12.5,46.4,0.0,23.7,1017.4,398.8,Satellite Telemetry
2024-03-13,Multan,30.1575,71.5249,26.6,50.1,4.7,12.7,1014.9,421.2,Environmental IoT
2024-03-13,Hyderabad,25.396,68.3578,25.8,72.9,0.0,21.8,1009.3,417.4,Weather Station
2024-03-13,Faisalabad,31.4504,73.135,24.7,63.5,0.0,16.6,1011.7,423.7,Satellite Telemetry
2024-03-14,Karachi,24.8607,67.0011,25.5,81.2,0.0,10.8,1012.7,417.7,Weather Station
2024-03-14,Lahore,31.5204,74.3587,23.9,62.8,2.5,14.1,1012.3,424.3,Weather Station
2024-03-14,Islamabad,33.6844,73.0479,18.7,54.2,6.8,16.9,1015.9,407.2,Satellite Telemetry
2024-03-14,Peshawar,34.0151,71.5249,19.1,51.1,6.4,27.3,1017.9,412.5,Satellite Telemetry
2024-03-14,Quetta,30.1798,66.975,15.3,39.1,0.9,15.9,1018.2,398.8,Sensor Network
2024-03-14,Multan,30.1575,71.5249,25.7,56.4,3.7,24.9,1010.3,423.8,Weather Station
2024-03-14,Hyderabad,25.396,68.3578,23.6,73.0,3.1,13.7,1014.0,417.1,Environmental IoT
2024-03-14,Faisalabad,31.4504,73.135,23.5,60.3,2.9,25.5,1013.8,427.5,Weather Station
2024-03-15,Karachi,24.8607,67.0011,24.4,77.5,4.4,20.5,1009.4,417.2,Satellite Telemetry
2024-03-15,Lahore,31.5204,74.3587,22.3,62.1,0.2,12.8,1016.7,420.8,Weather Station
2024-03-15,Islamabad,33.6844,73.0479,18.1,54.7,7.0,17.0,1018.8,406.6,Sensor Network
2024-03-15,Peshawar,34.0151,71.5249,21.5,53.2,6.6,12.9,1016.8,411.1,Satellite Telemetry
2024-03-15,Quetta,30.1798,66.975,13.6,40.9,0.0,15.2,1019.8,398.4,Satellite Telemetry
2024-03-15,Multan,30.1575,71.5249,26.9,52.5,0.0,12.0,1010.0,421.8,Sensor Network
2024-03-15,Hyderabad,25.396,68.3578,25.5,75.8,0.0,18.9,1013.4,417.1,Satellite Telemetry
2024-03-15,Faisalabad,31.4504,73.135,22.5,64.2,5.8,16.7,1014.3,422.9,Environmental IoT
2024-03-16,Karachi,24.8607,67.0011,24.7,74.2,1.5,21.3,1013.1,416.4,Satellite Telemetry
2024-03-16,Lahore,31.5204,74.3587,22.1,62.9,6.6,18.0,1011.7,425.2,Weather Station
2024-03-16,Islamabad,33.6844,73.0479,16.9,55.8,2.8,13.8,1018.6,406.2,Sensor Network
2024-03-16,Peshawar,34.0151,71.5249,18.5,51.5,1.3,16.2,1015.4,413.5,Sensor Network
2024-03-16,Quetta,30.1798,66.975,15.0,44.5,5.0,21.3,1018.5,401.6,Sensor Network
2024-03-16,Multan,30.1575,71.5249,28.1,55.8,0.0,13.6,1013.2,423.0,Satellite Telemetry
2024-03-16,Hyderabad,25.396,68.3578,23.3,72.6,2.5,15.4,1010.1,416.6,Sensor Network
2024-03-16,Faisalabad,31.4504,73.135,25.2,55.0,0.0,27.3,1013.3,426.4,Environmental IoT
2024-03-17,Karachi,24.8607,67.0011,28.0,74.0,2.4,24.6,1010.8,421.1,Satellite Telemetry
2024-03-17,Lahore,31.5204,74.3587,21.3,61.8,0.3,12.5,1012.9,422.6,Satellite Telemetry
2024-03-17,Islamabad,33.6844,73.0479,19.0,59.0,9.2,17.5,1015.3,406.9,Environmental IoT
2024-03-17,Peshawar,34.0151,71.5249,20.1,53.0,4.1,17.3,1014.9,411.4,Environmental IoT
2024-03-17,Quetta,30.1798,66.975,15.5,41.9,0.0,18.6,1021.2,399.5,Sensor Network
2024-03-17,Multan,30.1575,71.5249,26.2,54.2,4.5,24.0,1014.8,422.8,Environmental IoT
2024-03-17,Hyderabad,25.396,68.3578,23.1,67.7,2.2,17.1,1010.4,412.3,Weather Station
2024-03-17,Faisalabad,31.4504,73.135,23.0,59.4,1.3,22.8,1014.5,423.6,Satellite Telemetry
2024-03-18,Karachi,24.8607,67.0011,26.4,79.2,4.6,10.3,1013.4,418.9,Weather Station
2024-03-18,Lahore,31.5204,74.3587,22.8,63.6,1.6,19.9,1015.9,421.1,Environmental IoT
2024-03-18,Islamabad,33.6844,73.0479,19.9,58.4,4.3,22.7,1014.7,404.7,Sensor Network
2024-03-18,Peshawar,34.0151,71.5249,20.7,54.3,2.4,15.3,1016.3,410.1,Sensor Network
2024-03-18,Quetta,30.1798,66.975,13.2,38.3,2.5,23.5,1018.0,397.9,Environmental IoT
2024-03-18,Multan,30.1575,71.5249,27.8,49.1,4.7,11.8,1011.3,424.0,Environmental IoT
2024-03-18,Hyderabad,25.396,68.3578,23.9,71.3,0.0,22.4,1010.7,412.4,Weather Station
2024-03-18,Faisalabad,31.4504,73.135,25.6,55.2,3.1,16.4,1013.6,426.0,Weather Station
2024-03-19,Karachi,24.8607,67.0011,25.4,72.8,0.0,19.3,1008.2,419.8,Weather Station
2024-03-19,Lahore,31.5204,74.3587,23.1,58.7,3.3,17.2,1012.7,425.9,Environmental IoT
2024-03-19,Islamabad,33.6844,73.0479,18.8,52.9,7.1,12.6,1016.2,406.5,Weather Station
2024-03-19,Peshawar,34.0151,71.5249,21.2,55.5,0.5,27.5,1012.6,412.0,Weather Station
2024-03-19,Quetta,30.1798,66.975,14.8,44.9,0.0,12.9,1016.4,399.9,Satellite Telemetry
2024-03-19,Multan,30.1575,71.5249,27.6,51.1,4.4,22.0,1012.8,423.8,Weather Station
2024-03-19,Hyderabad,25.396,68.3578,25.7,76.2,3.7,10.9,1013.0,413.3,Weather Station
2024-03-19,Faisalabad,31.4504,73.135,24.2,57.6,5.5,28.0,1012.5,425.2,Weather Station
2024-03-20,Karachi,24.8607,67.0011,26.4,76.8,3.3,16.6,1014.0,417.9,Sensor Network
2024-03-20,Lahore,31.5204,74.3587,24.0,58.1,7.6,19.2,1011.3,424.1,Environmental IoT
2024-03-20,Islamabad,33.6844,73.0479,20.0,53.5,7.8,23.7,1018.0,406.1,Weather Station
2024-03-20,Peshawar,34.0151,71.5249,20.1,51.4,0.0,13.0,1016.6,412.9,Weather Station
2024-03-20,Quetta,30.1798,66.975,15.3,38.0,0.1,19.4,1016.8,401.5,Environmental IoT
2024-03-20,Multan,30.1575,71.5249,26.8,50.2,0.0,15.8,1010.0,420.3,Environmental IoT
2024-03-20,Hyderabad,25.396,68.3578,23.3,68.1,5.9,27.6,1013.6,414.1,Environmental IoT
2024-03-20,Faisalabad,31.4504,73.135,23.4,58.2,2.8,22.6,1015.3,423.0,Sensor Network
2024-03-21,Karachi,24.8607,67.0011,24.9,73.7,0.0,13.6,1012.6,417.1,Sensor Network
2024-03-21,Lahore,31.5204,74.3587,23.9,59.3,7.4,24.4,1015.2,421.2,Satellite Telemetry
2024-03-21,Islamabad,33.6844,73.0479,18.8,55.1,3.0,15.2,1013.7,407.5,Satellite Telemetry
2024-03-21,Peshawar,34.0151,71.5249,21.6,58.7,3.2,25.0,1012.6,411.9,Sensor Network
2024-03-21,Quetta,30.1798,66.975,13.4,38.6,4.8,25.0,1020.9,397.8,Satellite Telemetry
2024-03-21,Multan,30.1575,71.5249,28.0,49.2,4.2,22.1,1012.0,423.7,Satellite Telemetry
2024-03-21,Hyderabad,25.396,68.3578,26.8,76.6,3.6,17.2,1011.9,413.0,Satellite Telemetry
2024-03-21,Faisalabad,31.4504,73.135,25.1,61.2,6.2,15.2,1011.3,427.8,Satellite Telemetry
2024-03-22,Karachi,24.8607,67.0011,26.7,79.4,0.0,17.8,1009.4,420.9,Environmental IoT
2024-03-22,Lahore,31.5204,74.3587,23.4,58.1,1.1,21.0,1013.0,422.2,Environmental IoT
2024-03-22,Islamabad,33.6844,73.0479,16.6,52.5,2.0,25.9,1014.9,405.9,Satellite Telemetry
2024-03-22,Peshawar,34.0151,71.5249,21.7,55.3,1.9,17.7,1016.1,409.3,Satellite Telemetry
2024-03-22,Quetta,30.1798,66.975,15.4,40.3,0.2,18.8,1016.6,400.3,Environmental IoT
2024-03-22,Multan,30.1575,71.5249,28.9,51.0,5.2,25.3,1012.7,418.8,Environmental IoT
2024-03-22,Hyderabad,25.396,68.3578,23.0,70.7,0.0,24.9,1013.3,415.7,Weather Station
2024-03-22,Faisalabad,31.4504,73.135,22.1,54.6,2.2,27.0,1015.5,423.7,Environmental IoT
2024-03-23,Karachi,24.8607,67.0011,25.2,77.2,5.3,10.6,1009.3,416.3,Weather Station
2024-03-23,Lahore,31.5204,74.3587,21.1,60.6,5.1,21.4,1011.8,424.0,Sensor Network
2024-03-23,Islamabad,33.6844,73.0479,18.6,60.0,9.1,25.0,1018.2,406.1,Environmental IoT
2024-03-23,Peshawar,34.0151,71.5249,18.5,57.6,3.9,11.5,1017.0,412.5,Environmental IoT
2024-03-23,Quetta,30.1798,66.975,14.7,44.5,0.0,23.6,1018.1,401.1,Sensor Network
2024-03-23,Multan,30.1575,71.5249,26.3,53.8,0.0,14.0,1010.4,421.8,Satellite Telemetry
2024-03-23,Hyderabad,25.396,68.3578,23.3,72.2,5.9,16.4,1011.5,416.1,Environmental IoT
2024-03-23,Faisalabad,31.4504,73.135,23.3,64.2,0.0,18.9,1010.2,425.1,Environmental IoT
2024-03-24,Karachi,24.8607,67.0011,24.7,80.5,0.0,15.0,1008.5,420.1,Satellite Telemetry
2024-03-24,Lahore,31.5204,74.3587,22.7,61.9,3.9,13.9,1015.2,423.2,Weather Station
2024-03-24,Islamabad,33.6844,73.0479,16.9,52.5,8.6,14.4,1014.0,407.7,Environmental IoT
2024-03-24,Peshawar,34.0151,71.5249,21.7,53.0,0.0,26.4,1015.9,410.4,Sensor Network
2024-03-24,Quetta,30.1798,66.975,12.5,46.9,1.1,13.2,1019.6,397.4,Sensor Network
2024-03-24,Multan,30.1575,71.5249,25.7,51.9,3.6,10.9,1009.2,419.0,Sensor Network
2024-03-24,Hyderabad,25.396,68.3578,25.1,76.3,5.8,10.3,1012.3,412.9,Environmental IoT
2024-03-24,Faisalabad,31.4504,73.135,22.4,55.0,2.9,22.1,1012.1,422.9,Sensor Network
2024-03-25,Karachi,24.8607,67.0011,27.2,75.2,3.3,23.9,1011.6,421.4,Satellite Telemetry
2024-03-25,Lahore,31.5204,74.3587,21.7,64.5,6.6,15.6,1014.2,421.3,Weather Station
2024-03-25,Islamabad,33.6844,73.0479,17.7,59.9,6.4,17.5,1013.2,404.9,Weather Station
2024-03-25,Peshawar,34.0151,71.5249,19.3,52.2,5.9,14.5,1015.9,413.2,Sensor Network
2024-03-25,Quetta,30.1798,66.975,13.3,43.3,5.0,14.8,1021.7,398.0,Satellite Telemetry
2024-03-25,Multan,30.1575,71.5249,27.6,47.8,5.5,22.1,1012.3,420.9,Weather Station
2024-03-25,Hyderabad,25.396,68.3578,24.5,71.5,0.0,14.9,1009.5,415.9,Weather Station
2024-03-25,Faisalabad,31.4504,73.135,23.0,56.1,0.6,18.0,1012.4,426.7,Environmental IoT
2024-03-26,Karachi,24.8607,67.0011,27.0,81.0,2.8,20.9,1011.4,418.3,Sensor Network
2024-03-26,Lahore,31.5204,74.3587,22.1,60.0,3.3,26.3,1011.2,424.8,Satellite Telemetry
2024-03-26,Islamabad,33.6844,73.0479,16.8,59.9,2.6,25.9,1018.4,408.9,Satellite Telemetry
2024-03-26,Peshawar,34.0151,71.5249,18.9,55.8,5.8,14.5,1013.1,413.0,Environmental IoT
2024-03-26,Quetta,30.1798,66.975,15.9,45.1,0.7,26.0,1018.8,396.9,Sensor Network
2024-03-26,Multan,30.1575,71.5249,26.1,54.8,0.7,22.3,1009.8,422.1,Satellite Telemetry
2024-03-26,Hyderabad,25.396,68.3578,25.7,70.2,0.6,14.2,1013.5,415.8,Environmental IoT
2024-03-26,Faisalabad,31.4504,73.135,22.2,55.7,0.3,10.7,1010.5,422.5,Environmental IoT
2024-03-27,Karachi,24.8607,67.0011,24.4,81.8,0.0,18.3,1011.3,417.1,Environmental IoT
2024-03-27,Lahore,31.5204,74.3587,21.8,64.3,1.0,17.1,1014.0,423.3,Weather Station
2024-03-27,Islamabad,33.6844,73.0479,17.0,53.5,4.1,24.4,1016.1,407.5,Sensor Network
2024-03-27,Peshawar,34.0151,71.5249,18.4,55.0,0.0,26.9,1012.3,410.6,Sensor Network
2024-03-27,Quetta,30.1798,66.975,15.9,40.3,0.0,22.6,1017.3,402.0,Weather Station
2024-03-27,Multan,30.1575,71.5249,25.5,53.5,3.2,12.9,1010.0,422.1,Environmental IoT
2024-03-27,Hyderabad,25.396,68.3578,26.5,70.5,2.9,27.1,1012.5,413.9,Satellite Telemetry
2024-03-27,Faisalabad,31.4504,73.135,25.5,56.1,2.7,23.1,1011.3,424.4,Sensor Network
2024-03-28,Karachi,24.8607,67.0011,25.9,79.4,2.0,16.5,1009.3,422.0,Weather Station
2024-03-28,Lahore,31.5204,74.3587,21.8,62.8,5.4,21.7,1013.1,421.0,Satellite Telemetry
2024-03-28,Islamabad,33.6844,73.0479,16.0,60.9,7.4,25.7,1018.8,406.7,Satellite Telemetry
2024-03-28,Peshawar,34.0151,71.5249,19.2,56.6,1.0,23.4,1015.8,413.4,Sensor Network
2024-03-28,Quetta,30.1798,66.975,13.9,39.4,3.6,23.9,1016.5,402.0,Satellite Telemetry
2024-03-28,Multan,30.1575,71.5249,27.5,50.1,0.3,14.3,1011.2,418.5,Weather Station
2024-03-28,Hyderabad,25.396,68.3578,23.3,76.1,3.6,25.3,1014.7,413.1,Sensor Network
2024-03-28,Faisalabad,31.4504,73.135,23.5,59.8,5.4,24.1,1011.6,426.6,Environmental IoT
2024-03-29,Karachi,24.8607,67.0011,26.8,73.5,0.9,17.8,1009.6,422.2,Environmental IoT
2024-03-29,Lahore,31.5204,74.3587,23.7,61.2,3.0,26.9,1012.1,426.0,Satellite Telemetry
2024-03-29,Islamabad,33.6844,73.0479,19.6,61.4,6.6,26.8,1015.3,407.7,Sensor Network
2024-03-29,Peshawar,34.0151,71.5249,20.1,51.9,4.1,18.1,1017.1,409.3,Environmental IoT
2024-03-29,Quetta,30.1798,66.975,14.6,38.4,0.5,12.3,1016.5,396.4,Satellite Telemetry
2024-03-29,Multan,30.1575,71.5249,25.6,53.9,2.3,21.1,1014.0,420.8,Satellite Telemetry
2024-03-29,Hyderabad,25.396,68.3578,26.0,74.6,1.1,16.3,1010.7,414.6,Weather Station
2024-03-29,Faisalabad,31.4504,73.135,23.3,60.0,1.9,23.3,1012.8,427.0,Weather Station
2024-03-30,Karachi,24.8607,67.0011,27.2,76.5,4.2,25.7,1013.9,421.3,Weather Station
2024-03-30,Lahore,31.5204,74.3587,23.0,63.9,1.9,13.0,1014.3,420.5,Weather Station
2024-03-30,Islamabad,33.6844,73.0479,19.1,54.6,3.1,26.1,1016.0,404.2,Satellite Telemetry
2024-03-30,Peshawar,34.0151,71.5249,18.3,51.7,1.6,19.6,1013.3,409.2,Environmental IoT
2024-03-30,Quetta,30.1798,66.975,15.1,40.9,0.0,16.7,1017.4,401.0,Satellite Telemetry
2024-03-30,Multan,30.1575,71.5249,27.8,55.7,0.0,10.7,1009.9,422.6,Weather Station
2024-03-30,Hyderabad,25.396,68.3578,23.9,76.4,2.7,26.1,1012.0,415.6,Weather Station
2024-03-30,Faisalabad,31.4504,73.135,23.6,56.7,0.4,19.3,1014.2,426.0,Weather Station
2024-03-31,Karachi,24.8607,67.0011,25.6,75.1,2.1,13.0,1012.7,417.8,Environmental IoT
2024-03-31,Lahore,31.5204,74.3587,22.2,59.3,2.2,20.9,1012.8,423.0,Satellite Telemetry
2024-03-31,Islamabad,33.6844,73.0479,16.1,56.1,6.8,17.9,1016.9,404.0,Sensor Network
2024-03-31,Peshawar,34.0151,71.5249,21.1,50.9,1.5,24.3,1012.5,412.6,Satellite Telemetry
2024-03-31,Quetta,30.1798,66.975,15.3,47.4,3.3,16.3,1018.7,400.2,Environmental IoT
2024-03-31,Multan,30.1575,71.5249,25.9,54.4,0.0,20.5,1014.4,419.4,Sensor Network
2024-03-31,Hyderabad,25.396,68.3578,25.9,71.5,5.4,10.7,1013.0,414.0,Satellite Telemetry
2024-03-31,Faisalabad,31.4504,73.135,23.4,62.9,0.0,11.2,1013.9,423.3,Weather Station
2024-04-01,Karachi,24.8607,67.0011,28.3,75.9,2.8,27.0,1013.0,421.8,Satellite Telemetry
2024-04-01,Lahore,31.5204,74.3587,28.2,69.6,6.8,10.2,1011.4,424.2,Sensor Network
2024-04-01,Islamabad,33.6844,73.0479,21.4,58.0,2.1,23.1,1013.2,408.0,Environmental IoT
2024-04-01,Peshawar,34.0151,71.5249,22.0,55.6,6.0,26.8,1012.6,412.1,Weather Station
2024-04-01,Quetta,30.1798,66.975,17.3,43.1,0.9,15.8,1018.8,398.7,Sensor Network
2024-04-01,Multan,30.1575,71.5249,29.9,52.7,2.0,19.1,1013.7,420.4,Satellite Telemetry
2024-04-01,Hyderabad,25.396,68.3578,27.2,73.8,0.0,16.9,1011.8,412.5,Environmental IoT
2024-04-01,Faisalabad,31.4504,73.135,26.6,62.9,4.8,15.7,1013.8,422.5,Weather Station
2024-04-02,Karachi,24.8607,67.0011,30.0,77.0,0.6,13.2,1009.4,416.8,Satellite Telemetry
2024-04-02,Lahore,31.5204,74.3587,26.0,69.9,3.2,14.2,1014.8,420.5,Satellite Telemetry
2024-04-02,Islamabad,33.6844,73.0479,23.4,59.7,1.7,18.5,1014.3,403.5,Satellite Telemetry
2024-04-02,Peshawar,34.0151,71.5249,22.8,56.2,6.9,23.5,1015.1,409.0,Environmental IoT
2024-04-02,Quetta,30.1798,66.975,16.1,48.4,3.5,11.3,1018.1,396.8,Satellite Telemetry
2024-04-02,Multan,30.1575,71.5249,32.3,59.0,3.1,20.7,1011.5,422.9,Weather Station
2024-04-02,Hyderabad,25.396,68.3578,28.5,70.7,0.5,27.7,1009.4,415.1,Environmental IoT
2024-04-02,Faisalabad,31.4504,73.135,26.8,65.3,0.0,23.3,1010.2,424.7,Sensor Network
2024-04-03,Karachi,24.8607,67.0011,28.5,79.5,2.6,23.4,1009.7,418.6,Sensor Network
2024-04-03,Lahore,31.5204,74.3587,26.9,68.5,2.3,11.5,1013.4,421.7,Environmental IoT
2024-04-03,Islamabad,33.6844,73.0479,20.4,59.2,5.2,25.5,1014.2,407.7,Environmental IoT
2024-04-03,Peshawar,34.0151,71.5249,23.2,53.9,1.7,16.4,1014.7,411.8,Satellite Telemetry
2024-04-03,Quetta,30.1798,66.975,20.0,50.3,1.0,25.7,1021.8,398.9,Weather Station
2024-04-03,Multan,30.1575,71.5249,30.5,51.5,2.3,15.9,1012.3,423.2,Environmental IoT
2024-04-03,Hyderabad,25.396,68.3578,29.9,79.6,4.4,16.0,1013.8,414.4,Weather Station
2024-04-03,Faisalabad,31.4504,73.135,28.1,61.5,3.4,16.6,1011.9,426.4,Environmental IoT
2024-04-04,Karachi,24.8607,67.0011,29.5,76.1,0.0,22.0,1009.9,418.9,Sensor Network
2024-04-04,Lahore,31.5204,74.3587,27.4,62.9,3.3,10.5,1016.9,426.3,Environmental IoT
2024-04-04,Islamabad,33.6844,73.0479,22.3,63.4,5.1,20.5,1017.8,407.5,Sensor Network
2024-04-04,Peshawar,34.0151,71.5249,25.9,63.3,0.7,21.2,1015.0,410.3,Satellite Telemetry
2024-04-04,Quetta,30.1798,66.975,18.1,49.2,2.9,24.5,1021.0,398.6,Environmental IoT
2024-04-04,Multan,30.1575,71.5249,32.8,51.8,0.0,11.2,1014.7,419.0,Sensor Network
2024-04-04,Hyderabad,25.396,68.3578,30.5,76.8,0.0,13.9,1014.7,414.5,Sensor Network
2024-04-04,Faisalabad,31.4504,73.135,29.5,60.3,0.6,10.1,1011.4,425.2,Sensor Network
2024-04-05,Karachi,24.8607,67.0011,30.4,85.4,0.0,22.3,1008.2,420.5,Satellite Telemetry
2024-04-05,Lahore,31.5204,74.3587,25.3,69.5,7.2,17.9,1014.8,421.7,Sensor Network
2024-04-05,Islamabad,33.6844,73.0479,22.2,57.5,6.4,16.9,1015.6,405.5,Environmental IoT
2024-04-05,Peshawar,34.0151,71.5249,25.4,55.1,7.0,10.9,1015.1,409.9,Satellite Telemetry
2024-04-05,Quetta,30.1798,66.975,18.6,45.0,0.0,12.0,1020.1,400.8,Satellite Telemetry
2024-04-05,Multan,30.1575,71.5249,32.5,54.7,0.8,22.3,1009.6,424.0,Environmental IoT
2024-04-05,Hyderabad,25.396,68.3578,27.1,80.3,0.1,11.1,1011.1,416.2,Satellite Telemetry
2024-04-05,Faisalabad,31.4504,73.135,29.4,61.8,6.0,22.6,1011.3,427.2,Weather Station
2024-04-06,Karachi,24.8607,67.0011,29.2,76.4,0.4,27.0,1012.5,419.9,Satellite Telemetry
2024-04-06,Lahore,31.5204,74.3587,28.6,60.7,2.2,15.2,1012.6,424.8,Weather Station
2024-04-06,Islamabad,33.6844,73.0479,23.6,61.0,2.4,12.3,1014.8,403.5,Environmental IoT
2024-04-06,Peshawar,34.0151,71.5249,25.2,57.5,6.8,13.7,1017.1,413.0,Weather Station
2024-04-06,Quetta,30.1798,66.975,20.0,43.9,0.0,19.0,1017.8,399.2,Weather Station
2024-04-06,Multan,30.1575,71.5249,30.4,52.2,0.0,12.8,1010.8,421.5,Environmental IoT
2024-04-06,Hyderabad,25.396,68.3578,29.3,73.7,3.1,17.6,1011.7,416.2,Sensor Network
2024-04-06,Faisalabad,31.4504,73.135,28.5,64.9,1.8,21.6,1010.9,422.5,Sensor Network
2024-04-07,Karachi,24.8607,67.0011,31.0,85.2,2.3,11.0,1011.3,419.1,Sensor Network
2024-04-07,Lahore,31.5204,74.3587,27.1,68.9,1.8,13.6,1011.3,425.5,Weather Station
2024-04-07,Islamabad,33.6844,73.0479,22.2,64.3,2.3,14.7,1013.1,403.8,Satellite Telemetry
2024-04-07,Peshawar,34.0151,71.5249,24.9,62.3,6.2,27.8,1016.0,410.4,Weather Station
2024-04-07,Quetta,30.1798,66.975,18.4,45.9,0.0,18.4,1017.6,401.5,Environmental IoT
2024-04-07,Multan,30.1575,71.5249,30.4,53.5,4.5,21.7,1010.1,422.9,Sensor Network
2024-04-07,Hyderabad,25.396,68.3578,30.8,74.4,5.1,13.7,1014.9,416.9,Sensor Network
2024-04-07,Faisalabad,31.4504,73.135,27.8,64.4,6.2,14.8,1014.9,422.9,Satellite Telemetry
2024-04-08,Karachi,24.8607,67.0011,30.4,83.4,0.0,12.8,1009.0,418.3,Satellite Telemetry
2024-04-08,Lahore,31.5204,74.3587,25.5,66.4,7.0,10.4,1014.3,424.8,Weather Station
2024-04-08,Islamabad,33.6844,73.0479,20.2,64.1,8.5,20.5,1016.5,405.2,Weather Station
2024-04-08,Peshawar,34.0151,71.5249,23.8,54.5,1.1,16.1,1016.4,413.3,Satellite Telemetry
2024-04-08,Quetta,30.1798,66.975,18.0,48.9,0.0,11.1,1019.9,401.4,Weather Station
2024-04-08,Multan,30.1575,71.5249,29.5,59.1,3.8,15.8,1014.2,419.3,Sensor Network
2024-04-08,Hyderabad,25.396,68.3578,27.8,72.1,3.6,24.6,1012.1,413.1,Sensor Network
2024-04-08,Faisalabad,31.4504,73.135,29.8,67.2,1.0,14.8,1012.5,423.4,Weather Station
2024-04-09,Karachi,24.8607,67.0011,28.9,79.6,1.2,27.4,1013.5,417.8,Satellite Telemetry
2024-04-09,Lahore,31.5204,74.3587,28.9,66.3,1.1,20.3,1015.1,420.8,Satellite Telemetry
2024-04-09,Islamabad,33.6844,73.0479,23.9,58.3,9.1,25.7,1018.7,403.6,Sensor Network
2024-04-09,Peshawar,34.0151,71.5249,24.9,62.6,2.7,22.1,1015.7,411.2,Weather Station
2024-04-09,Quetta,30.1798,66.975,17.8,44.8,0.0,21.0,1019.3,401.3,Satellite Telemetry
2024-04-09,Multan,30.1575,71.5249,32.4,60.4,2.3,12.3,1010.0,422.8,Weather Station
2024-04-09,Hyderabad,25.396,68.3578,27.6,77.8,0.9,19.0,1011.9,417.5,Environmental IoT
2024-04-09,Faisalabad,31.4504,73.135,27.2,64.4,0.0,28.0,1012.3,428.2,Satellite Telemetry
2024-04-10,Karachi,24.8607,67.0011,29.4,78.9,5.5,21.1,1011.5,417.5,Satellite Telemetry
2024-04-10,Lahore,31.5204,74.3587,25.1,68.9,2.0,17.9,1012.2,426.3,Environmental IoT
2024-04-10,Islamabad,33.6844,73.0479,23.8,63.1,3.1,12.3,1013.9,404.2,Sensor Network
2024-04-10,Peshawar,34.0151,71.5249,23.6,57.7,5.0,26.0,1015.6,411.1,Environmental IoT
2024-04-10,Quetta,30.1798,66.975,18.4,43.7,2.9,19.5,1016.6,402.5,Sensor Network
2024-04-10,Multan,30.1575,71.5249,31.1,59.1,0.0,13.8,1010.6,418.7,Environmental IoT
2024-04-10,Hyderabad,25.396,68.3578,28.4,72.7,2.8,10.7,1013.1,417.9,Environmental IoT
2024-04-10,Faisalabad,31.4504,73.135,29.7,65.8,0.0,16.9,1014.8,427.1,Environmental IoT
2024-04-11,Karachi,24.8607,67.0011,31.2,82.8,2.7,22.9,1010.2,418.7,Sensor Network
2024-04-11,Lahore,31.5204,74.3587,27.1,66.5,0.0,25.1,1015.9,425.2,Sensor Network
2024-04-11,Islamabad,33.6844,73.0479,23.2,56.4,6.5,26.6,1016.2,404.2,Weather Station
2024-04-11,Peshawar,34.0151,71.5249,25.7,56.0,3.3,14.4,1012.3,412.9,Environmental IoT
2024-04-11,Quetta,30.1798,66.975,17.9,47.3,3.1,26.9,1020.9,401.4,Weather Station
2024-04-11,Multan,30.1575,71.5249,29.5,59.0,4.6,21.1,1011.0,423.6,Environmental IoT
2024-04-11,Hyderabad,25.396,68.3578,30.7,75.2,3.6,20.9,1013.3,418.1,Sensor Network
2024-04-11,Faisalabad,31.4504,73.135,28.6,59.0,1.5,24.6,1015.7,422.8,Satellite Telemetry
2024-04-12,Karachi,24.8607,67.0011,31.1,83.9,1.3,20.5,1009.6,418.3,Environmental IoT
2024-04-12,Lahore,31.5204,74.3587,26.1,64.1,3.2,11.9,1015.0,420.8,Satellite Telemetry
2024-04-12,Islamabad,33.6844,73.0479,21.3,56.6,5.1,27.7,1016.5,407.7,Sensor Network
2024-04-12,Peshawar,34.0151,71.5249,24.0,58.0,3.8,24.7,1014.6,411.7,Environmental IoT
2024-04-12,Quetta,30.1798,66.975,17.6,42.4,0.0,21.7,1019.9,400.2,Satellite Telemetry
2024-04-12,Multan,30.1575,71.5249,29.9,57.3,0.2,14.9,1014.3,422.7,Environmental IoT
2024-04-12,Hyderabad,25.396,68.3578,28.7,78.9,3.3,25.1,1012.6,417.0,Weather Station
2024-04-12,Faisalabad,31.4504,73.135,28.9,64.8,1.5,27.2,1012.6,424.1,Environmental IoT
2024-04-13,Karachi,24.8607,67.0011,31.6,83.0,0.0,18.6,1011.9,419.3,Satellite Telemetry
2024-04-13,Lahore,31.5204,74.3587,26.8,62.8,4.6,26.5,1015.5,423.3,Sensor Network
2024-04-13,Islamabad,33.6844,73.0479,20.9,61.1,7.8,21.8,1016.1,409.3,Environmental IoT
2024-04-13,Peshawar,34.0151,71.5249,25.2,59.6,6.3,25.4,1016.1,409.5,Satellite Telemetry
2024-04-13,Quetta,30.1798,66.975,16.8,42.1,3.9,19.8,1017.7,401.4,Weather Station
2024-04-13,Multan,30.1575,71.5249,30.9,59.1,3.0,13.8,1010.4,418.7,Weather Station
2024-04-13,Hyderabad,25.396,68.3578,28.4,76.5,4.2,12.2,1011.3,415.4,Satellite Telemetry
2024-04-13,Faisalabad,31.4504,73.135,27.9,58.9,2.1,21.7,1010.2,426.1,Weather Station
2024-04-14,Karachi,24.8607,67.0011,31.2,81.2,1.5,20.4,1009.7,422.4,Environmental IoT
2024-04-14,Lahore,31.5204,74.3587,28.9,61.3,0.2,20.5,1012.5,424.6,Satellite Telemetry
2024-04-14,Islamabad,33.6844,73.0479,21.2,60.7,3.4,18.0,1018.4,405.3,Environmental IoT
2024-04-14,Peshawar,34.0151,71.5249,24.3,60.0,6.7,19.1,1017.5,412.9,Sensor Network
2024-04-14,Quetta,30.1798,66.975,16.1,44.6,1.6,27.0,1017.1,398.8,Environmental IoT
2024-04-14,Multan,30.1575,71.5249,31.8,60.0,0.0,18.8,1014.9,419.8,Weather Station
2024-04-14,Hyderabad,25.396,68.3578,29.0,78.9,0.0,13.5,1010.2,418.5,Weather Station
2024-04-14,Faisalabad,31.4504,73.135,27.0,66.4,4.6,13.7,1014.3,424.3,Sensor Network
2024-04-15,Karachi,24.8607,67.0011,28.6,80.6,0.5,11.5,1008.7,417.6,Sensor Network
2024-04-15,Lahore,31.5204,74.3587,28.1,63.7,3.7,24.5,1013.1,421.1,Weather Station
2024-04-15,Islamabad,33.6844,73.0479,21.2,63.4,1.9,13.7,1016.1,404.2,Sensor Network
2024-04-15,Peshawar,34.0151,71.5249,24.2,63.0,5.2,17.7,1014.9,410.7,Satellite Telemetry
2024-04-15,Quetta,30.1798,66.975,16.2,47.5,0.0,13.7,1021.8,399.0,Sensor Network
2024-04-15,Multan,30.1575,71.5249,29.6,57.0,0.0,27.9,1012.4,423.5,Sensor Network
2024-04-15,Hyderabad,25.396,68.3578,29.0,76.7,2.3,12.6,1013.9,414.6,Environmental IoT
2024-04-15,Faisalabad,31.4504,73.135,26.1,64.4,4.4,24.2,1014.1,425.4,Weather Station
2024-04-16,Karachi,24.8607,67.0011,29.9,77.7,0.0,21.3,1011.3,417.3,Satellite Telemetry
2024-04-16,Lahore,31.5204,74.3587,28.5,61.5,6.6,23.3,1015.7,425.1,Weather Station
2024-04-16,Islamabad,33.6844,73.0479,21.0,60.4,7.7,13.5,1018.2,409.4,Environmental IoT
2024-04-16,Peshawar,34.0151,71.5249,22.6,62.3,4.7,26.8,1012.4,413.4,Sensor Network
2024-04-16,Quetta,30.1798,66.975,18.4,44.5,4.1,19.0,1019.9,401.1,Weather Station
2024-04-16,Multan,30.1575,71.5249,30.4,57.6,5.8,17.1,1014.6,420.3,Sensor Network
2024-04-16,Hyderabad,25.396,68.3578,27.7,78.8,0.0,26.4,1010.6,417.3,Weather Station
2024-04-16,Faisalabad,31.4504,73.135,26.4,67.5,5.0,15.4,1013.0,428.3,Sensor Network
2024-04-17,Karachi,24.8607,67.0011,31.3,83.6,0.0,10.6,1009.8,417.2,Satellite Telemetry
2024-04-17,Lahore,31.5204,74.3587,28.6,68.1,3.5,20.4,1013.1,426.4,Environmental IoT
2024-04-17,Islamabad,33.6844,73.0479,22.5,55.8,8.6,20.9,1013.6,405.4,Satellite Telemetry
2024-04-17,Peshawar,34.0151,71.5249,22.8,57.4,4.6,18.0,1014.2,408.8,Weather Station
2024-04-17,Quetta,30.1798,66.975,19.9,45.1,4.8,24.9,1020.5,400.6,Satellite Telemetry
2024-04-17,Multan,30.1575,71.5249,31.3,54.9,3.1,21.6,1012.8,422.0,Sensor Network
2024-04-17,Hyderabad,25.396,68.3578,29.2,75.6,4.3,17.3,1009.9,415.2,Weather Station
2024-04-17,Faisalabad,31.4504,73.135,28.2,66.0,1.0,10.6,1011.2,427.4,Satellite Telemetry
2024-04-18,Karachi,24.8607,67.0011,31.2,80.3,0.0,16.7,1013.1,419.9,Satellite Telemetry
2024-04-18,Lahore,31.5204,74.3587,28.7,67.4,5.7,21.5,1014.4,424.8,Satellite Telemetry
2024-04-18,Islamabad,33.6844,73.0479,20.1,62.8,3.2,13.6,1016.3,403.7,Weather Station
2024-04-18,Peshawar,34.0151,71.5249,23.1,60.0,0.6,24.3,1012.2,412.4,Sensor Network
2024-04-18,Quetta,30.1798,66.975,17.1,45.8,3.2,19.6,1018.1,401.8,Satellite Telemetry
2024-04-18,Multan,30.1575,71.5249,30.5,51.9,0.0,18.5,1011.0,423.2,Satellite Telemetry
2024-04-18,Hyderabad,25.396,68.3578,29.5,80.0,0.0,11.9,1010.5,418.5,Environmental IoT
2024-04-18,Faisalabad,31.4504,73.135,27.1,64.8,1.2,10.3,1011.2,424.3,Sensor Network
2024-04-19,Karachi,24.8607,67.0011,28.5,79.4,0.0,14.9,1013.6,418.6,Weather Station
2024-04-19,Lahore,31.5204,74.3587,28.2,65.9,7.2,20.0,1011.7,426.1,Weather Station
2024-04-19,Islamabad,33.6844,73.0479,21.4,64.2,4.9,16.6,1013.4,408.9,Weather Station
2024-04-19,Peshawar,34.0151,71.5249,23.9,56.0,0.0,20.5,1014.0,410.1,Satellite Telemetry
2024-04-19,Quetta,30.1798,66.975,18.7,48.7,0.0,10.8,1019.9,397.7,Satellite Telemetry
2024-04-19,Multan,30.1575,71.5249,29.4,57.1,0.0,24.6,1009.6,420.3,Environmental IoT
2024-04-19,Hyderabad,25.396,68.3578,28.9,74.4,4.8,21.2,1013.1,417.9,Environmental IoT
2024-04-19,Faisalabad,31.4504,73.135,26.2,67.1,4.3,23.5,1014.8,428.5,Weather Station
2024-04-20,Karachi,24.8607,67.0011,31.7,82.7,0.0,16.5,1013.6,421.9,Satellite Telemetry
2024-04-20,Lahore,31.5204,74.3587,25.6,69.8,6.8,13.7,1016.7,422.1,Satellite Telemetry
2024-04-20,Islamabad,33.6844,73.0479,23.2,57.8,5.5,11.7,1014.7,407.6,Environmental IoT
2024-04-20,Peshawar,34.0151,71.5249,23.6,56.6,3.8,10.4,1013.8,413.1,Satellite Telemetry
2024-04-20,Quetta,30.1798,66.975,17.5,41.1,4.6,21.3,1017.0,396.9,Weather Station
2024-04-20,Multan,30.1575,71.5249,29.9,55.1,5.0,12.1,1012.5,423.7,Environmental IoT
2024-04-20,Hyderabad,25.396,68.3578,27.4,71.6,2.0,21.5,1013.7,417.4,Satellite Telemetry
2024-04-20,Faisalabad,31.4504,73.135,29.7,59.0,6.3,11.7,1015.5,423.0,Weather Station
2024-04-21,Karachi,24.8607,67.0011,28.4,85.0,0.0,12.2,1009.8,419.3,Weather Station
2024-04-21,Lahore,31.5204,74.3587,26.4,64.8,0.4,10.5,1012.0,426.5,Environmental IoT
2024-04-21,Islamabad,33.6844,73.0479,23.8,58.5,3.0,25.6,1018.3,407.1,Environmental IoT
2024-04-21,Peshawar,34.0151,71.5249,24.8,60.7,2.9,22.8,1013.1,413.2,Sensor Network
2024-04-21,Quetta,30.1798,66.975,16.9,41.5,0.0,13.7,1018.6,402.1,Sensor Network
2024-04-21,Multan,30.1575,71.5249,31.5,52.6,0.1,26.7,1014.6,420.1,Environmental IoT
2024-04-21,Hyderabad,25.396,68.3578,29.1,75.2,0.0,12.3,1012.8,417.9,Satellite Telemetry
2024-04-21,Faisalabad,31.4504,73.135,28.5,61.8,0.0,20.8,1012.7,422.8,Sensor Network
2024-04-22,Karachi,24.8607,67.0011,29.9,78.8,0.0,25.5,1010.9,416.9,Satellite Telemetry
2024-04-22,Lahore,31.5204,74.3587,25.2,63.7,3.3,20.8,1015.9,421.8,Sensor Network
2024-04-22,Islamabad,33.6844,73.0479,20.9,64.3,8.4,20.1,1014.4,405.1,Satellite Telemetry
2024-04-22,Peshawar,34.0151,71.5249,24.6,63.2,1.9,18.1,1016.0,414.4,Weather Station
2024-04-22,Quetta,30.1798,66.975,18.5,42.1,1.4,12.6,1020.2,397.0,Sensor Network
2024-04-22,Multan,30.1575,71.5249,29.8,57.2,1.9,12.9,1012.7,420.7,Weather Station
2024-04-22,Hyderabad,25.396,68.3578,28.5,80.3,5.1,15.2,1014.4,414.6,Environmental IoT
2024-04-22,Faisalabad,31.4504,73.135,28.8,60.2,5.2,25.7,1013.8,425.2,Satellite Telemetry
2024-04-23,Karachi,24.8607,67.0011,31.8,85.1,0.0,19.2,1013.4,417.0,Environmental IoT
2024-04-23,Lahore,31.5204,74.3587,26.5,65.9,0.0,18.6,1015.3,423.6,Sensor Network
2024-04-23,Islamabad,33.6844,73.0479,22.3,58.3,1.5,16.7,1015.9,407.6,Weather Station
2024-04-23,Peshawar,34.0151,71.5249,24.4,58.9,1.1,15.1,1014.5,411.2,Weather Station
2024-04-23,Quetta,30.1798,66.975,19.3,47.8,0.0,10.4,1019.5,397.8,Satellite Telemetry
2024-04-23,Multan,30.1575,71.5249,29.9,53.7,1.9,12.1,1012.6,419.2,Weather Station
2024-04-23,Hyderabad,25.396,68.3578,28.5,71.3,3.7,18.8,1012.5,414.9,Weather Station
2024-04-23,Faisalabad,31.4504,73.135,26.1,65.6,0.0,26.0,1015.3,426.7,Weather Station
2024-04-24,Karachi,24.8607,67.0011,30.2,78.8,4.1,10.3,1013.0,420.3,Weather Station
2024-04-24,Lahore,31.5204,74.3587,25.3,61.8,3.2,19.2,1012.4,425.4,Sensor Network
2024-04-24,Islamabad,33.6844,73.0479,22.4,56.2,3.3,14.3,1013.7,404.7,Sensor Network
2024-04-24,Peshawar,34.0151,71.5249,24.1,57.6,6.0,17.2,1016.7,414.3,Satellite Telemetry
2024-04-24,Quetta,30.1798,66.975,19.9,43.8,0.7,11.8,1019.1,397.5,Sensor Network
2024-04-24,Multan,30.1575,71.5249,32.2,52.8,4.8,11.4,1009.2,420.9,Sensor Network
2024-04-24,Hyderabad,25.396,68.3578,28.0,77.4,4.1,16.6,1013.2,416.6,Satellite Telemetry
2024-04-24,Faisalabad,31.4504,73.135,26.5,61.1,3.4,10.8,1011.2,424.9,Weather Station
2024-04-25,Karachi,24.8607,67.0011,29.2,76.2,0.0,13.3,1009.1,421.0,Environmental IoT
2024-04-25,Lahore,31.5204,74.3587,26.5,69.5,5.3,11.6,1014.5,425.0,Satellite Telemetry
2024-04-25,Islamabad,33.6844,73.0479,21.8,57.3,8.3,14.4,1015.9,406.3,Sensor Network
2024-04-25,Peshawar,34.0151,71.5249,23.1,58.8,2.9,27.2,1013.0,412.0,Weather Station
2024-04-25,Quetta,30.1798,66.975,18.8,43.0,4.2,17.9,1018.6,399.2,Weather Station
2024-04-25,Multan,30.1575,71.5249,29.2,53.5,0.0,23.0,1009.9,424.3,Environmental IoT
2024-04-25,Hyderabad,25.396,68.3578,27.7,78.3,4.1,26.0,1014.7,414.1,Weather Station
2024-04-25,Faisalabad,31.4504,73.135,26.8,59.8,6.0,27.5,1010.0,424.7,Sensor Network
2024-04-26,Karachi,24.8607,67.0011,30.3,82.5,1.4,20.3,1013.3,420.1,Satellite Telemetry
2024-04-26,Lahore,31.5204,74.3587,26.3,64.1,2.0,19.5,1016.0,425.5,Environmental IoT
2024-04-26,Islamabad,33.6844,73.0479,22.5,58.6,1.6,12.6,1013.2,408.4,Sensor Network
2024-04-26,Peshawar,34.0151,71.5249,23.6,60.8,1.7,22.9,1015.4,408.8,Weather Station
2024-04-26,Quetta,30.1798,66.975,16.2,46.1,1.4,15.4,1020.9,399.9,Environmental IoT
2024-04-26,Multan,30.1575,71.5249,30.1,52.9,4.1,23.6,1011.5,424.7,Satellite Telemetry
2024-04-26,Hyderabad,25.396,68.3578,30.4,72.9,1.5,26.7,1009.1,416.6,Satellite Telemetry
2024-04-26,Faisalabad,31.4504,73.135,27.4,67.2,2.5,11.6,1012.0,423.8,Satellite Telemetry
2024-04-27,Karachi,24.8607,67.0011,30.6,80.7,0.0,22.1,1008.1,419.1,Environmental IoT
2024-04-27,Lahore,31.5204,74.3587,28.4,68.2,4.8,25.6,1016.5,425.4,Satellite Telemetry
2024-04-27,Islamabad,33.6844,73.0479,21.4,59.7,3.5,10.8,1016.9,404.5,Sensor Network
2024-04-27,Peshawar,34.0151,71.5249,22.2,58.8,1.0,14.6,1013.0,409.2,Environmental IoT
2024-04-27,Quetta,30.1798,66.975,17.0,44.5,1.0,27.6,1020.8,398.2,Weather Station
2024-04-27,Multan,30.1575,71.5249,29.4,57.6,4.6,25.7,1010.5,422.1,Environmental IoT
2024-04-27,Hyderabad,25.396,68.3578,29.6,73.2,3.6,26.8,1011.5,412.8,Environmental IoT
2024-04-27,Faisalabad,31.4504,73.135,29.1,64.7,2.1,22.0,1015.0,427.6,Satellite Telemetry
2024-04-28,Karachi,24.8607,67.0011,30.7,81.6,0.0,25.5,1009.4,419.2,Environmental IoT
2024-04-28,Lahore,31.5204,74.3587,29.0,66.6,2.3,10.6,1013.5,425.2,Environmental IoT
2024-04-28,Islamabad,33.6844,73.0479,23.6,62.0,3.3,25.9,1013.5,408.0,Environmental IoT
2024-04-28,Peshawar,34.0151,71.5249,22.1,60.3,6.8,12.1,1013.1,412.1,Weather Station
2024-04-28,Quetta,30.1798,66.975,16.2,45.8,0.3,14.7,1020.4,400.2,Sensor Network
2024-04-28,Multan,30.1575,71.5249,29.0,58.1,0.0,16.4,1009.0,423.6,Weather Station
2024-04-28,Hyderabad,25.396,68.3578,30.1,74.1,0.1,26.9,1010.9,415.4,Sensor Network
2024-04-28,Faisalabad,31.4504,73.135,29.8,63.9,2.9,15.1,1013.7,422.8,Satellite Telemetry
2024-04-29,Karachi,24.8607,67.0011,30.8,79.2,4.1,17.6,1011.3,422.7,Environmental IoT
2024-04-29,Lahore,31.5204,74.3587,28.3,66.3,4.4,20.1,1013.2,422.7,Satellite Telemetry
2024-04-29,Islamabad,33.6844,73.0479,21.3,60.3,3.8,18.2,1014.7,407.1,Weather Station
2024-04-29,Peshawar,34.0151,71.5249,24.4,57.6,2.3,22.3,1013.2,413.1,Weather Station
2024-04-29,Quetta,30.1798,66.975,17.1,46.5,4.1,22.5,1021.7,399.2,Environmental IoT
2024-04-29,Multan,30.1575,71.5249,31.3,56.7,0.3,10.7,1014.9,418.8,Weather Station
2024-04-29,Hyderabad,25.396,68.3578,27.5,78.2,2.2,13.3,1012.4,417.2,Satellite Telemetry
2024-04-29,Faisalabad,31.4504,73.135,28.7,62.5,6.4,14.9,1014.2,428.7,Weather Station
2024-04-30,Karachi,24.8607,67.0011,30.0,83.7,0.0,23.9,1012.6,421.8,Sensor Network
2024-04-30,Lahore,31.5204,74.3587,27.6,68.3,5.9,12.1,1011.2,426.8,Environmental IoT
2024-04-30,Islamabad,33.6844,73.0479,21.1,62.0,8.9,19.7,1015.8,409.5,Weather Station
2024-04-30,Peshawar,34.0151,71.5249,22.5,55.6,0.9,15.4,1012.8,410.0,Sensor Network
2024-04-30,Quetta,30.1798,66.975,17.9,49.5,2.9,19.0,1016.2,400.6,Sensor Network
2024-04-30,Multan,30.1575,71.5249,29.2,50.7,5.7,14.9,1013.8,424.3,Weather Station
2024-04-30,Hyderabad,25.396,68.3578,30.6,78.9,0.0,12.9,1014.0,413.1,Weather Station
2024-04-30,Faisalabad,31.4504,73.135,26.2,60.5,5.6,27.7,1012.7,425.3,Satellite Telemetry
2024-05-01,Karachi,24.8607,67.0011,33.6,81.0,1.0,20.9,1008.3,422.5,Satellite Telemetry
2024-05-01,Lahore,31.5204,74.3587,32.1,72.2,3.4,18.3,1016.5,425.9,Sensor Network
2024-05-01,Islamabad,33.6844,73.0479,27.7,65.7,4.5,11.0,1014.7,407.5,Sensor Network
2024-05-01,Peshawar,34.0151,71.5249,28.9,59.9,5.6,22.0,1017.8,411.4,Environmental IoT
2024-05-01,Quetta,30.1798,66.975,22.1,44.4,0.0,12.0,1020.6,402.4,Weather Station
2024-05-01,Multan,30.1575,71.5249,33.4,62.1,0.0,15.9,1011.7,419.0,Sensor Network
2024-05-01,Hyderabad,25.396,68.3578,31.8,77.9,4.1,21.7,1009.6,415.8,Environmental IoT
2024-05-01,Faisalabad,31.4504,73.135,32.2,66.3,3.8,12.8,1010.6,426.9,Satellite Telemetry
2024-05-02,Karachi,24.8607,67.0011,34.5,83.7,5.4,27.1,1010.7,417.9,Environmental IoT
2024-05-02,Lahore,31.5204,74.3587,32.8,70.7,4.0,22.9,1013.9,424.6,Environmental IoT
2024-05-02,Islamabad,33.6844,73.0479,27.0,62.1,5.8,24.1,1013.9,406.4,Weather Station
2024-05-02,Peshawar,34.0151,71.5249,26.5,56.2,5.3,20.1,1012.5,412.4,Environmental IoT
2024-05-02,Quetta,30.1798,66.975,22.2,50.8,0.0,11.5,1019.5,402.6,Weather Station
2024-05-02,Multan,30.1575,71.5249,35.2,53.6,1.4,16.4,1010.6,424.6,Satellite Telemetry
2024-05-02,Hyderabad,25.396,68.3578,34.5,80.9,2.8,16.6,1011.7,417.7,Satellite Telemetry
2024-05-02,Faisalabad,31.4504,73.135,33.4,62.9,4.4,24.6,1010.1,422.9,Weather Station
2024-05-03,Karachi,24.8607,67.0011,33.9,79.8,0.0,15.4,1012.9,419.4,Weather Station
2024-05-03,Lahore,31.5204,74.3587,32.7,65.4,5.4,17.9,1015.0,425.1,Environmental IoT
2024-05-03,Islamabad,33.6844,73.0479,27.5,58.9,8.3,21.9,1017.6,407.3,Environmental IoT
2024-05-03,Peshawar,34.0151,71.5249,26.1,60.4,6.6,18.4,1016.5,409.5,Environmental IoT
2024-05-03,Quetta,30.1798,66.975,22.1,45.8,2.4,22.0,1017.8,402.3,Satellite Telemetry
2024-05-03,Multan,30.1575,71.5249,36.1,60.7,0.3,20.9,1011.6,420.6,Environmental IoT
2024-05-03,Hyderabad,25.396,68.3578,33.9,77.2,4.9,11.9,1010.8,414.9,Environmental IoT
2024-05-03,Faisalabad,31.4504,73.135,30.7,63.5,5.0,12.3,1015.2,425.2,Satellite Telemetry
2024-05-04,Karachi,24.8607,67.0011,33.3,87.5,3.7,25.8,1010.5,417.3,Sensor Network
2024-05-04,Lahore,31.5204,74.3587,31.8,65.4,7.1,19.9,1012.7,426.1,Satellite Telemetry
2024-05-04,Islamabad,33.6844,73.0479,27.2,60.7,6.6,16.8,1018.7,409.6,Satellite Telemetry
2024-05-04,Peshawar,34.0151,71.5249,27.2,64.8,0.0,14.8,1013.2,410.5,Satellite Telemetry
2024-05-04,Quetta,30.1798,66.975,22.9,49.8,1.3,26.9,1018.5,397.8,Environmental IoT
2024-05-04,Multan,30.1575,71.5249,36.4,54.7,5.1,16.6,1010.2,418.9,Satellite Telemetry
2024-05-04,Hyderabad,25.396,68.3578,32.2,73.9,1.5,18.6,1011.4,417.3,Weather Station
2024-05-04,Faisalabad,31.4504,73.135,31.3,60.2,5.6,20.3,1012.5,428.7,Sensor Network
2024-05-05,Karachi,24.8607,67.0011,34.6,80.4,3.9,11.4,1011.5,418.9,Sensor Network
2024-05-05,Lahore,31.5204,74.3587,30.5,66.3,0.5,26.2,1011.1,423.7,Sensor Network
2024-05-05,Islamabad,33.6844,73.0479,27.1,63.2,4.4,25.7,1013.3,405.1,Weather Station
2024-05-05,Peshawar,34.0151,71.5249,26.4,65.3,0.0,12.5,1014.1,414.5,Environmental IoT
2024-05-05,Quetta,30.1798,66.975,23.3,51.6,4.0,22.4,1016.1,400.5,Weather Station
2024-05-05,Multan,30.1575,71.5249,36.6,62.3,4.9,15.2,1013.1,418.9,Environmental IoT
2024-05-05,Hyderabad,25.396,68.3578,33.6,80.0,4.3,14.3,1014.5,416.7,Weather Station
2024-05-05,Faisalabad,31.4504,73.135,33.6,69.1,0.0,14.0,1014.2,427.3,Environmental IoT
2024-05-06,Karachi,24.8607,67.0011,32.1,82.6,5.2,10.5,1010.0,418.2,Satellite Telemetry
2024-05-06,Lahore,31.5204,74.3587,29.3,67.0,1.2,14.5,1014.0,426.7,Sensor Network
2024-05-06,Islamabad,33.6844,73.0479,25.6,66.8,7.1,19.6,1017.2,409.3,Environmental IoT
2024-05-06,Peshawar,34.0151,71.5249,26.9,59.6,6.4,20.2,1015.0,411.3,Satellite Telemetry
2024-05-06,Quetta,30.1798,66.975,23.8,44.0,0.0,12.9,1018.9,397.2,Satellite Telemetry
2024-05-06,Multan,30.1575,71.5249,35.1,58.4,2.1,23.8,1010.8,423.5,Satellite Telemetry
2024-05-06,Hyderabad,25.396,68.3578,32.9,81.2,0.0,12.2,1009.6,418.0,Environmental IoT
2024-05-06,Faisalabad,31.4504,73.135,31.0,62.6,2.6,11.0,1010.6,424.4,Environmental IoT
2024-05-07,Karachi,24.8607,67.0011,33.2,81.9,1.4,11.9,1011.8,422.7,Sensor Network
2024-05-07,Lahore,31.5204,74.3587,31.4,71.3,4.0,14.5,1011.9,422.0,Environmental IoT
2024-05-07,Islamabad,33.6844,73.0479,26.3,64.1,7.7,17.5,1018.3,406.4,Weather Station
2024-05-07,Peshawar,34.0151,71.5249,26.6,58.9,1.9,15.9,1017.6,412.6,Environmental IoT
2024-05-07,Quetta,30.1798,66.975,22.9,52.2,0.0,13.6,1020.3,400.3,Environmental IoT
2024-05-07,Multan,30.1575,71.5249,34.5,54.1,2.6,19.3,1013.2,423.5,Satellite Telemetry
2024-05-07,Hyderabad,25.396,68.3578,33.5,77.0,1.0,22.0,1012.1,418.4,Environmental IoT
2024-05-07,Faisalabad,31.4504,73.135,31.5,65.9,6.3,27.2,1012.5,423.6,Weather Station
2024-05-08,Karachi,24.8607,67.0011,34.7,79.0,4.0,26.1,1009.9,417.9,Satellite Telemetry
2024-05-08,Lahore,31.5204,74.3587,29.3,67.5,5.6,17.3,1014.9,421.7,Satellite Telemetry
2024-05-08,Islamabad,33.6844,73.0479,27.5,65.3,3.7,12.7,1014.1,409.6,Satellite Telemetry
2024-05-08,Peshawar,34.0151,71.5249,27.3,59.2,6.8,13.5,1012.9,411.9,Sensor Network
2024-05-08,Quetta,30.1798,66.975,22.5,45.2,0.0,13.6,1017.7,398.5,Sensor Network
2024-05-08,Multan,30.1575,71.5249,33.9,54.4,2.6,18.5,1012.7,423.0,Satellite Telemetry
2024-05-08,Hyderabad,25.396,68.3578,34.8,81.2,4.0,22.2,1013.2,417.0,Weather Station
2024-05-08,Faisalabad,31.4504,73.135,32.3,63.0,0.0,13.3,1014.4,427.0,Weather Station
2024-05-09,Karachi,24.8607,67.0011,34.0,81.9,0.0,26.3,1010.4,419.1,Environmental IoT
2024-05-09,Lahore,31.5204,74.3587,32.1,64.4,6.4,27.2,1015.1,425.8,Sensor Network
2024-05-09,Islamabad,33.6844,73.0479,27.2,63.4,3.0,15.0,1016.6,407.3,Satellite Telemetry
2024-05-09,Peshawar,34.0151,71.5249,28.4,63.2,0.0,24.1,1015.0,409.0,Satellite Telemetry
2024-05-09,Quetta,30.1798,66.975,21.4,50.5,1.6,18.6,1019.5,400.4,Satellite Telemetry
2024-05-09,Multan,30.1575,71.5249,34.2,54.0,0.0,27.4,1013.9,423.3,Environmental IoT
2024-05-09,Hyderabad,25.396,68.3578,31.2,76.4,1.3,25.3,1009.3,413.9,Environmental IoT
2024-05-09,Faisalabad,31.4504,73.135,32.4,60.1,1.6,17.0,1014.1,424.4,Sensor Network
2024-05-10,Karachi,24.8607,67.0011,34.8,81.4,0.0,12.5,1012.4,420.9,Satellite Telemetry
2024-05-10,Lahore,31.5204,74.3587,29.1,71.8,6.8,13.0,1014.2,422.7,Sensor Network
2024-05-10,Islamabad,33.6844,73.0479,27.4,63.7,2.8,10.1,1016.2,408.7,Satellite Telemetry
2024-05-10,Peshawar,34.0151,71.5249,28.4,59.3,0.0,11.6,1014.2,413.7,Satellite Telemetry
2024-05-10,Quetta,30.1798,66.975,20.3,52.4,2.4,13.3,1019.3,399.4,Sensor Network
2024-05-10,Multan,30.1575,71.5249,34.3,57.8,1.9,17.8,1014.0,421.0,Environmental IoT
2024-05-10,Hyderabad,25.396,68.3578,31.2,76.2,5.0,19.5,1009.7,418.0,Environmental IoT
2024-05-10,Faisalabad,31.4504,73.135,31.7,67.3,4.2,10.7,1014.1,423.7,Weather Station
2024-05-11,Karachi,24.8607,67.0011,33.2,86.1,1.0,26.5,1010.3,417.0,Sensor Network
2024-05-11,Lahore,31.5204,74.3587,30.6,68.6,2.1,21.2,1016.3,424.1,Satellite Telemetry
2024-05-11,Islamabad,33.6844,73.0479,25.1,62.0,7.2,25.5,1017.2,405.5,Weather Station
2024-05-11,Peshawar,34.0151,71.5249,29.4,65.0,3.4,16.2,1012.2,411.7,Weather Station
2024-05-11,Quetta,30.1798,66.975,22.5,52.8,0.0,20.8,1020.6,399.7,Weather Station
2024-05-11,Multan,30.1575,71.5249,33.8,59.1,0.0,24.5,1012.4,420.0,Satellite Telemetry
2024-05-11,Hyderabad,25.396,68.3578,33.1,73.9,3.7,21.1,1010.5,418.3,Satellite Telemetry
2024-05-11,Faisalabad,31.4504,73.135,34.0,69.7,0.0,16.1,1015.7,424.0,Weather Station
2024-05-12,Karachi,24.8607,67.0011,32.5,86.1,3.9,13.0,1010.9,419.7,Sensor Network
2024-05-12,Lahore,31.5204,74.3587,31.4,66.4,4.6,19.5,1016.1,424.8,Environmental IoT
2024-05-12,Islamabad,33.6844,73.0479,27.3,61.5,7.6,17.0,1017.1,404.1,Environmental IoT
2024-05-12,Peshawar,34.0151,71.5249,27.4,58.2,3.6,10.1,1012.0,409.7,Satellite Telemetry
2024-05-12,Quetta,30.1798,66.975,21.2,47.7,3.4,23.7,1019.0,397.2,Sensor Network
2024-05-12,Multan,30.1575,71.5249,36.8,57.5,4.5,16.3,1010.0,420.2,Satellite Telemetry
2024-05-12,Hyderabad,25.396,68.3578,31.1,73.9,0.3,20.3,1009.2,415.4,Sensor Network
2024-05-12,Faisalabad,31.4504,73.135,31.2,66.1,0.0,19.0,1014.0,428.4,Weather Station
2024-05-13,Karachi,24.8607,67.0011,34.8,84.5,3.8,16.7,1013.9,419.0,Weather Station
2024-05-13,Lahore,31.5204,74.3587,32.2,69.2,1.5,17.8,1013.9,425.3,Weather Station
2024-05-13,Islamabad,33.6844,73.0479,25.3,59.9,4.2,11.3,1017.7,407.7,Sensor Network
2024-05-13,Peshawar,34.0151,71.5249,28.3,57.0,0.0,23.6,1015.7,414.1,Weather Station
2024-05-13,Quetta,30.1798,66.975,21.0,52.0,4.1,15.7,1017.5,398.9,Weather Station
2024-05-13,Multan,30.1575,71.5249,35.1,60.6,3.8,25.8,1013.0,419.1,Weather Station
2024-05-13,Hyderabad,25.396,68.3578,32.9,82.4,2.7,25.8,1011.7,418.4,Satellite Telemetry
2024-05-13,Faisalabad,31.4504,73.135,31.2,64.9,2.1,25.1,1013.2,426.4,Satellite Telemetry
2024-05-14,Karachi,24.8607,67.0011,35.8,87.2,2.3,11.0,1010.0,421.5,Environmental IoT
2024-05-14,Lahore,31.5204,74.3587,29.5,71.7,1.9,27.3,1016.7,421.1,Weather Station
2024-05-14,Islamabad,33.6844,73.0479,25.4,59.1,3.2,14.1,1015.9,406.1,Satellite Telemetry
2024-05-14,Peshawar,34.0151,71.5249,26.6,61.0,0.3,24.9,1015.6,411.4,Satellite Telemetry
2024-05-14,Quetta,30.1798,66.975,23.1,44.2,3.1,26.0,1021.7,398.2,Sensor Network
2024-05-14,Multan,30.1575,71.5249,34.9,62.8,1.7,13.9,1014.8,420.5,Environmental IoT
2024-05-14,Hyderabad,25.396,68.3578,33.2,78.6,2.6,11.8,1013.2,415.4,Environmental IoT
2024-05-14,Faisalabad,31.4504,73.135,33.2,66.0,0.2,17.8,1011.7,427.7,Weather Station
2024-05-15,Karachi,24.8607,67.0011,34.2,82.6,5.5,19.6,1009.8,418.0,Satellite Telemetry
2024-05-15,Lahore,31.5204,74.3587,30.1,63.7,1.2,24.3,1014.6,426.9,Weather Station
2024-05-15,Islamabad,33.6844,73.0479,28.0,65.6,6.3,21.6,1017.6,405.7,Environmental IoT
2024-05-15,Peshawar,34.0151,71.5249,27.8,63.4,4.0,14.8,1018.0,414.5,Weather Station
2024-05-15,Quetta,30.1798,66.975,22.2,45.3,0.0,12.9,1019.8,397.5,Sensor Network
2024-05-15,Multan,30.1575,71.5249,35.4,61.3,0.9,20.7,1013.7,419.1,Environmental IoT
2024-05-15,Hyderabad,25.396,68.3578,32.4,73.8,5.7,13.0,1011.4,416.4,Sensor Network
2024-05-15,Faisalabad,31.4504,73.135,32.6,63.0,0.0,20.9,1012.5,428.8,Weather Station
2024-05-16,Karachi,24.8607,67.0011,32.3,85.3,2.0,26.0,1010.5,422.7,Environmental IoT
2024-05-16,Lahore,31.5204,74.3587,29.2,66.7,3.3,24.0,1015.8,425.9,Satellite Telemetry
2024-05-16,Islamabad,33.6844,73.0479,27.6,67.2,4.4,23.4,1018.4,408.9,Weather Station
2024-05-16,Peshawar,34.0151,71.5249,30.0,62.1,5.8,15.7,1013.8,414.5,Weather Station
2024-05-16,Quetta,30.1798,66.975,21.5,50.7,0.5,16.6,1019.7,399.6,Sensor Network
2024-05-16,Multan,30.1575,71.5249,34.3,60.9,1.1,22.7,1009.8,421.5,Environmental IoT
2024-05-16,Hyderabad,25.396,68.3578,32.2,73.3,2.8,25.6,1012.5,416.1,Environmental IoT
2024-05-16,Faisalabad,31.4504,73.135,33.5,67.1,0.3,24.8,1010.1,428.3,Environmental IoT
2024-05-17,Karachi,24.8607,67.0011,35.9,84.6,0.0,11.6,1012.5,420.4,Sensor Network
2024-05-17,Lahore,31.5204,74.3587,31.1,68.1,1.8,21.0,1015.8,421.6,Weather Station
2024-05-17,Islamabad,33.6844,73.0479,25.8,66.3,2.4,18.5,1018.8,408.0,Environmental IoT
2024-05-17,Peshawar,34.0151,71.5249,26.2,57.4,5.8,14.8,1017.4,414.5,Weather Station
2024-05-17,Quetta,30.1798,66.975,20.5,51.7,0.0,20.2,1018.6,401.3,Weather Station
2024-05-17,Multan,30.1575,71.5249,34.5,56.5,0.0,18.3,1012.4,419.7,Environmental IoT
2024-05-17,Hyderabad,25.396,68.3578,32.9,79.3,0.5,11.2,1010.0,415.6,Satellite Telemetry
2024-05-17,Faisalabad,31.4504,73.135,32.0,69.3,5.5,16.4,1015.1,424.7,Environmental IoT
2024-05-18,Karachi,24.8607,67.0011,34.2,83.6,5.3,11.8,1011.4,418.3,Weather Station
2024-05-18,Lahore,31.5204,74.3587,30.1,63.9,2.2,14.3,1016.9,425.0,Environmental IoT
2024-05-18,Islamabad,33.6844,73.0479,27.7,66.0,7.5,20.4,1016.5,404.5,Satellite Telemetry
2024-05-18,Peshawar,34.0151,71.5249,28.0,62.7,0.4,22.6,1017.9,409.8,Environmental IoT
2024-05-18,Quetta,30.1798,66.975,23.2,43.1,0.0,25.4,1021.5,399.4,Satellite Telemetry
2024-05-18,Multan,30.1575,71.5249,34.5,54.1,0.0,18.3,1009.5,425.0,Weather Station
2024-05-18,Hyderabad,25.396,68.3578,32.1,82.6,4.9,14.4,1013.3,418.1,Sensor Network
2024-05-18,Faisalabad,31.4504,73.135,31.1,66.4,6.5,24.2,1012.9,427.6,Sensor Network
2024-05-19,Karachi,24.8607,67.0011,33.7,87.1,2.9,25.7,1012.0,420.0,Weather Station
2024-05-19,Lahore,31.5204,74.3587,32.0,66.8,0.1,23.1,1013.8,425.0,Weather Station
2024-05-19,Islamabad,33.6844,73.0479,25.4,64.0,3.1,13.4,1017.5,406.1,Weather Station
2024-05-19,Peshawar,34.0151,71.5249,27.2,61.8,1.9,16.8,1015.7,410.0,Environmental IoT
2024-05-19,Quetta,30.1798,66.975,23.5,46.1,0.0,13.1,1016.4,401.7,Environmental IoT
2024-05-19,Multan,30.1575,71.5249,35.1,56.7,4.7,23.0,1014.7,419.4,Weather Station
2024-05-19,Hyderabad,25.396,68.3578,32.9,75.4,3.5,24.2,1010.0,413.7,Sensor Network
2024-05-19,Faisalabad,31.4504,73.135,33.9,62.8,6.3,17.4,1015.0,425.1,Environmental IoT
2024-05-20,Karachi,24.8607,67.0011,35.5,78.4,0.0,16.9,1009.0,422.3,Satellite Telemetry
2024-05-20,Lahore,31.5204,74.3587,31.6,66.2,3.6,28.0,1013.3,421.3,Satellite Telemetry
2024-05-20,Islamabad,33.6844,73.0479,27.0,66.1,7.4,26.0,1018.5,410.0,Satellite Telemetry
2024-05-20,Peshawar,34.0151,71.5249,29.4,64.4,3.9,13.5,1014.4,409.6,Satellite Telemetry
2024-05-20,Quetta,30.1798,66.975,20.0,48.6,4.9,24.7,1021.1,403.1,Sensor Network
2024-05-20,Multan,30.1575,71.5249,35.4,57.9,0.9,26.0,1010.1,424.2,Satellite Telemetry
2024-05-20,Hyderabad,25.396,68.3578,34.0,80.5,0.0,11.4,1009.1,416.5,Environmental IoT
2024-05-20,Faisalabad,31.4504,73.135,31.1,66.5,0.5,21.5,1015.9,425.5,Satellite Telemetry
2024-05-21,Karachi,24.8607,67.0011,34.5,87.8,0.0,22.3,1013.6,419.0,Weather Station
2024-05-21,Lahore,31.5204,74.3587,29.9,72.4,3.5,11.5,1013.4,425.8,Environmental IoT
2024-05-21,Islamabad,33.6844,73.0479,24.1,61.2,5.1,20.5,1016.6,406.4,Satellite Telemetry
2024-05-21,Peshawar,34.0151,71.5249,26.9,62.5,3.9,22.6,1014.3,413.0,Weather Station
2024-05-21,Quetta,30.1798,66.975,20.7,45.6,4.3,12.2,1017.1,397.4,Environmental IoT
2024-05-21,Multan,30.1575,71.5249,34.9,60.4,0.0,24.1,1012.6,424.2,Sensor Network
2024-05-21,Hyderabad,25.396,68.3578,31.8,77.8,6.1,27.9,1012.0,414.8,Sensor Network
2024-05-21,Faisalabad,31.4504,73.135,33.2,68.5,0.0,12.4,1015.9,423.4,Sensor Network
2024-05-22,Karachi,24.8607,67.0011,32.9,85.9,4.1,20.5,1009.4,421.1,Sensor Network
2024-05-22,Lahore,31.5204,74.3587,31.0,69.6,3.5,27.3,1013.7,424.3,Weather Station
2024-05-22,Islamabad,33.6844,73.0479,26.9,61.2,3.6,10.0,1016.3,406.4,Satellite Telemetry
2024-05-22,Peshawar,34.0151,71.5249,29.8,64.4,2.3,16.0,1013.7,414.5,Sensor Network
2024-05-22,Quetta,30.1798,66.975,20.7,49.7,4.4,23.0,1017.4,401.2,Environmental IoT
2024-05-22,Multan,30.1575,71.5249,36.2,56.6,3.6,16.8,1014.7,420.9,Sensor Network
2024-05-22,Hyderabad,25.396,68.3578,32.8,73.0,3.5,26.2,1013.8,418.4,Environmental IoT
2024-05-22,Faisalabad,31.4504,73.135,31.4,69.2,5.9,20.5,1015.6,428.7,Weather Station
2024-05-23,Karachi,24.8607,67.0011,34.5,78.3,0.0,12.2,1010.2,422.1,Environmental IoT
2024-05-23,Lahore,31.5204,74.3587,29.9,68.8,5.5,25.7,1016.6,422.4,Sensor Network
2024-05-23,Islamabad,33.6844,73.0479,27.7,60.0,6.7,25.7,1014.7,405.4,Sensor Network
2024-05-23,Peshawar,34.0151,71.5249,28.8,63.5,3.8,23.2,1015.8,410.6,Environmental IoT
2024-05-23,Quetta,30.1798,66.975,23.4,50.5,2.2,12.6,1019.7,398.4,Weather Station
2024-05-23,Multan,30.1575,71.5249,36.8,54.9,5.1,20.2,1009.1,419.4,Environmental IoT
2024-05-23,Hyderabad,25.396,68.3578,32.2,78.4,0.0,22.2,1009.5,416.2,Satellite Telemetry
2024-05-23,Faisalabad,31.4504,73.135,33.2,69.6,0.0,19.2,1014.4,425.9,Sensor Network
2024-05-24,Karachi,24.8607,67.0011,33.8,83.6,0.0,12.8,1011.4,417.3,Sensor Network
2024-05-24,Lahore,31.5204,74.3587,30.8,67.6,5.2,16.1,1014.7,424.7,Satellite Telemetry
2024-05-24,Islamabad,33.6844,73.0479,25.9,63.9,8.9,14.0,1016.7,407.1,Environmental IoT
2024-05-24,Peshawar,34.0151,71.5249,27.9,57.7,2.2,10.8,1015.8,413.8,Environmental IoT
2024-05-24,Quetta,30.1798,66.975,20.7,43.3,1.3,19.7,1020.5,398.2,Sensor Network
2024-05-24,Multan,30.1575,71.5249,35.2,53.5,3.2,12.8,1014.4,419.2,Sensor Network
2024-05-24,Hyderabad,25.396,68.3578,34.8,79.2,1.1,23.5,1009.8,418.1,Sensor Network
2024-05-24,Faisalabad,31.4504,73.135,32.1,65.5,0.0,10.7,1012.1,427.3,Weather Station
2024-05-25,Karachi,24.8607,67.0011,33.6,80.2,4.8,11.0,1009.4,419.5,Satellite Telemetry
2024-05-25,Lahore,31.5204,74.3587,32.1,72.2,4.6,22.8,1014.0,425.1,Sensor Network
2024-05-25,Islamabad,33.6844,73.0479,26.6,63.8,4.3,12.4,1017.1,404.4,Satellite Telemetry
2024-05-25,Peshawar,34.0151,71.5249,27.8,57.3,3.1,18.6,1016.1,414.6,Weather Station
2024-05-25,Quetta,30.1798,66.975,20.8,43.7,4.1,18.2,1018.4,400.5,Satellite Telemetry
2024-05-25,Multan,30.1575,71.5249,36.0,58.2,1.3,10.8,1013.3,423.1,Satellite Telemetry
2024-05-25,Hyderabad,25.396,68.3578,31.1,81.4,4.0,20.9,1013.5,413.5,Environmental IoT
2024-05-25,Faisalabad,31.4504,73.135,31.8,64.2,5.8,25.1,1014.3,424.2,Weather Station
2024-05-26,Karachi,24.8607,67.0011,33.0,83.3,0.0,15.9,1010.9,422.3,Sensor Network
2024-05-26,Lahore,31.5204,74.3587,29.1,72.1,6.9,15.0,1016.4,422.1,Satellite Telemetry
2024-05-26,Islamabad,33.6844,73.0479,26.6,64.2,1.5,26.6,1017.8,406.4,Environmental IoT
2024-05-26,Peshawar,34.0151,71.5249,27.2,64.9,0.8,16.2,1017.5,414.8,Sensor Network
2024-05-26,Quetta,30.1798,66.975,23.0,43.1,0.0,14.6,1017.9,398.6,Weather Station
2024-05-26,Multan,30.1575,71.5249,33.4,57.6,2.0,10.6,1014.7,425.1,Sensor Network
2024-05-26,Hyderabad,25.396,68.3578,32.3,76.1,2.7,23.0,1009.8,418.3,Satellite Telemetry
2024-05-26,Faisalabad,31.4504,73.135,30.5,62.4,2.2,16.9,1012.3,427.3,Satellite Telemetry
2024-05-27,Karachi,24.8607,67.0011,34.7,78.7,3.9,10.7,1009.3,419.9,Environmental IoT
2024-05-27,Lahore,31.5204,74.3587,32.7,67.8,4.0,24.8,1016.5,422.2,Sensor Network
2024-05-27,Islamabad,33.6844,73.0479,25.9,63.9,5.5,17.0,1015.0,408.6,Environmental IoT
2024-05-27,Peshawar,34.0151,71.5249,27.6,62.5,1.8,25.1,1016.6,415.0,Satellite Telemetry
2024-05-27,Quetta,30.1798,66.975,22.4,52.4,0.5,27.6,1020.6,402.7,Satellite Telemetry
2024-05-27,Multan,30.1575,71.5249,35.5,59.1,2.6,15.5,1013.2,424.3,Sensor Network
2024-05-27,Hyderabad,25.396,68.3578,33.6,80.1,5.8,17.6,1011.5,415.9,Sensor Network
2024-05-27,Faisalabad,31.4504,73.135,32.5,60.3,5.3,26.8,1012.5,423.5,Environmental IoT
2024-05-28,Karachi,24.8607,67.0011,33.1,85.3,0.0,25.0,1013.7,422.9,Sensor Network
2024-05-28,Lahore,31.5204,74.3587,32.1,71.8,5.3,19.4,1012.7,424.5,Environmental IoT
2024-05-28,Islamabad,33.6844,73.0479,24.5,62.5,1.8,15.8,1017.0,406.1,Sensor Network
2024-05-28,Peshawar,34.0151,71.5249,28.4,59.7,4.5,18.8,1015.6,412.8,Satellite Telemetry
2024-05-28,Quetta,30.1798,66.975,20.6,44.0,0.0,25.8,1019.7,399.1,Satellite Telemetry
2024-05-28,Multan,30.1575,71.5249,33.5,55.0,1.0,19.4,1009.4,423.0,Satellite Telemetry
2024-05-28,Hyderabad,25.396,68.3578,31.6,82.9,5.4,11.5,1013.5,416.7,Weather Station
2024-05-28,Faisalabad,31.4504,73.135,32.9,68.0,0.1,17.1,1013.6,427.6,Weather Station
2024-05-29,Karachi,24.8607,67.0011,32.4,87.5,0.0,24.2,1013.5,418.9,Environmental IoT
2024-05-29,Lahore,31.5204,74.3587,32.9,72.1,3.2,15.8,1011.9,421.6,Environmental IoT
2024-05-29,Islamabad,33.6844,73.0479,26.3,58.2,3.3,18.3,1014.6,406.2,Weather Station
2024-05-29,Peshawar,34.0151,71.5249,27.8,62.5,4.7,17.7,1017.0,410.9,Sensor Network
2024-05-29,Quetta,30.1798,66.975,20.6,49.5,0.0,18.4,1019.0,398.1,Environmental IoT
2024-05-29,Multan,30.1575,71.5249,36.3,56.9,2.9,20.1,1012.5,421.8,Sensor Network
2024-05-29,Hyderabad,25.396,68.3578,31.0,76.1,2.0,13.4,1010.8,413.7,Environmental IoT
2024-05-29,Faisalabad,31.4504,73.135,33.1,63.3,3.9,18.0,1011.5,428.0,Weather Station
2024-05-30,Karachi,24.8607,67.0011,35.5,82.1,2.2,26.9,1010.3,418.7,Environmental IoT
2024-05-30,Lahore,31.5204,74.3587,31.8,63.2,5.5,19.6,1014.9,425.2,Sensor Network
2024-05-30,Islamabad,33.6844,73.0479,25.0,59.6,3.8,17.0,1016.8,407.1,Sensor Network
2024-05-30,Peshawar,34.0151,71.5249,28.5,60.9,1.3,16.0,1014.2,411.9,Satellite Telemetry
2024-05-30,Quetta,30.1798,66.975,21.6,50.8,0.0,19.7,1017.8,399.7,Satellite Telemetry
2024-05-30,Multan,30.1575,71.5249,35.0,57.4,3.3,24.0,1009.4,422.1,Sensor Network
2024-05-30,Hyderabad,25.396,68.3578,31.1,74.4,3.1,13.7,1013.4,416.3,Sensor Network
2024-05-30,Faisalabad,31.4504,73.135,32.2,69.0,3.8,14.4,1010.9,424.2,Weather Station
2024-05-31,Karachi,24.8607,67.0011,33.0,84.6,3.6,18.4,1009.7,418.9,Sensor Network
2024-05-31,Lahore,31.5204,74.3587,31.5,72.7,5.1,22.2,1013.9,426.4,Satellite Telemetry
2024-05-31,Islamabad,33.6844,73.0479,24.5,63.9,5.1,18.3,1013.1,405.9,Environmental IoT
2024-05-31,Peshawar,34.0151,71.5249,28.9,62.3,1.8,13.5,1017.4,411.9,Weather Station
2024-05-31,Quetta,30.1798,66.975,20.9,46.9,0.9,27.4,1017.4,398.2,Satellite Telemetry
2024-05-31,Multan,30.1575,71.5249,33.8,56.0,4.0,17.6,1012.5,423.5,Sensor Network
2024-05-31,Hyderabad,25.396,68.3578,32.9,82.3,0.7,18.1,1013.3,418.9,Weather Station
2024-05-31,Faisalabad,31.4504,73.135,30.5,63.8,3.8,10.0,1014.2,428.4,Environmental IoT
2024-06-01,Karachi,24.8607,67.0011,38.8,89.0,0.6,17.2,1012.7,422.1,Environmental IoT
2024-06-01,Lahore,31.5204,74.3587,32.4,66.5,0.0,24.0,1016.2,422.3,Weather Station
2024-06-01,Islamabad,33.6844,73.0479,29.5,60.4,3.3,17.8,1018.4,408.6,Sensor Network
2024-06-01,Peshawar,34.0151,71.5249,32.4,64.7,3.5,12.0,1016.8,412.6,Sensor Network
2024-06-01,Quetta,30.1798,66.975,24.5,50.1,5.1,17.3,1016.6,398.0,Weather Station
2024-06-01,Multan,30.1575,71.5249,37.6,56.3,5.1,20.2,1013.6,420.8,Weather Station
2024-06-01,Hyderabad,25.396,68.3578,35.0,80.9,0.0,18.7,1009.5,418.3,Environmental IoT
2024-06-01,Faisalabad,31.4504,73.135,33.1,66.1,0.2,18.6,1015.3,428.9,Satellite Telemetry
2024-06-02,Karachi,24.8607,67.0011,37.2,88.7,0.0,19.7,1013.1,417.4,Weather Station
2024-06-02,Lahore,31.5204,74.3587,34.5,73.1,7.2,19.5,1013.3,421.4,Sensor Network
2024-06-02,Islamabad,33.6844,73.0479,28.2,59.7,1.9,12.0,1017.4,405.8,Satellite Telemetry
2024-06-02,Peshawar,34.0151,71.5249,29.3,64.2,0.3,20.9,1016.1,410.2,Weather Station
2024-06-02,Quetta,30.1798,66.975,25.6,50.2,0.0,23.0,1019.5,402.1,Environmental IoT
2024-06-02,Multan,30.1575,71.5249,36.9,62.7,4.6,15.6,1010.5,421.5,Environmental IoT
2024-06-02,Hyderabad,25.396,68.3578,35.3,77.1,1.9,26.0,1009.4,418.2,Environmental IoT
2024-06-02,Faisalabad,31.4504,73.135,35.2,70.4,1.6,16.7,1011.7,423.7,Environmental IoT
2024-06-03,Karachi,24.8607,67.0011,36.5,85.0,4.7,25.8,1009.3,422.0,Sensor Network
2024-06-03,Lahore,31.5204,74.3587,34.4,66.6,6.5,17.2,1014.1,424.6,Environmental IoT
2024-06-03,Islamabad,33.6844,73.0479,29.3,67.0,1.7,14.6,1017.1,410.2,Environmental IoT
2024-06-03,Peshawar,34.0151,71.5249,30.6,64.2,1.7,26.7,1016.4,410.9,Environmental IoT
2024-06-03,Quetta,30.1798,66.975,24.6,48.1,0.0,23.8,1019.8,401.4,Environmental IoT
2024-06-03,Multan,30.1575,71.5249,36.7,63.3,1.9,13.7,1012.4,424.3,Sensor Network
2024-06-03,Hyderabad,25.396,68.3578,35.1,75.9,0.0,23.9,1011.7,417.7,Satellite Telemetry
2024-06-03,Faisalabad,31.4504,73.135,36.7,69.8,2.6,21.9,1011.9,427.1,Sensor Network
2024-06-04,Karachi,24.8607,67.0011,37.8,79.6,0.0,17.8,1009.3,419.0,Weather Station
2024-06-04,Lahore,31.5204,74.3587,34.2,65.9,2.8,12.5,1015.9,426.5,Satellite Telemetry
2024-06-04,Islamabad,33.6844,73.0479,29.8,69.1,1.8,19.1,1018.1,407.9,Weather Station
2024-06-04,Peshawar,34.0151,71.5249,30.3,62.5,3.5,22.9,1015.9,412.4,Sensor Network
2024-06-04,Quetta,30.1798,66.975,26.2,53.7,0.0,11.7,1016.1,401.2,Environmental IoT
2024-06-04,Multan,30.1575,71.5249,36.3,61.2,0.0,26.7,1011.5,423.8,Weather Station
2024-06-04,Hyderabad,25.396,68.3578,34.2,83.0,3.1,24.9,1013.1,418.4,Weather Station
2024-06-04,Faisalabad,31.4504,73.135,33.9,69.2,1.7,21.5,1014.3,424.2,Satellite Telemetry
2024-06-05,Karachi,24.8607,67.0011,37.9,86.4,0.0,19.5,1013.2,423.1,Environmental IoT
2024-06-05,Lahore,31.5204,74.3587,33.4,69.3,2.1,23.3,1012.6,425.4,Weather Station
2024-06-05,Islamabad,33.6844,73.0479,30.3,61.5,3.4,17.4,1016.3,408.4,Satellite Telemetry
2024-06-05,Peshawar,34.0151,71.5249,29.1,59.9,4.7,13.7,1015.5,409.6,Satellite Telemetry
2024-06-05,Quetta,30.1798,66.975,25.3,45.7,0.0,21.1,1019.5,398.4,Weather Station
2024-06-05,Multan,30.1575,71.5249,36.7,63.4,0.0,22.1,1009.3,420.6,Weather Station
2024-06-05,Hyderabad,25.396,68.3578,35.4,80.0,1.9,17.1,1014.8,416.6,Environmental IoT
2024-06-05,Faisalabad,31.4504,73.135,33.0,64.9,3.9,19.3,1011.4,428.3,Sensor Network
2024-06-06,Karachi,24.8607,67.0011,36.3,79.8,0.0,18.9,1011.0,418.6,Satellite Telemetry
2024-06-06,Lahore,31.5204,74.3587,32.2,69.7,3.0,23.2,1016.6,424.6,Environmental IoT
2024-06-06,Islamabad,33.6844,73.0479,27.6,66.8,2.2,17.7,1013.7,406.4,Weather Station
2024-06-06,Peshawar,34.0151,71.5249,32.1,61.8,1.3,17.7,1015.1,413.5,Environmental IoT
2024-06-06,Quetta,30.1798,66.975,25.5,48.6,1.1,13.2,1018.4,403.3,Environmental IoT
2024-06-06,Multan,30.1575,71.5249,38.8,61.2,3.6,13.1,1014.8,422.2,Environmental IoT
2024-06-06,Hyderabad,25.396,68.3578,34.4,77.8,0.5,26.4,1015.0,419.3,Sensor Network
2024-06-06,Faisalabad,31.4504,73.135,34.7,67.5,4.8,15.3,1014.8,428.9,Satellite Telemetry
2024-06-07,Karachi,24.8607,67.0011,37.7,88.0,0.0,18.7,1008.1,421.4,Weather Station
2024-06-07,Lahore,31.5204,74.3587,33.3,65.7,4.8,22.4,1015.8,426.9,Sensor Network
2024-06-07,Islamabad,33.6844,73.0479,27.2,68.0,4.5,17.4,1015.5,408.9,Sensor Network
2024-06-07,Peshawar,34.0151,71.5249,31.4,66.6,6.2,11.7,1014.9,410.7,Weather Station
2024-06-07,Quetta,30.1798,66.975,24.6,44.8,0.0,16.0,1019.5,398.8,Sensor Network
2024-06-07,Multan,30.1575,71.5249,39.1,58.1,5.7,25.3,1014.6,422.1,Environmental IoT
2024-06-07,Hyderabad,25.396,68.3578,34.6,76.2,1.1,25.2,1009.5,416.5,Satellite Telemetry
2024-06-07,Faisalabad,31.4504,73.135,36.2,61.9,3.3,18.1,1012.3,427.9,Sensor Network
2024-06-08,Karachi,24.8607,67.0011,35.7,81.6,1.6,16.9,1013.2,419.7,Sensor Network
2024-06-08,Lahore,31.5204,74.3587,34.6,69.6,7.2,17.2,1015.2,425.7,Satellite Telemetry
2024-06-08,Islamabad,33.6844,73.0479,27.1,68.8,6.3,20.7,1014.8,407.6,Environmental IoT
2024-06-08,Peshawar,34.0151,71.5249,30.1,62.2,6.2,18.2,1015.0,411.9,Weather Station
2024-06-08,Quetta,30.1798,66.975,26.0,48.0,0.4,11.7,1018.8,398.4,Sensor Network
2024-06-08,Multan,30.1575,71.5249,36.2,63.0,0.6,16.9,1012.2,424.5,Satellite Telemetry
2024-06-08,Hyderabad,25.396,68.3578,34.8,83.6,0.0,13.4,1014.2,417.0,Sensor Network
2024-06-08,Faisalabad,31.4504,73.135,35.6,62.9,0.0,27.7,1011.0,427.5,Sensor Network
2024-06-09,Karachi,24.8607,67.0011,37.1,84.7,2.0,19.0,1010.4,418.2,Weather Station
2024-06-09,Lahore,31.5204,74.3587,33.0,71.4,6.0,18.0,1013.0,422.7,Environmental IoT
2024-06-09,Islamabad,33.6844,73.0479,30.9,61.7,4.6,17.6,1018.7,406.3,Satellite Telemetry
2024-06-09,Peshawar,34.0151,71.5249,31.9,59.8,0.4,16.3,1016.5,412.0,Weather Station
2024-06-09,Quetta,30.1798,66.975,23.1,48.5,3.6,13.8,1020.3,402.1,Satellite Telemetry
2024-06-09,Multan,30.1575,71.5249,36.3,63.9,3.5,20.7,1010.8,422.1,Environmental IoT
2024-06-09,Hyderabad,25.396,68.3578,35.2,78.6,0.0,10.6,1013.9,415.6,Environmental IoT
2024-06-09,Faisalabad,31.4504,73.135,33.4,71.4,0.0,18.7,1011.0,425.1,Environmental IoT
2024-06-10,Karachi,24.8607,67.0011,38.9,87.5,0.0,27.7,1013.8,420.3,Sensor Network
2024-06-10,Lahore,31.5204,74.3587,35.7,72.3,0.0,25.7,1012.9,427.4,Weather Station
2024-06-10,Islamabad,33.6844,73.0479,29.7,69.2,5.3,24.4,1016.3,407.8,Satellite Telemetry
2024-06-10,Peshawar,34.0151,71.5249,30.7,62.1,4.0,25.5,1012.4,411.6,Weather Station
2024-06-10,Quetta,30.1798,66.975,25.3,52.4,4.8,18.9,1019.7,397.4,Weather Station
2024-06-10,Multan,30.1575,71.5249,36.5,62.7,1.5,16.0,1012.8,424.9,Environmental IoT
2024-06-10,Hyderabad,25.396,68.3578,35.0,80.5,3.7,18.1,1010.9,415.3,Weather Station
2024-06-10,Faisalabad,31.4504,73.135,36.6,63.2,4.3,13.0,1010.9,424.3,Sensor Network
2024-06-11,Karachi,24.8607,67.0011,35.3,86.5,4.2,25.3,1011.2,418.9,Sensor Network
2024-06-11,Lahore,31.5204,74.3587,32.9,65.8,0.2,13.3,1016.0,426.5,Weather Station
2024-06-11,Islamabad,33.6844,73.0479,27.1,62.6,7.4,19.6,1016.8,407.9,Satellite Telemetry
2024-06-11,Peshawar,34.0151,71.5249,29.3,64.9,1.4,21.7,1014.6,411.2,Environmental IoT
2024-06-11,Quetta,30.1798,66.975,25.5,53.7,1.7,23.9,1018.1,401.6,Weather Station
2024-06-11,Multan,30.1575,71.5249,39.9,64.4,0.0,20.1,1014.2,425.1,Weather Station
2024-06-11,Hyderabad,25.396,68.3578,35.3,83.0,4.7,22.2,1014.3,418.4,Weather Station
2024-06-11,Faisalabad,31.4504,73.135,35.2,68.6,3.2,25.5,1012.5,428.9,Environmental IoT
2024-06-12,Karachi,24.8607,67.0011,37.4,83.8,3.7,20.7,1011.5,420.7,Satellite Telemetry
2024-06-12,Lahore,31.5204,74.3587,35.5,65.9,2.4,14.8,1011.5,422.5,Environmental IoT
2024-06-12,Islamabad,33.6844,73.0479,30.4,61.8,1.9,11.6,1016.2,408.7,Satellite Telemetry
2024-06-12,Peshawar,34.0151,71.5249,32.0,57.6,3.5,14.6,1014.2,414.5,Weather Station
2024-06-12,Quetta,30.1798,66.975,25.3,54.1,0.0,17.4,1016.9,400.9,Environmental IoT
2024-06-12,Multan,30.1575,71.5249,38.9,62.1,4.5,27.2,1011.6,424.1,Weather Station
2024-06-12,Hyderabad,25.396,68.3578,36.1,78.3,0.0,12.4,1012.9,414.3,Sensor Network
2024-06-12,Faisalabad,31.4504,73.135,33.3,62.9,1.2,19.1,1011.3,426.9,Weather Station
2024-06-13,Karachi,24.8607,67.0011,35.9,89.1,0.0,15.7,1013.0,423.4,Sensor Network
2024-06-13,Lahore,31.5204,74.3587,33.1,65.3,2.7,17.4,1012.0,427.0,Sensor Network
2024-06-13,Islamabad,33.6844,73.0479,27.7,64.5,9.2,18.4,1015.4,410.4,Sensor Network
2024-06-13,Peshawar,34.0151,71.5249,31.5,67.0,3.9,26.2,1013.4,410.1,Environmental IoT
2024-06-13,Quetta,30.1798,66.975,25.3,46.6,0.0,12.7,1018.9,398.4,Weather Station
2024-06-13,Multan,30.1575,71.5249,38.8,55.9,3.4,13.9,1013.7,423.2,Weather Station
2024-06-13,Hyderabad,25.396,68.3578,37.0,74.8,2.6,21.1,1012.0,416.8,Satellite Telemetry
2024-06-13,Faisalabad,31.4504,73.135,33.5,70.2,5.5,19.8,1010.5,428.3,Environmental IoT
2024-06-14,Karachi,24.8607,67.0011,37.1,82.4,3.0,20.9,1010.9,422.7,Environmental IoT
2024-06-14,Lahore,31.5204,74.3587,32.8,65.7,1.5,10.5,1011.4,424.5,Weather Station
2024-06-14,Islamabad,33.6844,73.0479,28.9,64.9,4.1,22.4,1017.0,408.6,Sensor Network
2024-06-14,Peshawar,34.0151,71.5249,32.3,63.9,5.8,23.9,1016.4,413.3,Environmental IoT
2024-06-14,Quetta,30.1798,66.975,26.3,49.5,2.9,25.7,1016.8,403.3,Environmental IoT
2024-06-14,Multan,30.1575,71.5249,36.1,60.5,0.0,22.4,1011.7,423.5,Environmental IoT
2024-06-14,Hyderabad,25.396,68.3578,35.7,77.1,0.0,19.6,1014.0,415.6,Weather Station
2024-06-14,Faisalabad,31.4504,73.135,34.6,68.9,5.6,27.7,1014.9,429.4,Weather Station
2024-06-15,Karachi,24.8607,67.0011,36.9,79.8,5.3,12.7,1009.3,420.5,Sensor Network
2024-06-15,Lahore,31.5204,74.3587,32.7,70.1,4.4,23.5,1014.8,427.2,Satellite Telemetry
2024-06-15,Islamabad,33.6844,73.0479,29.8,68.5,4.7,18.4,1015.7,405.3,Sensor Network
2024-06-15,Peshawar,34.0151,71.5249,29.5,65.1,5.6,20.0,1016.1,413.0,Environmental IoT
2024-06-15,Quetta,30.1798,66.975,24.7,54.2,3.2,11.5,1018.2,400.6,Satellite Telemetry
2024-06-15,Multan,30.1575,71.5249,38.0,62.3,0.0,18.9,1012.5,419.8,Weather Station
2024-06-15,Hyderabad,25.396,68.3578,34.0,80.5,0.0,21.0,1009.9,415.1,Sensor Network
2024-06-15,Faisalabad,31.4504,73.135,33.6,70.6,2.1,13.0,1013.7,427.7,Satellite Telemetry
2024-06-16,Karachi,24.8607,67.0011,35.8,80.3,3.9,25.5,1010.8,422.0,Sensor Network
2024-06-16,Lahore,31.5204,74.3587,34.1,70.8,4.5,14.5,1012.7,426.4,Satellite Telemetry
2024-06-16,Islamabad,33.6844,73.0479,27.2,60.9,5.7,19.5,1016.1,409.3,Weather Station
2024-06-16,Peshawar,34.0151,71.5249,29.9,59.8,5.0,21.2,1017.7,412.1,Weather Station
2024-06-16,Quetta,30.1798,66.975,23.0,52.8,4.9,21.9,1020.6,402.0,Environmental IoT
2024-06-16,Multan,30.1575,71.5249,36.0,62.9,5.5,10.2,1011.2,424.8,Environmental IoT
2024-06-16,Hyderabad,25.396,68.3578,37.7,76.1,1.5,10.9,1013.9,414.3,Satellite Telemetry
2024-06-16,Faisalabad,31.4504,73.135,36.1,65.3,2.8,26.1,1010.1,427.4,Sensor Network
2024-06-17,Karachi,24.8607,67.0011,35.6,83.4,1.1,16.7,1010.4,418.8,Environmental IoT
2024-06-17,Lahore,31.5204,74.3587,33.3,65.5,0.0,13.1,1014.8,424.7,Weather Station
2024-06-17,Islamabad,33.6844,73.0479,29.7,61.9,6.4,16.9,1016.9,406.4,Weather Station
2024-06-17,Peshawar,34.0151,71.5249,31.6,57.6,0.0,11.6,1013.5,413.1,Environmental IoT
2024-06-17,Quetta,30.1798,66.975,23.0,49.8,1.0,12.3,1021.1,398.5,Sensor Network
2024-06-17,Multan,30.1575,71.5249,38.4,56.7,0.3,22.8,1014.4,420.7,Weather Station
2024-06-17,Hyderabad,25.396,68.3578,37.0,78.6,0.0,21.0,1013.9,414.0,Weather Station
2024-06-17,Faisalabad,31.4504,73.135,33.6,63.2,3.4,21.9,1015.7,426.8,Environmental IoT
2024-06-18,Karachi,24.8607,67.0011,38.4,85.2,5.1,21.4,1013.8,421.5,Environmental IoT
2024-06-18,Lahore,31.5204,74.3587,34.2,64.8,1.9,22.6,1011.1,424.7,Environmental IoT
2024-06-18,Islamabad,33.6844,73.0479,27.8,62.0,8.4,24.1,1015.6,410.0,Weather Station
2024-06-18,Peshawar,34.0151,71.5249,29.8,64.3,1.9,18.2,1012.6,413.5,Sensor Network
2024-06-18,Quetta,30.1798,66.975,24.1,47.9,2.8,13.5,1020.8,400.8,Environmental IoT
2024-06-18,Multan,30.1575,71.5249,37.5,63.7,0.0,18.4,1012.2,422.4,Environmental IoT
2024-06-18,Hyderabad,25.396,68.3578,36.0,84.1,0.0,24.1,1012.3,415.1,Satellite Telemetry
2024-06-18,Faisalabad,31.4504,73.135,33.1,61.9,5.7,25.3,1015.2,426.6,Environmental IoT
2024-06-19,Karachi,24.8607,67.0011,36.3,85.2,0.0,23.9,1012.2,422.6,Weather Station
2024-06-19,Lahore,31.5204,74.3587,33.0,66.0,6.3,18.7,1015.1,423.1,Sensor Network
2024-06-19,Islamabad,33.6844,73.0479,27.6,61.6,7.5,20.7,1017.1,407.2,Satellite Telemetry
2024-06-19,Peshawar,34.0151,71.5249,29.3,64.3,1.7,20.0,1017.1,415.3,Environmental IoT
2024-06-19,Quetta,30.1798,66.975,25.8,51.6,2.6,19.0,1017.9,401.3,Satellite Telemetry
2024-06-19,Multan,30.1575,71.5249,36.5,55.1,4.9,11.5,1014.9,420.5,Environmental IoT
2024-06-19,Hyderabad,25.396,68.3578,36.1,78.7,1.8,15.1,1010.1,413.6,Environmental IoT
2024-06-19,Faisalabad,31.4504,73.135,34.2,64.8,3.9,10.9,1012.7,423.9,Sensor Network
2024-06-20,Karachi,24.8607,67.0011,35.9,81.3,1.1,18.0,1013.6,420.0,Weather Station
2024-06-20,Lahore,31.5204,74.3587,34.8,69.4,6.7,26.1,1016.6,424.6,Sensor Network
2024-06-20,Islamabad,33.6844,73.0479,30.2,61.1,7.5,20.1,1017.9,405.9,Environmental IoT
2024-06-20,Peshawar,34.0151,71.5249,31.3,62.6,2.2,24.2,1017.3,414.4,Environmental IoT
2024-06-20,Quetta,30.1798,66.975,25.8,51.9,2.9,10.9,1021.1,397.9,Satellite Telemetry
2024-06-20,Multan,30.1575,71.5249,37.1,59.1,5.8,15.6,1014.1,421.0,Satellite Telemetry
2024-06-20,Hyderabad,25.396,68.3578,34.8,82.6,0.9,26.0,1010.7,418.2,Environmental IoT
2024-06-20,Faisalabad,31.4504,73.135,35.5,63.7,4.5,17.6,1012.0,428.0,Satellite Telemetry
2024-06-21,Karachi,24.8607,67.0011,38.4,88.3,4.9,25.0,1012.3,421.5,Environmental IoT
2024-06-21,Lahore,31.5204,74.3587,33.4,68.4,1.1,13.6,1015.4,426.8,Sensor Network
2024-06-21,Islamabad,33.6844,73.0479,29.6,66.0,6.3,26.0,1016.9,405.9,Sensor Network
2024-06-21,Peshawar,34.0151,71.5249,29.7,57.9,4.1,27.4,1013.2,415.1,Satellite Telemetry
2024-06-21,Quetta,30.1798,66.975,26.9,54.3,3.3,17.7,1020.9,402.0,Environmental IoT
2024-06-21,Multan,30.1575,71.5249,39.0,59.8,0.0,19.5,1009.9,423.1,Environmental IoT
2024-06-21,Hyderabad,25.396,68.3578,35.4,80.3,0.1,17.8,1010.2,414.5,Satellite Telemetry
2024-06-21,Faisalabad,31.4504,73.135,36.4,63.3,0.0,11.4,1011.4,429.0,Weather Station
2024-06-22,Karachi,24.8607,67.0011,37.1,81.4,4.3,19.0,1008.1,419.3,Weather Station
2024-06-22,Lahore,31.5204,74.3587,35.2,70.4,3.8,13.6,1014.1,427.6,Satellite Telemetry
2024-06-22,Islamabad,33.6844,73.0479,30.4,60.4,1.9,16.8,1017.0,409.7,Environmental IoT
2024-06-22,Peshawar,34.0151,71.5249,29.5,62.7,1.9,10.4,1018.0,415.3,Weather Station
2024-06-22,Quetta,30.1798,66.975,23.3,49.7,0.0,19.3,1016.8,403.5,Satellite Telemetry
2024-06-22,Multan,30.1575,71.5249,36.3,63.4,0.0,26.4,1009.0,421.7,Sensor Network
2024-06-22,Hyderabad,25.396,68.3578,37.4,82.7,0.0,21.2,1012.6,415.2,Sensor Network
2024-06-22,Faisalabad,31.4504,73.135,35.7,63.0,0.1,15.2,1015.4,428.3,Sensor Network
2024-06-23,Karachi,24.8607,67.0011,36.6,84.2,3.8,16.5,1009.4,421.4,Environmental IoT
2024-06-23,Lahore,31.5204,74.3587,34.9,67.7,6.5,23.2,1014.5,422.1,Satellite Telemetry
2024-06-23,Islamabad,33.6844,73.0479,27.6,62.8,7.4,20.7,1017.9,408.6,Sensor Network
2024-06-23,Peshawar,34.0151,71.5249,31.4,57.9,1.7,18.9,1017.2,413.3,Satellite Telemetry
2024-06-23,Quetta,30.1798,66.975,24.1,51.9,3.3,12.2,1017.6,399.7,Weather Station
2024-06-23,Multan,30.1575,71.5249,39.0,55.4,1.2,26.3,1014.0,420.7,Satellite Telemetry
2024-06-23,Hyderabad,25.396,68.3578,36.1,78.3,0.7,17.3,1014.0,418.5,Weather Station
2024-06-23,Faisalabad,31.4504,73.135,35.7,71.0,0.0,24.5,1015.9,426.4,Satellite Telemetry
2024-06-24,Karachi,24.8607,67.0011,37.2,84.3,0.9,25.9,1009.7,423.4,Satellite Telemetry
2024-06-24,Lahore,31.5204,74.3587,33.8,71.8,0.0,20.9,1015.8,423.0,Sensor Network
2024-06-24,Islamabad,33.6844,73.0479,28.2,67.2,4.6,24.4,1014.9,409.0,Sensor Network
2024-06-24,Peshawar,34.0151,71.5249,30.8,59.1,1.3,23.5,1016.9,414.3,Weather Station
2024-06-24,Quetta,30.1798,66.975,26.8,52.7,0.0,12.5,1016.7,399.4,Sensor Network
2024-06-24,Multan,30.1575,71.5249,39.4,59.3,0.2,10.6,1012.7,423.6,Sensor Network
2024-06-24,Hyderabad,25.396,68.3578,36.0,82.1,2.5,23.8,1009.5,415.6,Environmental IoT
2024-06-24,Faisalabad,31.4504,73.135,36.6,69.5,1.8,10.5,1014.4,426.5,Sensor Network
2024-06-25,Karachi,24.8607,67.0011,36.1,82.9,3.3,22.2,1011.4,418.7,Weather Station
2024-06-25,Lahore,31.5204,74.3587,32.4,68.9,0.0,21.5,1012.9,424.9,Sensor Network
2024-06-25,Islamabad,33.6844,73.0479,27.6,68.0,3.2,15.1,1014.6,408.4,Sensor Network
2024-06-25,Peshawar,34.0151,71.5249,30.8,66.1,2.0,13.4,1017.9,411.5,Sensor Network
2024-06-25,Quetta,30.1798,66.975,25.3,46.1,4.5,15.7,1019.8,397.8,Environmental IoT
2024-06-25,Multan,30.1575,71.5249,38.8,55.6,0.0,27.8,1014.3,423.3,Satellite Telemetry
2024-06-25,Hyderabad,25.396,68.3578,35.7,80.9,2.1,21.0,1012.5,416.8,Environmental IoT
2024-06-25,Faisalabad,31.4504,73.135,36.2,67.9,6.2,20.9,1010.2,429.3,Sensor Network
2024-06-26,Karachi,24.8607,67.0011,35.0,79.5,0.0,26.9,1010.9,422.0,Environmental IoT
2024-06-26,Lahore,31.5204,74.3587,34.6,68.6,0.0,18.7,1015.4,426.9,Environmental IoT
2024-06-26,Islamabad,33.6844,73.0479,27.2,68.0,3.7,27.7,1013.3,409.9,Weather Station
2024-06-26,Peshawar,34.0151,71.5249,30.8,63.8,0.4,10.4,1016.8,412.6,Sensor Network
2024-06-26,Quetta,30.1798,66.975,24.1,51.0,1.9,15.0,1018.1,399.4,Weather Station
2024-06-26,Multan,30.1575,71.5249,37.9,64.3,0.0,25.9,1014.9,423.7,Environmental IoT
2024-06-26,Hyderabad,25.396,68.3578,36.8,81.8,1.3,12.8,1012.8,416.3,Environmental IoT
2024-06-26,Faisalabad,31.4504,73.135,33.9,64.7,5.8,17.5,1014.5,429.5,Satellite Telemetry
2024-06-27,Karachi,24.8607,67.0011,38.2,88.1,3.3,19.2,1008.3,423.3,Satellite Telemetry
2024-06-27,Lahore,31.5204,74.3587,35.1,70.6,0.6,15.5,1013.3,422.8,Sensor Network
2024-06-27,Islamabad,33.6844,73.0479,28.1,63.2,3.4,21.4,1016.4,409.0,Environmental IoT
2024-06-27,Peshawar,34.0151,71.5249,31.5,62.4,1.1,23.2,1016.0,413.1,Sensor Network
2024-06-27,Quetta,30.1798,66.975,26.6,46.8,4.9,12.5,1021.1,398.5,Environmental IoT
2024-06-27,Multan,30.1575,71.5249,39.3,58.4,1.5,18.0,1011.3,423.1,Satellite Telemetry
2024-06-27,Hyderabad,25.396,68.3578,36.9,74.9,4.7,15.0,1013.6,416.6,Sensor Network
2024-06-27,Faisalabad,31.4504,73.135,34.7,68.0,6.6,24.4,1013.8,424.0,Sensor Network
2024-06-28,Karachi,24.8607,67.0011,35.3,86.6,0.9,12.6,1011.6,421.0,Environmental IoT
2024-06-28,Lahore,31.5204,74.3587,35.3,72.9,6.0,18.7,1015.3,424.9,Satellite Telemetry
2024-06-28,Islamabad,33.6844,73.0479,28.7,61.4,6.1,14.4,1017.0,406.1,Environmental IoT
2024-06-28,Peshawar,34.0151,71.5249,29.4,60.3,1.2,19.3,1017.3,414.7,Satellite Telemetry
2024-06-28,Quetta,30.1798,66.975,24.8,51.9,3.6,17.1,1019.8,398.1,Environmental IoT
2024-06-28,Multan,30.1575,71.5249,36.2,59.4,0.0,19.3,1013.8,423.7,Satellite Telemetry
2024-06-28,Hyderabad,25.396,68.3578,34.5,81.4,3.9,15.1,1009.6,417.9,Environmental IoT
2024-06-28,Faisalabad,31.4504,73.135,36.0,67.3,0.0,20.1,1013.9,429.6,Satellite Telemetry
2024-06-29,Karachi,24.8607,67.0011,37.5,88.7,0.0,25.4,1010.2,419.9,Sensor Network
2024-06-29,Lahore,31.5204,74.3587,35.0,70.2,7.0,27.8,1011.0,425.4,Environmental IoT
2024-06-29,Islamabad,33.6844,73.0479,28.1,59.7,6.9,20.1,1016.0,408.4,Satellite Telemetry
2024-06-29,Peshawar,34.0151,71.5249,31.3,62.1,2.5,14.3,1012.9,414.1,Sensor Network
2024-06-29,Quetta,30.1798,66.975,24.0,47.9,1.7,27.9,1021.8,402.1,Satellite Telemetry
2024-06-29,Multan,30.1575,71.5249,37.1,58.2,5.4,14.5,1013.1,424.6,Satellite Telemetry
2024-06-29,Hyderabad,25.396,68.3578,35.7,84.2,0.0,11.9,1014.2,414.6,Weather Station
2024-06-29,Faisalabad,31.4504,73.135,36.5,61.6,3.4,10.7,1015.9,425.4,Environmental IoT
2024-06-30,Karachi,24.8607,67.0011,37.7,87.5,0.0,13.2,1013.4,418.8,Satellite Telemetry
2024-06-30,Lahore,31.5204,74.3587,34.1,66.9,3.4,19.8,1011.7,423.4,Satellite Telemetry
2024-06-30,Islamabad,33.6844,73.0479,29.0,62.8,2.6,18.0,1016.7,406.5,Sensor Network
2024-06-30,Peshawar,34.0151,71.5249,32.7,64.1,2.8,22.7,1013.4,415.3,Weather Station
2024-06-30,Quetta,30.1798,66.975,23.7,50.3,1.2,13.6,1017.6,403.1,Satellite Telemetry
2024-06-30,Multan,30.1575,71.5249,36.0,55.8,1.2,24.2,1010.4,425.4,Weather Station
2024-06-30,Hyderabad,25.396,68.3578,34.9,76.2,1.6,16.4,1013.0,418.8,Environmental IoT
2024-06-30,Faisalabad,31.4504,73.135,34.0,67.9,6.5,26.7,1012.3,426.2,Satellite Telemetry
2024-07-01,Karachi,24.8607,67.0011,37.6,80.7,11.6,20.5,1013.1,419.5,Sensor Network
2024-07-01,Lahore,31.5204,74.3587,33.6,68.5,28.6,14.8,1014.4,427.0,Environmental IoT
2024-07-01,Islamabad,33.6844,73.0479,28.3,66.3,41.2,20.2,1014.5,406.6,Satellite Telemetry
2024-07-01,Peshawar,34.0151,71.5249,32.0,61.6,24.2,15.7,1014.7,412.6,Weather Station
2024-07-01,Quetta,30.1798,66.975,27.2,54.4,10.3,18.8,1016.8,398.7,Satellite Telemetry
2024-07-01,Multan,30.1575,71.5249,40.9,56.7,17.3,20.6,1014.8,423.9,Satellite Telemetry
2024-07-01,Hyderabad,25.396,68.3578,35.7,84.5,14.4,26.3,1011.1,417.4,Weather Station
2024-07-01,Faisalabad,31.4504,73.135,35.7,68.7,25.0,21.6,1014.7,428.8,Satellite Telemetry
2024-07-02,Karachi,24.8607,67.0011,39.6,83.5,9.1,15.3,1008.8,422.6,Environmental IoT
2024-07-02,Lahore,31.5204,74.3587,34.7,66.4,31.7,15.1,1016.8,422.5,Sensor Network
2024-07-02,Islamabad,33.6844,73.0479,31.0,67.6,44.5,15.6,1017.3,407.2,Environmental IoT
2024-07-02,Peshawar,34.0151,71.5249,31.9,64.3,21.8,14.5,1012.5,412.3,Sensor Network
2024-07-02,Quetta,30.1798,66.975,27.4,46.2,6.7,16.5,1017.6,399.9,Weather Station
2024-07-02,Multan,30.1575,71.5249,37.7,55.5,13.7,28.0,1010.2,420.6,Sensor Network
2024-07-02,Hyderabad,25.396,68.3578,37.6,81.9,18.7,14.9,1010.7,414.3,Weather Station
2024-07-02,Faisalabad,31.4504,73.135,37.8,70.5,21.2,27.9,1015.9,427.0,Satellite Telemetry
2024-07-03,Karachi,24.8607,67.0011,36.2,85.6,9.0,22.1,1010.0,421.5,Weather Station
2024-07-03,Lahore,31.5204,74.3587,34.9,71.4,28.0,17.7,1013.3,424.6,Weather Station
2024-07-03,Islamabad,33.6844,73.0479,30.9,66.0,44.3,12.6,1018.5,407.6,Sensor Network
2024-07-03,Peshawar,34.0151,71.5249,31.9,62.5,24.2,13.6,1016.6,414.6,Satellite Telemetry
2024-07-03,Quetta,30.1798,66.975,27.4,49.6,6.1,18.1,1018.6,399.3,Sensor Network
2024-07-03,Multan,30.1575,71.5249,39.1,64.7,14.6,25.4,1010.2,421.3,Environmental IoT
2024-07-03,Hyderabad,25.396,68.3578,36.5,79.8,14.0,20.3,1013.2,414.9,Sensor Network
2024-07-03,Faisalabad,31.4504,73.135,34.7,62.3,24.1,24.2,1011.8,428.3,Sensor Network
2024-07-04,Karachi,24.8607,67.0011,38.4,86.2,11.8,15.0,1013.7,423.5,Sensor Network
2024-07-04,Lahore,31.5204,74.3587,35.8,72.7,28.8,10.9,1015.2,423.8,Environmental IoT
2024-07-04,Islamabad,33.6844,73.0479,28.8,69.2,41.5,26.4,1014.7,407.5,Weather Station
2024-07-04,Peshawar,34.0151,71.5249,33.3,60.2,26.8,16.3,1013.2,411.0,Sensor Network
2024-07-04,Quetta,30.1798,66.975,26.6,49.0,9.1,22.3,1021.0,400.6,Weather Station
2024-07-04,Multan,30.1575,71.5249,39.4,62.2,12.4,26.2,1011.3,422.4,Sensor Network
2024-07-04,Hyderabad,25.396,68.3578,37.0,81.5,17.0,20.0,1014.0,415.3,Weather Station
2024-07-04,Faisalabad,31.4504,73.135,36.6,67.0,18.6,27.4,1011.9,427.4,Sensor Network
2024-07-05,Karachi,24.8607,67.0011,39.6,83.7,15.2,13.1,1008.8,418.6,Environmental IoT
2024-07-05,Lahore,31.5204,74.3587,33.8,70.3,28.0,25.8,1013.2,423.0,Weather Station
2024-07-05,Islamabad,33.6844,73.0479,29.7,61.4,45.3,26.0,1015.1,405.6,Environmental IoT
2024-07-05,Peshawar,34.0151,71.5249,32.0,66.1,23.6,15.9,1013.8,414.6,Weather Station
2024-07-05,Quetta,30.1798,66.975,25.5,49.4,13.4,26.5,1019.6,402.1,Environmental IoT
2024-07-05,Multan,30.1575,71.5249,38.0,55.8,11.9,27.9,1013.9,421.6,Sensor Network
2024-07-05,Hyderabad,25.396,68.3578,35.5,83.1,20.2,27.7,1014.1,416.4,Environmental IoT
2024-07-05,Faisalabad,31.4504,73.135,34.3,62.4,23.4,22.3,1012.2,425.9,Sensor Network
2024-07-06,Karachi,24.8607,67.0011,39.0,86.9,10.6,27.4,1009.9,421.1,Sensor Network
2024-07-06,Lahore,31.5204,74.3587,36.9,68.8,27.6,23.9,1014.0,424.7,Satellite Telemetry
2024-07-06,Islamabad,33.6844,73.0479,31.9,65.4,43.5,24.6,1013.1,410.7,Weather Station
2024-07-06,Peshawar,34.0151,71.5249,30.5,64.3,25.4,15.1,1017.7,412.9,Weather Station
2024-07-06,Quetta,30.1798,66.975,27.8,49.1,7.3,11.6,1021.6,403.4,Weather Station
2024-07-06,Multan,30.1575,71.5249,40.8,55.4,15.3,19.8,1010.4,421.0,Sensor Network
2024-07-06,Hyderabad,25.396,68.3578,38.5,79.8,19.7,12.5,1012.4,415.7,Satellite Telemetry
2024-07-06,Faisalabad,31.4504,73.135,35.6,70.5,20.1,21.1,1012.6,426.8,Sensor Network
2024-07-07,Karachi,24.8607,67.0011,36.6,86.4,9.9,27.3,1010.0,420.2,Sensor Network
2024-07-07,Lahore,31.5204,74.3587,36.4,73.9,32.8,16.0,1015.5,422.9,Weather Station
2024-07-07,Islamabad,33.6844,73.0479,31.4,63.2,47.0,13.8,1014.2,409.2,Environmental IoT
2024-07-07,Peshawar,34.0151,71.5249,33.1,60.6,25.3,12.7,1015.1,412.2,Weather Station
2024-07-07,Quetta,30.1798,66.975,25.2,45.0,8.9,16.9,1018.3,403.3,Satellite Telemetry
2024-07-07,Multan,30.1575,71.5249,40.8,56.5,12.4,18.4,1011.9,422.1,Sensor Network
2024-07-07,Hyderabad,25.396,68.3578,37.0,80.3,18.5,14.6,1011.1,416.0,Weather Station
2024-07-07,Faisalabad,31.4504,73.135,36.7,69.7,18.9,16.2,1011.3,425.0,Satellite Telemetry
2024-07-08,Karachi,24.8607,67.0011,36.1,88.5,11.5,15.4,1008.1,423.6,Environmental IoT
2024-07-08,Lahore,31.5204,74.3587,34.8,70.1,26.1,26.1,1011.2,427.3,Weather Station
2024-07-08,Islamabad,33.6844,73.0479,31.2,67.5,47.5,23.6,1017.8,409.6,Environmental IoT
2024-07-08,Peshawar,34.0151,71.5249,31.0,63.1,24.5,20.4,1016.5,415.0,Satellite Telemetry
2024-07-08,Quetta,30.1798,66.975,25.2,50.5,8.6,11.2,1017.0,399.5,Satellite Telemetry
2024-07-08,Multan,30.1575,71.5249,38.0,59.3,17.6,11.8,1014.9,424.0,Environmental IoT
2024-07-08,Hyderabad,25.396,68.3578,38.7,81.7,18.4,22.4,1009.7,414.5,Environmental IoT
2024-07-08,Faisalabad,31.4504,73.135,37.4,65.2,21.3,12.4,1011.0,427.7,Sensor Network
2024-07-09,Karachi,24.8607,67.0011,36.8,87.1,9.5,20.6,1008.9,420.0,Weather Station
2024-07-09,Lahore,31.5204,74.3587,35.8,72.0,28.6,19.0,1013.6,425.3,Satellite Telemetry
2024-07-09,Islamabad,33.6844,73.0479,29.8,68.2,44.5,13.2,1015.6,410.7,Sensor Network
2024-07-09,Peshawar,34.0151,71.5249,33.5,66.3,25.6,12.9,1017.6,411.3,Sensor Network
2024-07-09,Quetta,30.1798,66.975,26.5,54.0,9.6,17.7,1021.8,403.5,Sensor Network
2024-07-09,Multan,30.1575,71.5249,38.8,59.4,12.2,27.1,1010.9,421.8,Weather Station
2024-07-09,Hyderabad,25.396,68.3578,38.1,78.5,18.4,12.3,1014.8,414.8,Weather Station
2024-07-09,Faisalabad,31.4504,73.135,37.0,62.7,23.3,27.5,1013.5,427.9,Weather Station
2024-07-10,Karachi,24.8607,67.0011,37.5,84.5,11.9,25.4,1009.4,421.7,Weather Station
2024-07-10,Lahore,31.5204,74.3587,36.6,73.1,26.5,13.8,1016.4,423.0,Sensor Network
2024-07-10,Islamabad,33.6844,73.0479,29.4,67.6,46.9,23.6,1014.0,410.0,Weather Station
2024-07-10,Peshawar,34.0151,71.5249,32.7,61.4,28.7,12.5,1017.7,411.9,Satellite Telemetry
2024-07-10,Quetta,30.1798,66.975,25.1,54.9,8.7,10.5,1016.7,398.5,Satellite Telemetry
2024-07-10,Multan,30.1575,71.5249,40.2,57.3,11.7,26.3,1010.2,420.7,Weather Station
2024-07-10,Hyderabad,25.396,68.3578,36.7,77.2,14.9,23.3,1010.8,414.8,Weather Station
2024-07-10,Faisalabad,31.4504,73.135,37.8,66.7,25.6,10.2,1015.0,428.2,Sensor Network
2024-07-11,Karachi,24.8607,67.0011,37.7,86.7,9.5,24.1,1010.3,420.2,Environmental IoT
2024-07-11,Lahore,31.5204,74.3587,33.4,70.3,26.3,16.3,1015.6,424.4,Environmental IoT
2024-07-11,Islamabad,33.6844,73.0479,30.7,64.9,41.9,16.3,1015.6,405.7,Environmental IoT
2024-07-11,Peshawar,34.0151,71.5249,31.0,64.6,21.0,18.3,1017.3,415.4,Sensor Network
2024-07-11,Quetta,30.1798,66.975,26.6,51.0,7.9,23.6,1021.9,403.2,Satellite Telemetry
2024-07-11,Multan,30.1575,71.5249,38.9,59.7,14.5,17.5,1012.1,425.5,Environmental IoT
2024-07-11,Hyderabad,25.396,68.3578,38.9,84.7,14.4,11.5,1012.1,415.0,Sensor Network
2024-07-11,Faisalabad,31.4504,73.135,34.2,69.7,20.2,17.6,1015.2,427.4,Weather Station
2024-07-12,Karachi,24.8607,67.0011,39.6,82.3,8.7,27.8,1013.4,418.0,Satellite Telemetry
2024-07-12,Lahore,31.5204,74.3587,35.0,65.7,28.3,13.8,1012.1,425.3,Satellite Telemetry
2024-07-12,Islamabad,33.6844,73.0479,29.8,60.2,46.2,26.7,1016.5,408.8,Satellite Telemetry
2024-07-12,Peshawar,34.0151,71.5249,32.1,63.9,28.0,23.4,1016.9,415.7,Weather Station
2024-07-12,Quetta,30.1798,66.975,24.8,46.1,7.5,24.4,1018.7,403.8,Weather Station
2024-07-12,Multan,30.1575,71.5249,39.8,62.6,14.0,17.9,1012.9,425.7,Environmental IoT
2024-07-12,Hyderabad,25.396,68.3578,35.1,82.5,17.1,19.3,1011.2,416.4,Sensor Network
2024-07-12,Faisalabad,31.4504,73.135,36.1,67.2,26.2,12.0,1012.0,429.0,Satellite Telemetry
2024-07-13,Karachi,24.8607,67.0011,36.5,86.4,12.7,10.3,1010.7,418.7,Satellite Telemetry
2024-07-13,Lahore,31.5204,74.3587,34.8,68.6,30.3,12.6,1014.0,422.1,Environmental IoT
2024-07-13,Islamabad,33.6844,73.0479,31.2,60.9,41.2,16.2,1014.7,409.7,Satellite Telemetry
2024-07-13,Peshawar,34.0151,71.5249,31.1,65.9,23.1,16.6,1013.1,415.0,Sensor Network
2024-07-13,Quetta,30.1798,66.975,24.6,51.0,12.6,12.0,1018.7,401.2,Environmental IoT
2024-07-13,Multan,30.1575,71.5249,37.2,55.5,17.0,18.6,1013.2,421.3,Sensor Network
2024-07-13,Hyderabad,25.396,68.3578,36.9,79.1,19.8,22.4,1011.6,415.7,Satellite Telemetry
2024-07-13,Faisalabad,31.4504,73.135,37.6,69.1,23.3,15.9,1010.7,429.5,Weather Station
2024-07-14,Karachi,24.8607,67.0011,36.7,80.7,14.4,20.2,1008.5,423.3,Satellite Telemetry
2024-07-14,Lahore,31.5204,74.3587,36.1,72.4,30.3,17.1,1016.4,423.3,Sensor Network
2024-07-14,Islamabad,33.6844,73.0479,30.0,60.3,41.7,20.9,1014.8,405.5,Weather Station
2024-07-14,Peshawar,34.0151,71.5249,30.1,64.3,27.7,12.5,1015.4,415.2,Satellite Telemetry
2024-07-14,Quetta,30.1798,66.975,26.8,48.0,12.1,19.2,1018.0,400.0,Satellite Telemetry
2024-07-14,Multan,30.1575,71.5249,40.6,61.4,17.2,28.0,1011.6,421.7,Weather Station
2024-07-14,Hyderabad,25.396,68.3578,35.2,77.4,15.9,17.9,1012.6,419.2,Sensor Network
2024-07-14,Faisalabad,31.4504,73.135,34.9,70.9,19.2,27.8,1013.3,428.9,Weather Station
2024-07-15,Karachi,24.8607,67.0011,39.0,89.7,9.9,10.3,1013.1,420.4,Sensor Network
2024-07-15,Lahore,31.5204,74.3587,36.2,67.0,27.9,19.4,1013.5,427.5,Satellite Telemetry
2024-07-15,Islamabad,33.6844,73.0479,30.8,69.9,44.3,15.2,1016.9,409.9,Satellite Telemetry
2024-07-15,Peshawar,34.0151,71.5249,30.5,61.9,21.2,22.6,1013.6,413.5,Satellite Telemetry
2024-07-15,Quetta,30.1798,66.975,26.6,50.2,8.0,25.7,1016.6,402.5,Sensor Network
2024-07-15,Multan,30.1575,71.5249,38.1,60.5,17.3,23.4,1013.3,424.4,Environmental IoT
2024-07-15,Hyderabad,25.396,68.3578,37.5,82.0,19.7,10.7,1010.5,417.1,Environmental IoT
2024-07-15,Faisalabad,31.4504,73.135,35.2,66.9,19.0,18.2,1011.9,427.0,Weather Station
2024-07-16,Karachi,24.8607,67.0011,37.1,89.5,11.0,12.0,1010.1,422.2,Weather Station
2024-07-16,Lahore,31.5204,74.3587,34.3,73.2,32.2,12.0,1011.8,423.8,Weather Station
2024-07-16,Islamabad,33.6844,73.0479,28.1,60.3,41.6,21.7,1016.7,406.8,Weather Station
2024-07-16,Peshawar,34.0151,71.5249,33.9,63.4,22.3,10.3,1013.7,412.7,Satellite Telemetry
2024-07-16,Quetta,30.1798,66.975,26.8,47.0,12.8,26.3,1020.2,399.6,Satellite Telemetry
2024-07-16,Multan,30.1575,71.5249,37.2,56.2,11.4,10.3,1011.3,421.2,Sensor Network
2024-07-16,Hyderabad,25.396,68.3578,36.9,78.6,15.1,19.6,1011.6,418.7,Satellite Telemetry
2024-07-16,Faisalabad,31.4504,73.135,35.8,70.1,23.3,25.1,1012.5,428.9,Environmental IoT
2024-07-17,Karachi,24.8607,67.0011,39.4,82.4,11.3,18.4,1013.3,421.6,Sensor Network
2024-07-17,Lahore,31.5204,74.3587,34.8,68.1,29.4,21.0,1012.2,423.5,Sensor Network
2024-07-17,Islamabad,33.6844,73.0479,31.8,62.6,41.9,25.0,1014.7,407.3,Sensor Network
2024-07-17,Peshawar,34.0151,71.5249,32.9,61.3,21.5,12.6,1013.6,411.7,Environmental IoT
2024-07-17,Quetta,30.1798,66.975,24.9,52.8,10.8,13.5,1020.6,400.1,Environmental IoT
2024-07-17,Multan,30.1575,71.5249,39.4,60.2,18.8,19.1,1012.8,420.6,Environmental IoT
2024-07-17,Hyderabad,25.396,68.3578,37.3,76.5,16.3,12.3,1014.6,415.6,Satellite Telemetry
2024-07-17,Faisalabad,31.4504,73.135,37.5,70.0,20.9,10.6,1014.7,428.6,Sensor Network
2024-07-18,Karachi,24.8607,67.0011,38.9,83.0,13.0,12.4,1011.8,423.4,Satellite Telemetry
2024-07-18,Lahore,31.5204,74.3587,33.4,68.9,33.7,11.3,1013.3,427.0,Weather Station
2024-07-18,Islamabad,33.6844,73.0479,31.1,68.5,43.2,22.5,1015.2,410.2,Environmental IoT
2024-07-18,Peshawar,34.0151,71.5249,31.8,67.8,29.0,23.0,1016.2,412.0,Sensor Network
2024-07-18,Quetta,30.1798,66.975,27.8,49.4,7.1,14.8,1020.9,398.2,Weather Station
2024-07-18,Multan,30.1575,71.5249,40.7,61.7,12.8,20.6,1012.1,422.7,Environmental IoT
2024-07-18,Hyderabad,25.396,68.3578,36.0,82.5,20.6,11.8,1014.2,414.9,Sensor Network
2024-07-18,Faisalabad,31.4504,73.135,37.5,62.6,26.4,20.3,1011.8,427.5,Environmental IoT
2024-07-19,Karachi,24.8607,67.0011,37.6,89.8,8.8,22.9,1012.4,418.2,Weather Station
2024-07-19,Lahore,31.5204,74.3587,34.8,66.1,32.5,13.6,1012.3,425.1,Weather Station
2024-07-19,Islamabad,33.6844,73.0479,31.7,60.9,45.5,14.8,1017.3,405.1,Sensor Network
2024-07-19,Peshawar,34.0151,71.5249,33.7,62.5,25.5,25.9,1014.6,411.8,Sensor Network
2024-07-19,Quetta,30.1798,66.975,27.7,47.2,10.2,20.4,1017.5,399.0,Weather Station
2024-07-19,Multan,30.1575,71.5249,37.6,63.7,11.9,22.9,1012.1,421.3,Weather Station
2024-07-19,Hyderabad,25.396,68.3578,37.2,81.8,17.9,21.0,1012.9,416.5,Satellite Telemetry
2024-07-19,Faisalabad,31.4504,73.135,37.5,67.8,20.7,17.9,1015.4,428.0,Sensor Network
2024-07-20,Karachi,24.8607,67.0011,36.2,88.8,14.7,20.6,1009.4,421.0,Sensor Network
2024-07-20,Lahore,31.5204,74.3587,35.6,71.1,30.5,12.2,1013.8,425.9,Weather Station
2024-07-20,Islamabad,33.6844,73.0479,28.7,64.6,42.6,19.5,1019.0,408.4,Sensor Network
2024-07-20,Peshawar,34.0151,71.5249,33.1,58.3,26.2,14.3,1016.7,411.5,Satellite Telemetry
2024-07-20,Quetta,30.1798,66.975,27.4,49.4,13.7,20.3,1019.9,399.7,Environmental IoT
2024-07-20,Multan,30.1575,71.5249,37.2,55.4,17.0,27.9,1010.8,425.4,Sensor Network
2024-07-20,Hyderabad,25.396,68.3578,38.9,82.5,20.3,26.9,1012.6,418.4,Weather Station
2024-07-20,Faisalabad,31.4504,73.135,36.6,62.1,19.1,26.6,1011.9,424.2,Weather Station
2024-07-21,Karachi,24.8607,67.0011,36.8,83.5,10.8,16.4,1008.9,422.4,Satellite Telemetry
2024-07-21,Lahore,31.5204,74.3587,36.2,72.8,33.0,23.0,1012.9,424.7,Sensor Network
2024-07-21,Islamabad,33.6844,73.0479,30.8,61.6,45.7,18.5,1014.5,407.7,Environmental IoT
2024-07-21,Peshawar,34.0151,71.5249,30.6,64.8,27.3,13.6,1012.2,415.9,Environmental IoT
2024-07-21,Quetta,30.1798,66.975,27.7,53.2,12.5,26.0,1020.5,404.0,Weather Station
2024-07-21,Multan,30.1575,71.5249,37.3,60.4,12.7,13.6,1012.9,425.2,Environmental IoT
2024-07-21,Hyderabad,25.396,68.3578,36.9,79.9,15.9,26.5,1010.4,420.0,Weather Station
2024-07-21,Faisalabad,31.4504,73.135,36.8,69.9,20.8,27.4,1012.4,430.0,Weather Station
2024-07-22,Karachi,24.8607,67.0011,37.3,89.7,13.8,10.7,1009.0,418.8,Weather Station
2024-07-22,Lahore,31.5204,74.3587,33.9,68.5,27.9,16.2,1014.2,425.1,Satellite Telemetry
2024-07-22,Islamabad,33.6844,73.0479,28.4,68.7,43.5,24.9,1017.8,410.6,Weather Station
2024-07-22,Peshawar,34.0151,71.5249,31.6,59.0,25.0,20.1,1014.1,415.3,Environmental IoT
2024-07-22,Quetta,30.1798,66.975,26.3,49.1,7.5,21.2,1020.8,400.4,Weather Station
2024-07-22,Multan,30.1575,71.5249,40.3,63.5,15.1,11.4,1012.1,425.8,Environmental IoT
2024-07-22,Hyderabad,25.396,68.3578,35.6,81.3,18.3,19.5,1013.8,414.5,Environmental IoT
2024-07-22,Faisalabad,31.4504,73.135,34.9,70.7,20.2,20.6,1014.2,428.8,Sensor Network
2024-07-23,Karachi,24.8607,67.0011,38.8,83.0,14.6,11.4,1010.5,420.2,Satellite Telemetry
2024-07-23,Lahore,31.5204,74.3587,35.5,71.1,33.2,19.2,1013.0,423.3,Weather Station
2024-07-23,Islamabad,33.6844,73.0479,28.1,61.7,48.4,18.5,1014.9,407.1,Weather Station
2024-07-23,Peshawar,34.0151,71.5249,30.1,64.4,28.2,14.0,1015.6,412.1,Sensor Network
2024-07-23,Quetta,30.1798,66.975,24.3,47.1,11.9,13.0,1021.5,398.4,Environmental IoT
2024-07-23,Multan,30.1575,71.5249,38.2,61.2,16.3,23.2,1014.4,425.9,Environmental IoT
2024-07-23,Hyderabad,25.396,68.3578,38.5,77.5,15.0,12.6,1011.0,414.7,Sensor Network
2024-07-23,Faisalabad,31.4504,73.135,37.3,71.0,21.7,25.9,1011.0,424.8,Environmental IoT
2024-07-24,Karachi,24.8607,67.0011,36.4,89.3,12.7,26.8,1013.1,421.8,Environmental IoT
2024-07-24,Lahore,31.5204,74.3587,36.9,74.5,31.4,17.9,1012.5,423.4,Weather Station
2024-07-24,Islamabad,33.6844,73.0479,28.2,65.7,43.9,27.0,1017.0,408.1,Environmental IoT
2024-07-24,Peshawar,34.0151,71.5249,31.2,64.7,24.7,10.3,1013.6,412.6,Environmental IoT
2024-07-24,Quetta,30.1798,66.975,24.9,46.3,13.8,23.3,1020.8,398.7,Satellite Telemetry
2024-07-24,Multan,30.1575,71.5249,39.8,56.3,14.5,20.8,1010.6,423.3,Weather Station
2024-07-24,Hyderabad,25.396,68.3578,36.9,79.8,17.7,20.5,1011.4,419.4,Sensor Network
2024-07-24,Faisalabad,31.4504,73.135,37.1,62.6,21.2,14.2,1015.7,424.7,Satellite Telemetry
2024-07-25,Karachi,24.8607,67.0011,37.5,85.9,14.6,18.1,1008.9,420.1,Sensor Network
2024-07-25,Lahore,31.5204,74.3587,37.0,68.3,29.1,22.0,1014.7,425.9,Sensor Network
2024-07-25,Islamabad,33.6844,73.0479,31.1,60.4,42.9,16.6,1014.1,406.3,Weather Station
2024-07-25,Peshawar,34.0151,71.5249,33.1,59.9,25.2,19.6,1014.1,415.6,Environmental IoT
2024-07-25,Quetta,30.1798,66.975,24.2,53.0,12.3,15.5,1016.0,399.5,Sensor Network
2024-07-25,Multan,30.1575,71.5249,39.8,57.4,14.6,20.1,1010.3,421.5,Environmental IoT
2024-07-25,Hyderabad,25.396,68.3578,37.7,81.2,20.0,10.2,1014.0,416.3,Satellite Telemetry
2024-07-25,Faisalabad,31.4504,73.135,34.7,69.1,20.8,14.6,1012.1,426.8,Weather Station
2024-07-26,Karachi,24.8607,67.0011,36.3,88.3,11.9,26.8,1013.6,422.7,Weather Station
2024-07-26,Lahore,31.5204,74.3587,34.1,71.5,31.5,19.7,1011.3,425.6,Environmental IoT
2024-07-26,Islamabad,33.6844,73.0479,28.1,64.7,43.6,13.9,1014.8,408.7,Weather Station
2024-07-26,Peshawar,34.0151,71.5249,33.1,64.1,23.0,11.8,1014.4,415.8,Satellite Telemetry
2024-07-26,Quetta,30.1798,66.975,24.9,47.9,10.4,20.1,1020.6,403.9,Environmental IoT
2024-07-26,Multan,30.1575,71.5249,37.3,57.6,12.6,10.5,1011.6,424.9,Environmental IoT
2024-07-26,Hyderabad,25.396,68.3578,37.8,83.3,14.3,14.8,1011.9,414.9,Weather Station
2024-07-26,Faisalabad,31.4504,73.135,37.0,64.2,22.3,12.9,1013.0,426.0,Satellite Telemetry
2024-07-27,Karachi,24.8607,67.0011,37.7,81.7,12.6,20.8,1010.5,420.0,Weather Station
2024-07-27,Lahore,31.5204,74.3587,33.7,68.8,29.2,10.3,1016.9,426.7,Sensor Network
2024-07-27,Islamabad,33.6844,73.0479,29.3,65.8,43.5,20.2,1016.0,407.2,Environmental IoT
2024-07-27,Peshawar,34.0151,71.5249,33.2,68.0,26.4,13.1,1012.8,414.7,Sensor Network
2024-07-27,Quetta,30.1798,66.975,26.3,49.7,12.8,13.0,1016.2,403.9,Environmental IoT
2024-07-27,Multan,30.1575,71.5249,38.3,60.4,13.3,12.0,1011.0,422.6,Environmental IoT
2024-07-27,Hyderabad,25.396,68.3578,37.0,83.1,15.6,12.8,1009.5,418.6,Satellite Telemetry
2024-07-27,Faisalabad,31.4504,73.135,34.8,66.9,19.5,18.4,1014.4,428.8,Environmental IoT
2024-07-28,Karachi,24.8607,67.0011,39.9,89.3,12.2,10.7,1008.6,418.4,Satellite Telemetry
2024-07-28,Lahore,31.5204,74.3587,34.9,74.7,32.4,22.6,1012.1,422.9,Environmental IoT
2024-07-28,Islamabad,33.6844,73.0479,28.6,60.4,43.5,11.9,1015.9,405.8,Weather Station
2024-07-28,Peshawar,34.0151,71.5249,32.7,62.0,24.9,22.0,1014.1,411.7,Environmental IoT
2024-07-28,Quetta,30.1798,66.975,24.4,54.0,12.8,26.2,1020.9,402.2,Environmental IoT
2024-07-28,Multan,30.1575,71.5249,38.3,55.5,12.2,13.0,1012.1,421.8,Weather Station
2024-07-28,Hyderabad,25.396,68.3578,38.3,80.7,16.7,22.5,1013.8,417.9,Environmental IoT
2024-07-28,Faisalabad,31.4504,73.135,35.1,62.6,19.3,12.6,1012.5,425.0,Satellite Telemetry
2024-07-29,Karachi,24.8607,67.0011,36.0,83.0,15.1,19.5,1009.9,423.6,Environmental IoT
2024-07-29,Lahore,31.5204,74.3587,34.0,72.5,26.2,16.8,1014.8,427.4,Environmental IoT
2024-07-29,Islamabad,33.6844,73.0479,31.8,62.6,44.1,14.4,1013.0,406.8,Weather Station
2024-07-29,Peshawar,34.0151,71.5249,33.3,67.6,21.4,14.7,1017.2,411.0,Environmental IoT
2024-07-29,Quetta,30.1798,66.975,25.9,47.9,6.5,12.2,1020.9,403.3,Satellite Telemetry
2024-07-29,Multan,30.1575,71.5249,39.3,60.3,16.8,23.7,1013.8,421.6,Sensor Network
2024-07-29,Hyderabad,25.396,68.3578,36.8,82.5,18.3,18.7,1012.4,416.6,Satellite Telemetry
2024-07-29,Faisalabad,31.4504,73.135,36.4,69.0,25.7,24.5,1011.9,429.5,Environmental IoT
2024-07-30,Karachi,24.8607,67.0011,39.0,87.7,13.2,24.0,1013.0,420.1,Weather Station
2024-07-30,Lahore,31.5204,74.3587,33.1,67.5,27.4,21.2,1015.8,425.6,Weather Station
2024-07-30,Islamabad,33.6844,73.0479,29.6,69.9,44.0,22.7,1014.9,408.3,Environmental IoT
2024-07-30,Peshawar,34.0151,71.5249,33.6,59.8,22.9,15.8,1013.6,411.1,Weather Station
2024-07-30,Quetta,30.1798,66.975,24.3,51.6,10.1,12.3,1019.5,399.6,Satellite Telemetry
2024-07-30,Multan,30.1575,71.5249,40.1,58.2,13.6,27.2,1011.1,423.7,Satellite Telemetry
2024-07-30,Hyderabad,25.396,68.3578,36.3,76.0,19.3,19.2,1014.7,415.2,Weather Station
2024-07-30,Faisalabad,31.4504,73.135,36.3,69.3,23.2,11.5,1016.0,424.4,Sensor Network
2024-07-31,Karachi,24.8607,67.0011,38.0,83.3,15.1,18.3,1013.7,422.3,Sensor Network
2024-07-31,Lahore,31.5204,74.3587,34.5,72.5,27.3,13.6,1013.2,423.3,Environmental IoT
2024-07-31,Islamabad,33.6844,73.0479,31.0,65.1,41.3,12.1,1014.7,408.1,Sensor Network
2024-07-31,Peshawar,34.0151,71.5249,32.9,58.4,29.0,17.0,1014.9,415.2,Sensor Network
2024-07-31,Quetta,30.1798,66.975,24.3,49.4,7.4,11.7,1018.2,399.7,Sensor Network
2024-07-31,Multan,30.1575,71.5249,40.9,58.0,18.5,27.7,1011.4,420.8,Satellite Telemetry
2024-07-31,Hyderabad,25.396,68.3578,35.5,83.9,13.8,21.2,1012.1,415.2,Satellite Telemetry
2024-07-31,Faisalabad,31.4504,73.135,34.2,62.2,23.8,23.6,1014.3,427.4,Satellite Telemetry
2024-08-01,Karachi,24.8607,67.0011,36.9,86.6,15.6,26.3,1008.6,422.6,Sensor Network
2024-08-01,Lahore,31.5204,74.3587,35.9,73.2,28.7,10.9,1015.4,423.4,Weather Station
2024-08-01,Islamabad,33.6844,73.0479,29.5,67.4,42.2,12.8,1013.6,409.7,Weather Station
2024-08-01,Peshawar,34.0151,71.5249,29.4,66.5,21.9,24.0,1015.2,412.2,Satellite Telemetry
2024-08-01,Quetta,30.1798,66.975,24.6,45.7,12.8,16.8,1018.4,400.2,Environmental IoT
2024-08-01,Multan,30.1575,71.5249,37.0,61.4,16.7,14.5,1014.7,422.4,Satellite Telemetry
2024-08-01,Hyderabad,25.396,68.3578,37.4,83.0,21.5,17.5,1011.6,419.3,Sensor Network
2024-08-01,Faisalabad,31.4504,73.135,35.9,64.5,19.2,25.2,1015.0,425.7,Weather Station
2024-08-02,Karachi,24.8607,67.0011,35.0,89.1,15.7,16.1,1013.8,421.9,Environmental IoT
2024-08-02,Lahore,31.5204,74.3587,32.8,69.4,28.3,14.9,1012.8,423.2,Weather Station
2024-08-02,Islamabad,33.6844,73.0479,30.5,62.9,45.1,26.2,1018.4,405.5,Environmental IoT
2024-08-02,Peshawar,34.0151,71.5249,31.8,67.4,21.0,22.2,1015.9,416.1,Environmental IoT
2024-08-02,Quetta,30.1798,66.975,23.6,52.9,7.6,21.5,1020.1,401.0,Weather Station
2024-08-02,Multan,30.1575,71.5249,36.1,56.6,11.5,16.6,1012.2,421.0,Sensor Network
2024-08-02,Hyderabad,25.396,68.3578,36.9,83.3,17.0,26.5,1013.3,418.1,Weather Station
2024-08-02,Faisalabad,31.4504,73.135,34.6,67.1,22.3,26.5,1011.4,427.2,Sensor Network
2024-08-03,Karachi,24.8607,67.0011,38.6,84.8,14.9,21.1,1011.6,423.0,Sensor Network
2024-08-03,Lahore,31.5204,74.3587,33.1,73.3,30.6,18.1,1014.5,423.2,Weather Station
2024-08-03,Islamabad,33.6844,73.0479,29.2,68.6,46.6,20.7,1015.5,408.6,Weather Station
2024-08-03,Peshawar,34.0151,71.5249,32.8,67.1,21.9,14.7,1016.5,413.7,Environmental IoT
2024-08-03,Quetta,30.1798,66.975,25.0,45.3,8.3,14.2,1018.8,398.8,Satellite Telemetry
2024-08-03,Multan,30.1575,71.5249,36.7,55.5,14.1,19.4,1012.0,425.9,Sensor Network
2024-08-03,Hyderabad,25.396,68.3578,37.2,74.9,21.1,11.1,1014.6,417.5,Sensor Network
2024-08-03,Faisalabad,31.4504,73.135,34.1,66.7,19.2,22.1,1013.6,425.5,Sensor Network
2024-08-04,Karachi,24.8607,67.0011,37.1,80.3,11.1,21.1,1011.9,421.5,Satellite Telemetry
2024-08-04,Lahore,31.5204,74.3587,35.5,72.1,31.1,26.8,1014.5,427.0,Weather Station
2024-08-04,Islamabad,33.6844,73.0479,30.5,66.1,43.7,25.7,1014.1,407.2,Environmental IoT
2024-08-04,Peshawar,34.0151,71.5249,30.7,61.7,23.5,12.4,1016.4,415.3,Weather Station
2024-08-04,Quetta,30.1798,66.975,26.8,45.6,6.6,22.9,1019.2,401.5,Satellite Telemetry
2024-08-04,Multan,30.1575,71.5249,38.9,62.7,15.8,27.3,1012.5,422.9,Environmental IoT
2024-08-04,Hyderabad,25.396,68.3578,35.9,81.0,20.1,22.1,1013.0,415.6,Sensor Network
2024-08-04,Faisalabad,31.4504,73.135,34.0,62.1,26.2,16.7,1010.5,424.4,Environmental IoT
2024-08-05,Karachi,24.8607,67.0011,38.7,89.3,12.3,23.9,1009.9,420.8,Environmental IoT
2024-08-05,Lahore,31.5204,74.3587,35.7,74.5,32.7,15.8,1016.5,427.7,Environmental IoT
2024-08-05,Islamabad,33.6844,73.0479,29.2,67.8,44.1,22.8,1014.8,409.9,Satellite Telemetry
2024-08-05,Peshawar,34.0151,71.5249,29.9,63.2,21.6,27.9,1012.7,412.8,Sensor Network
2024-08-05,Quetta,30.1798,66.975,24.4,52.1,7.5,10.2,1018.3,400.2,Environmental IoT
2024-08-05,Multan,30.1575,71.5249,39.4,64.4,17.0,24.2,1013.2,425.5,Weather Station
2024-08-05,Hyderabad,25.396,68.3578,34.7,82.8,19.7,13.2,1011.1,416.3,Environmental IoT
2024-08-05,Faisalabad,31.4504,73.135,35.9,68.9,25.7,16.6,1010.8,424.8,Satellite Telemetry
2024-08-06,Karachi,24.8607,67.0011,35.8,79.9,12.0,20.0,1010.6,424.3,Weather Station
2024-08-06,Lahore,31.5204,74.3587,33.5,71.1,33.7,15.7,1016.4,422.8,Satellite Telemetry
2024-08-06,Islamabad,33.6844,73.0479,30.9,66.6,43.5,27.4,1017.1,409.3,Satellite Telemetry
2024-08-06,Peshawar,34.0151,71.5249,29.7,58.1,21.1,25.3,1016.0,413.6,Sensor Network
2024-08-06,Quetta,30.1798,66.975,24.8,44.7,9.0,15.7,1018.5,403.1,Sensor Network
2024-08-06,Multan,30.1575,71.5249,39.2,54.7,14.3,22.4,1012.9,424.7,Satellite Telemetry
2024-08-06,Hyderabad,25.396,68.3578,36.9,83.3,19.0,16.1,1010.6,414.6,Environmental IoT
2024-08-06,Faisalabad,31.4504,73.135,33.4,67.9,22.4,22.3,1011.8,426.8,Sensor Network
2024-08-07,Karachi,24.8607,67.0011,38.3,88.2,10.7,20.9,1010.9,423.6,Sensor Network
2024-08-07,Lahore,31.5204,74.3587,32.4,70.7,31.0,12.7,1013.7,423.9,Satellite Telemetry
2024-08-07,Islamabad,33.6844,73.0479,30.4,61.9,45.2,10.7,1013.1,410.8,Weather Station
2024-08-07,Peshawar,34.0151,71.5249,32.3,57.9,23.2,22.0,1013.9,411.9,Environmental IoT
2024-08-07,Quetta,30.1798,66.975,25.6,45.0,6.5,12.6,1020.4,400.1,Sensor Network
2024-08-07,Multan,30.1575,71.5249,38.3,57.3,18.9,22.4,1012.3,424.7,Environmental IoT
2024-08-07,Hyderabad,25.396,68.3578,35.4,81.3,19.9,27.2,1011.6,415.0,Satellite Telemetry
2024-08-07,Faisalabad,31.4504,73.135,34.0,68.5,24.4,27.8,1013.8,430.1,Weather Station
2024-08-08,Karachi,24.8607,67.0011,37.3,81.5,14.9,15.1,1011.6,420.1,Weather Station
2024-08-08,Lahore,31.5204,74.3587,32.4,64.6,26.1,10.5,1014.1,422.5,Sensor Network
2024-08-08,Islamabad,33.6844,73.0479,30.4,64.3,45.8,17.2,1013.2,408.7,Sensor Network
2024-08-08,Peshawar,34.0151,71.5249,32.5,60.5,21.6,23.9,1015.9,412.0,Environmental IoT
2024-08-08,Quetta,30.1798,66.975,26.4,44.8,12.0,24.3,1020.7,401.6,Weather Station
2024-08-08,Multan,30.1575,71.5249,39.0,56.0,17.4,22.0,1012.8,423.6,Satellite Telemetry
2024-08-08,Hyderabad,25.396,68.3578,34.7,74.6,19.5,25.5,1014.0,414.7,Weather Station
2024-08-08,Faisalabad,31.4504,73.135,36.2,70.3,19.1,12.5,1013.3,427.3,Weather Station
2024-08-09,Karachi,24.8607,67.0011,35.5,84.7,10.9,11.9,1013.4,419.1,Environmental IoT
2024-08-09,Lahore,31.5204,74.3587,34.7,72.1,29.8,23.8,1011.7,426.4,Satellite Telemetry
2024-08-09,Islamabad,33.6844,73.0479,30.1,60.5,45.1,14.5,1013.3,405.9,Weather Station
2024-08-09,Peshawar,34.0151,71.5249,32.6,61.8,25.7,24.6,1015.4,415.9,Environmental IoT
2024-08-09,Quetta,30.1798,66.975,26.7,45.0,6.4,10.9,1018.8,399.6,Environmental IoT
2024-08-09,Multan,30.1575,71.5249,36.7,61.8,11.2,14.5,1013.4,420.8,Weather Station
2024-08-09,Hyderabad,25.396,68.3578,34.4,84.3,20.6,17.1,1014.0,415.4,Environmental IoT
2024-08-09,Faisalabad,31.4504,73.135,34.7,61.7,21.7,10.7,1013.1,425.3,Sensor Network
2024-08-10,Karachi,24.8607,67.0011,37.6,82.2,8.9,25.4,1012.4,421.9,Weather Station
2024-08-10,Lahore,31.5204,74.3587,33.0,67.6,27.8,27.9,1011.3,428.1,Environmental IoT
2024-08-10,Islamabad,33.6844,73.0479,29.4,69.0,42.9,17.3,1017.4,406.0,Environmental IoT
2024-08-10,Peshawar,34.0151,71.5249,29.6,66.8,25.5,12.6,1012.0,415.5,Satellite Telemetry
2024-08-10,Quetta,30.1798,66.975,25.3,53.8,9.0,23.0,1018.5,400.8,Environmental IoT
2024-08-10,Multan,30.1575,71.5249,39.4,62.8,16.1,27.3,1014.4,420.5,Satellite Telemetry
2024-08-10,Hyderabad,25.396,68.3578,35.1,79.9,20.6,21.0,1013.8,418.5,Satellite Telemetry
2024-08-10,Faisalabad,31.4504,73.135,35.1,68.6,23.2,13.6,1015.9,426.6,Satellite Telemetry
2024-08-11,Karachi,24.8607,67.0011,38.5,87.8,8.5,24.7,1008.1,423.7,Weather Station
2024-08-11,Lahore,31.5204,74.3587,33.0,73.0,26.6,21.0,1015.2,427.5,Sensor Network
2024-08-11,Islamabad,33.6844,73.0479,27.1,61.5,47.1,27.4,1017.5,409.5,Sensor Network
2024-08-11,Peshawar,34.0151,71.5249,30.9,57.8,25.9,27.2,1017.7,410.9,Satellite Telemetry
2024-08-11,Quetta,30.1798,66.975,25.3,46.3,11.7,17.5,1020.1,402.0,Sensor Network
2024-08-11,Multan,30.1575,71.5249,39.4,64.4,11.7,22.9,1009.6,421.1,Satellite Telemetry
2024-08-11,Hyderabad,25.396,68.3578,35.7,81.4,15.7,22.9,1011.7,420.3,Weather Station
2024-08-11,Faisalabad,31.4504,73.135,33.6,70.2,21.1,21.6,1013.5,426.9,Environmental IoT
2024-08-12,Karachi,24.8607,67.0011,38.2,87.4,13.5,23.2,1009.6,421.1,Satellite Telemetry
2024-08-12,Lahore,31.5204,74.3587,32.2,67.6,29.8,27.3,1013.2,424.6,Satellite Telemetry
2024-08-12,Islamabad,33.6844,73.0479,29.0,64.2,46.2,25.3,1016.9,411.0,Sensor Network
2024-08-12,Peshawar,34.0151,71.5249,29.0,63.4,21.3,23.9,1012.8,414.8,Satellite Telemetry
2024-08-12,Quetta,30.1798,66.975,26.0,53.3,8.1,19.7,1018.5,401.6,Environmental IoT
2024-08-12,Multan,30.1575,71.5249,37.5,56.6,11.3,18.7,1010.8,421.6,Weather Station
2024-08-12,Hyderabad,25.396,68.3578,35.6,75.4,19.5,27.2,1011.1,417.2,Environmental IoT
2024-08-12,Faisalabad,31.4504,73.135,35.4,65.1,25.2,27.1,1014.0,426.7,Sensor Network
2024-08-13,Karachi,24.8607,67.0011,38.5,87.4,11.7,12.0,1009.0,422.5,Environmental IoT
2024-08-13,Lahore,31.5204,74.3587,34.5,71.0,31.7,11.2,1012.6,427.0,Satellite Telemetry
2024-08-13,Islamabad,33.6844,73.0479,29.6,61.5,48.7,15.9,1017.1,408.0,Sensor Network
2024-08-13,Peshawar,34.0151,71.5249,29.5,59.2,24.5,15.7,1015.4,415.2,Satellite Telemetry
2024-08-13,Quetta,30.1798,66.975,26.1,46.4,10.7,25.8,1020.2,404.4,Environmental IoT
2024-08-13,Multan,30.1575,71.5249,38.3,54.7,12.8,25.8,1010.6,421.0,Environmental IoT
2024-08-13,Hyderabad,25.396,68.3578,34.3,75.8,17.5,26.2,1013.8,420.2,Weather Station
2024-08-13,Faisalabad,31.4504,73.135,33.2,65.2,22.5,13.7,1015.5,424.8,Environmental IoT
2024-08-14,Karachi,24.8607,67.0011,35.5,84.1,9.0,27.5,1010.0,423.9,Satellite Telemetry
2024-08-14,Lahore,31.5204,74.3587,34.0,65.4,26.4,25.1,1013.5,426.1,Sensor Network
2024-08-14,Islamabad,33.6844,73.0479,27.0,59.9,46.0,17.5,1014.4,410.5,Sensor Network
2024-08-14,Peshawar,34.0151,71.5249,31.6,59.1,25.8,13.3,1016.1,412.5,Sensor Network
2024-08-14,Quetta,30.1798,66.975,25.4,45.0,8.9,25.0,1019.7,399.6,Sensor Network
2024-08-14,Multan,30.1575,71.5249,37.9,55.3,17.8,17.1,1014.2,425.1,Environmental IoT
2024-08-14,Hyderabad,25.396,68.3578,35.7,83.0,19.8,11.3,1015.0,414.8,Satellite Telemetry
2024-08-14,Faisalabad,31.4504,73.135,35.0,63.8,18.7,16.5,1013.8,428.9,Satellite Telemetry
2024-08-15,Karachi,24.8607,67.0011,36.7,84.5,9.8,27.3,1010.2,420.8,Sensor Network
2024-08-15,Lahore,31.5204,74.3587,32.1,66.1,27.9,22.9,1015.2,422.6,Weather Station
2024-08-15,Islamabad,33.6844,73.0479,30.0,67.2,48.7,26.6,1015.0,408.3,Sensor Network
2024-08-15,Peshawar,34.0151,71.5249,32.4,66.6,25.2,12.1,1015.3,413.5,Satellite Telemetry
2024-08-15,Quetta,30.1798,66.975,26.2,50.5,13.5,12.1,1020.7,404.0,Weather Station
2024-08-15,Multan,30.1575,71.5249,39.3,62.3,13.2,12.4,1011.0,424.5,Sensor Network
2024-08-15,Hyderabad,25.396,68.3578,37.8,75.6,14.6,10.9,1011.1,418.6,Environmental IoT
2024-08-15,Faisalabad,31.4504,73.135,36.7,65.3,24.9,25.1,1013.9,430.1,Satellite Telemetry
2024-08-16,Karachi,24.8607,67.0011,35.5,81.5,10.3,11.8,1010.1,424.1,Environmental IoT
2024-08-16,Lahore,31.5204,74.3587,35.0,67.3,30.9,13.9,1016.4,422.9,Environmental IoT
2024-08-16,Islamabad,33.6844,73.0479,30.5,66.0,45.7,13.3,1013.8,407.0,Environmental IoT
2024-08-16,Peshawar,34.0151,71.5249,29.5,57.6,21.1,27.4,1015.6,410.9,Sensor Network
2024-08-16,Quetta,30.1798,66.975,24.2,54.1,12.1,23.3,1017.2,400.1,Environmental IoT
2024-08-16,Multan,30.1575,71.5249,39.2,61.0,18.5,23.3,1014.3,421.7,Satellite Telemetry
2024-08-16,Hyderabad,25.396,68.3578,36.1,75.5,19.5,11.7,1012.9,417.6,Weather Station
2024-08-16,Faisalabad,31.4504,73.135,33.4,65.6,26.1,18.2,1014.3,429.1,Environmental IoT
2024-08-17,Karachi,24.8607,67.0011,37.2,84.8,11.6,19.4,1010.6,423.6,Environmental IoT
2024-08-17,Lahore,31.5204,74.3587,33.4,69.1,29.2,18.2,1016.3,427.9,Sensor Network
2024-08-17,Islamabad,33.6844,73.0479,30.6,60.6,46.3,19.1,1013.2,406.0,Environmental IoT
2024-08-17,Peshawar,34.0151,71.5249,32.3,60.4,23.6,22.7,1016.2,410.8,Sensor Network
2024-08-17,Quetta,30.1798,66.975,26.4,52.1,12.0,14.5,1017.2,402.2,Environmental IoT
2024-08-17,Multan,30.1575,71.5249,39.3,60.6,12.7,14.4,1011.3,421.5,Environmental IoT
2024-08-17,Hyderabad,25.396,68.3578,35.8,79.0,20.4,18.0,1010.9,420.1,Satellite Telemetry
2024-08-17,Faisalabad,31.4504,73.135,33.0,66.9,26.2,10.8,1014.7,428.1,Sensor Network
2024-08-18,Karachi,24.8607,67.0011,37.1,81.1,9.4,26.7,1011.0,421.3,Weather Station
2024-08-18,Lahore,31.5204,74.3587,35.0,70.2,29.2,13.1,1017.0,424.3,Satellite Telemetry
2024-08-18,Islamabad,33.6844,73.0479,28.0,61.9,43.0,13.1,1018.6,410.0,Weather Station
2024-08-18,Peshawar,34.0151,71.5249,29.3,59.7,24.0,11.7,1014.3,416.4,Environmental IoT
2024-08-18,Quetta,30.1798,66.975,26.1,51.7,12.6,23.9,1019.2,402.0,Sensor Network
2024-08-18,Multan,30.1575,71.5249,36.6,64.1,16.5,13.9,1014.3,422.8,Environmental IoT
2024-08-18,Hyderabad,25.396,68.3578,34.1,79.3,15.1,10.4,1010.2,416.7,Sensor Network
2024-08-18,Faisalabad,31.4504,73.135,36.8,68.5,21.9,15.7,1011.3,426.2,Satellite Telemetry
2024-08-19,Karachi,24.8607,67.0011,35.6,79.9,13.2,22.6,1009.9,419.3,Weather Station
2024-08-19,Lahore,31.5204,74.3587,32.9,71.3,32.4,17.4,1015.9,423.3,Weather Station
2024-08-19,Islamabad,33.6844,73.0479,28.7,61.0,42.4,10.1,1013.8,407.6,Satellite Telemetry
2024-08-19,Peshawar,34.0151,71.5249,32.7,65.5,22.1,25.3,1013.5,412.0,Environmental IoT
2024-08-19,Quetta,30.1798,66.975,26.8,49.8,9.7,12.2,1020.7,401.7,Weather Station
2024-08-19,Multan,30.1575,71.5249,38.9,55.3,17.8,10.8,1013.0,421.2,Sensor Network
2024-08-19,Hyderabad,25.396,68.3578,37.5,83.3,15.3,14.6,1013.5,418.6,Weather Station
2024-08-19,Faisalabad,31.4504,73.135,33.8,70.0,22.3,15.4,1014.7,427.3,Satellite Telemetry
2024-08-20,Karachi,24.8607,67.0011,38.0,87.2,11.1,22.6,1011.0,418.8,Sensor Network
2024-08-20,Lahore,31.5204,74.3587,32.9,69.1,28.9,15.5,1015.5,425.7,Environmental IoT
2024-08-20,Islamabad,33.6844,73.0479,27.2,65.4,42.5,21.1,1017.4,408.3,Weather Station
2024-08-20,Peshawar,34.0151,71.5249,29.7,60.4,21.9,10.5,1012.4,411.0,Sensor Network
2024-08-20,Quetta,30.1798,66.975,24.8,51.2,12.8,19.5,1018.7,402.3,Environmental IoT
2024-08-20,Multan,30.1575,71.5249,36.2,62.9,11.4,10.8,1011.1,424.5,Environmental IoT
2024-08-20,Hyderabad,25.396,68.3578,35.6,78.2,19.5,14.6,1011.7,419.1,Sensor Network
2024-08-20,Faisalabad,31.4504,73.135,34.3,70.2,22.2,15.1,1015.1,425.9,Satellite Telemetry
2024-08-21,Karachi,24.8607,67.0011,36.3,89.0,9.6,14.9,1012.0,422.9,Satellite Telemetry
2024-08-21,Lahore,31.5204,74.3587,32.3,69.1,32.4,11.3,1016.6,428.2,Weather Station
2024-08-21,Islamabad,33.6844,73.0479,30.4,67.4,46.9,20.7,1018.9,405.5,Environmental IoT
2024-08-21,Peshawar,34.0151,71.5249,29.8,57.5,28.6,10.6,1017.1,413.6,Weather Station
2024-08-21,Quetta,30.1798,66.975,24.7,54.3,11.4,21.9,1020.0,400.7,Satellite Telemetry
2024-08-21,Multan,30.1575,71.5249,38.0,58.3,17.7,20.7,1009.3,425.8,Environmental IoT
2024-08-21,Hyderabad,25.396,68.3578,34.8,80.1,20.9,24.9,1013.7,415.6,Environmental IoT
2024-08-21,Faisalabad,31.4504,73.135,35.3,63.1,21.6,22.7,1014.7,429.9,Sensor Network
2024-08-22,Karachi,24.8607,67.0011,37.4,87.0,13.0,24.0,1008.6,424.5,Sensor Network
2024-08-22,Lahore,31.5204,74.3587,32.1,66.6,28.9,17.6,1011.6,426.6,Environmental IoT
2024-08-22,Islamabad,33.6844,73.0479,27.9,62.3,41.2,14.3,1013.3,406.9,Satellite Telemetry
2024-08-22,Peshawar,34.0151,71.5249,31.6,66.3,22.1,12.6,1014.8,411.3,Satellite Telemetry
2024-08-22,Quetta,30.1798,66.975,25.7,48.1,13.4,11.0,1017.6,398.9,Environmental IoT
2024-08-22,Multan,30.1575,71.5249,38.3,63.7,19.0,14.0,1013.3,424.8,Environmental IoT
2024-08-22,Hyderabad,25.396,68.3578,37.9,78.2,15.8,20.1,1014.4,419.0,Sensor Network
2024-08-22,Faisalabad,31.4504,73.135,33.6,69.2,21.5,11.5,1011.9,427.4,Satellite Telemetry
2024-08-23,Karachi,24.8607,67.0011,37.2,85.5,13.7,10.5,1010.6,420.6,Satellite Telemetry
2024-08-23,Lahore,31.5204,74.3587,34.6,68.5,30.2,27.6,1015.5,423.3,Satellite Telemetry
2024-08-23,Islamabad,33.6844,73.0479,30.2,63.7,44.3,18.0,1015.2,409.6,Satellite Telemetry
2024-08-23,Peshawar,34.0151,71.5249,29.8,67.1,28.7,10.6,1014.4,414.7,Satellite Telemetry
2024-08-23,Quetta,30.1798,66.975,26.6,50.3,12.1,22.2,1021.5,399.1,Satellite Telemetry
2024-08-23,Multan,30.1575,71.5249,37.0,56.4,11.4,18.2,1013.9,421.0,Environmental IoT
2024-08-23,Hyderabad,25.396,68.3578,37.5,80.8,19.5,26.8,1011.1,418.3,Satellite Telemetry
2024-08-23,Faisalabad,31.4504,73.135,34.5,67.0,22.3,27.9,1015.2,425.7,Environmental IoT
2024-08-24,Karachi,24.8607,67.0011,35.8,85.9,9.8,14.5,1008.6,419.9,Weather Station
2024-08-24,Lahore,31.5204,74.3587,32.7,72.0,31.4,27.6,1016.0,427.7,Satellite Telemetry
2024-08-24,Islamabad,33.6844,73.0479,28.2,62.4,47.1,15.7,1018.5,406.4,Satellite Telemetry
2024-08-24,Peshawar,34.0151,71.5249,30.3,67.1,26.4,14.2,1016.6,416.2,Satellite Telemetry
2024-08-24,Quetta,30.1798,66.975,24.4,49.4,6.1,11.9,1017.5,403.2,Sensor Network
2024-08-24,Multan,30.1575,71.5249,39.8,54.5,15.9,15.8,1011.5,422.2,Satellite Telemetry
2024-08-24,Hyderabad,25.396,68.3578,36.2,83.1,20.8,18.2,1011.6,415.5,Sensor Network
2024-08-24,Faisalabad,31.4504,73.135,34.2,62.3,18.6,15.1,1015.8,426.0,Satellite Telemetry
2024-08-25,Karachi,24.8607,67.0011,36.3,89.2,14.9,24.3,1009.3,423.7,Environmental IoT
2024-08-25,Lahore,31.5204,74.3587,35.3,74.3,29.6,13.4,1013.9,423.5,Weather Station
2024-08-25,Islamabad,33.6844,73.0479,27.1,59.7,48.5,23.3,1015.4,405.9,Satellite Telemetry
2024-08-25,Peshawar,34.0151,71.5249,29.9,64.0,28.8,26.6,1015.6,414.9,Weather Station
2024-08-25,Quetta,30.1798,66.975,25.2,45.4,9.3,17.9,1020.9,399.7,Weather Station
2024-08-25,Multan,30.1575,71.5249,38.9,57.3,13.6,21.4,1010.1,426.3,Weather Station
2024-08-25,Hyderabad,25.396,68.3578,35.8,76.8,17.1,13.2,1009.3,415.2,Weather Station
2024-08-25,Faisalabad,31.4504,73.135,36.1,63.4,18.6,19.4,1012.8,430.1,Environmental IoT
2024-08-26,Karachi,24.8607,67.0011,36.1,84.6,16.1,14.8,1008.3,422.1,Satellite Telemetry
2024-08-26,Lahore,31.5204,74.3587,33.5,70.8,28.3,22.6,1015.9,426.7,Environmental IoT
2024-08-26,Islamabad,33.6844,73.0479,30.0,66.6,43.6,16.3,1018.7,408.2,Satellite Telemetry
2024-08-26,Peshawar,34.0151,71.5249,30.4,58.8,28.8,11.7,1014.4,414.1,Sensor Network
2024-08-26,Quetta,30.1798,66.975,25.9,44.5,13.4,18.2,1017.0,400.8,Sensor Network
2024-08-26,Multan,30.1575,71.5249,39.8,62.4,17.2,22.7,1013.9,421.3,Weather Station
2024-08-26,Hyderabad,25.396,68.3578,34.4,80.6,14.8,15.5,1009.5,418.8,Sensor Network
2024-08-26,Faisalabad,31.4504,73.135,33.3,70.0,19.6,18.9,1012.2,429.5,Environmental IoT
2024-08-27,Karachi,24.8607,67.0011,37.5,87.0,15.9,15.7,1011.9,421.7,Sensor Network
2024-08-27,Lahore,31.5204,74.3587,33.5,72.2,30.1,25.3,1011.3,422.7,Environmental IoT
2024-08-27,Islamabad,33.6844,73.0479,28.3,69.3,47.2,11.5,1013.9,409.0,Weather Station
2024-08-27,Peshawar,34.0151,71.5249,29.8,63.0,26.1,18.3,1016.4,413.7,Environmental IoT
2024-08-27,Quetta,30.1798,66.975,25.1,47.0,12.1,26.6,1018.3,398.7,Environmental IoT
2024-08-27,Multan,30.1575,71.5249,36.3,61.6,18.8,13.9,1009.6,425.4,Satellite Telemetry
2024-08-27,Hyderabad,25.396,68.3578,36.5,84.3,15.0,15.0,1010.0,415.0,Weather Station
2024-08-27,Faisalabad,31.4504,73.135,35.7,64.7,24.5,16.0,1010.3,430.4,Environmental IoT
2024-08-28,Karachi,24.8607,67.0011,37.7,85.5,12.8,12.1,1013.9,419.2,Sensor Network
2024-08-28,Lahore,31.5204,74.3587,34.1,72.9,27.0,21.9,1014.2,427.4,Satellite Telemetry
2024-08-28,Islamabad,33.6844,73.0479,28.1,62.9,46.8,22.2,1016.4,407.5,Environmental IoT
2024-08-28,Peshawar,34.0151,71.5249,29.2,58.7,23.7,16.3,1015.1,414.0,Environmental IoT
2024-08-28,Quetta,30.1798,66.975,25.5,48.7,12.9,24.0,1017.4,401.5,Weather Station
2024-08-28,Multan,30.1575,71.5249,38.5,55.6,14.4,10.1,1013.1,425.1,Weather Station
2024-08-28,Hyderabad,25.396,68.3578,37.9,78.1,14.5,14.6,1014.0,417.7,Satellite Telemetry
2024-08-28,Faisalabad,31.4504,73.135,35.2,67.5,26.2,19.8,1014.6,429.1,Weather Station
2024-08-29,Karachi,24.8607,67.0011,36.2,89.0,9.8,21.8,1009.6,420.5,Satellite Telemetry
2024-08-29,Lahore,31.5204,74.3587,35.9,65.6,28.5,10.9,1012.8,427.5,Sensor Network
2024-08-29,Islamabad,33.6844,73.0479,29.8,63.1,45.4,24.0,1013.8,410.7,Environmental IoT
2024-08-29,Peshawar,34.0151,71.5249,29.7,64.9,21.4,21.1,1013.3,415.9,Satellite Telemetry
2024-08-29,Quetta,30.1798,66.975,24.9,51.1,13.1,24.5,1016.6,404.1,Weather Station
2024-08-29,Multan,30.1575,71.5249,37.3,63.2,11.2,25.4,1014.9,424.7,Environmental IoT
2024-08-29,Hyderabad,25.396,68.3578,35.1,77.4,16.7,24.6,1011.2,417.9,Weather Station
2024-08-29,Faisalabad,31.4504,73.135,34.0,71.0,20.7,22.5,1013.9,424.8,Satellite Telemetry
2024-08-30,Karachi,24.8607,67.0011,36.7,86.5,15.3,24.2,1009.6,420.8,Environmental IoT
2024-08-30,Lahore,31.5204,74.3587,34.4,67.9,29.9,22.7,1012.3,422.6,Environmental IoT
2024-08-30,Islamabad,33.6844,73.0479,30.2,67.6,44.2,24.1,1013.7,407.7,Satellite Telemetry
2024-08-30,Peshawar,34.0151,71.5249,32.2,60.1,24.7,26.3,1015.3,410.9,Weather Station
2024-08-30,Quetta,30.1798,66.975,25.8,47.2,13.0,13.7,1019.7,401.1,Sensor Network
2024-08-30,Multan,30.1575,71.5249,38.6,62.8,13.1,27.2,1011.6,425.7,Sensor Network
2024-08-30,Hyderabad,25.396,68.3578,37.9,75.2,20.3,22.8,1011.6,419.5,Sensor Network
2024-08-30,Faisalabad,31.4504,73.135,34.8,71.0,24.1,14.0,1010.4,425.6,Satellite Telemetry
2024-08-31,Karachi,24.8607,67.0011,36.1,88.2,14.5,13.5,1009.7,422.9,Sensor Network
2024-08-31,Lahore,31.5204,74.3587,34.8,71.2,29.0,27.1,1011.3,428.5,Sensor Network
2024-08-31,Islamabad,33.6844,73.0479,27.7,66.7,48.6,24.3,1016.7,407.3,Sensor Network
2024-08-31,Peshawar,34.0151,71.5249,32.7,62.0,24.4,26.1,1014.1,412.7,Sensor Network
2024-08-31,Quetta,30.1798,66.975,23.2,48.0,8.1,23.8,1017.9,400.6,Weather Station
2024-08-31,Multan,30.1575,71.5249,39.8,55.0,17.6,26.5,1010.5,426.1,Environmental IoT
2024-08-31,Hyderabad,25.396,68.3578,37.5,80.8,16.3,12.2,1011.3,414.8,Weather Station
2024-08-31,Faisalabad,31.4504,73.135,35.1,70.2,26.4,24.8,1012.7,427.1,Sensor Network
2024-09-01,Karachi,24.8607,67.0011,33.7,83.5,12.8,21.2,1010.4,423.5,Weather Station
2024-09-01,Lahore,31.5204,74.3587,30.7,69.1,33.3,16.2,1013.7,424.1,Sensor Network
2024-09-01,Islamabad,33.6844,73.0479,25.7,58.1,44.5,16.0,1015.5,406.9,Satellite Telemetry
2024-09-01,Peshawar,34.0151,71.5249,28.8,65.7,23.4,27.7,1013.1,416.2,Weather Station
2024-09-01,Quetta,30.1798,66.975,22.6,47.6,13.0,24.3,1017.2,400.1,Sensor Network
2024-09-01,Multan,30.1575,71.5249,34.6,59.8,14.3,10.6,1013.5,423.3,Weather Station
2024-09-01,Hyderabad,25.396,68.3578,34.3,79.6,16.4,17.7,1012.6,419.4,Satellite Telemetry
2024-09-01,Faisalabad,31.4504,73.135,30.9,60.9,24.7,25.3,1014.7,425.6,Weather Station
2024-09-02,Karachi,24.8607,67.0011,34.7,84.6,14.8,13.3,1009.3,419.8,Sensor Network
2024-09-02,Lahore,31.5204,74.3587,30.9,63.3,30.0,27.9,1011.8,424.6,Satellite Telemetry
2024-09-02,Islamabad,33.6844,73.0479,27.3,63.2,48.0,26.7,1014.5,409.1,Weather Station
2024-09-02,Peshawar,34.0151,71.5249,28.1,62.5,25.0,26.7,1015.9,416.5,Environmental IoT
2024-09-02,Quetta,30.1798,66.975,23.0,47.2,13.2,26.6,1016.7,400.3,Satellite Telemetry
2024-09-02,Multan,30.1575,71.5249,34.5,62.0,14.3,19.8,1011.4,425.6,Satellite Telemetry
2024-09-02,Hyderabad,25.396,68.3578,33.7,80.1,21.4,25.6,1009.3,419.1,Environmental IoT
2024-09-02,Faisalabad,31.4504,73.135,33.6,63.6,25.7,11.5,1010.8,427.4,Satellite Telemetry
2024-09-03,Karachi,24.8607,67.0011,32.8,78.3,16.0,11.9,1011.6,419.9,Satellite Telemetry
2024-09-03,Lahore,31.5204,74.3587,29.3,63.0,29.0,25.1,1011.8,426.5,Environmental IoT
2024-09-03,Islamabad,33.6844,73.0479,26.8,60.0,43.7,13.6,1014.7,409.7,Environmental IoT
2024-09-03,Peshawar,34.0151,71.5249,28.1,59.8,24.4,23.9,1013.5,411.6,Weather Station
2024-09-03,Quetta,30.1798,66.975,24.0,52.1,8.7,20.2,1021.1,400.2,Sensor Network
2024-09-03,Multan,30.1575,71.5249,34.9,55.0,14.8,23.9,1011.0,426.4,Sensor Network
2024-09-03,Hyderabad,25.396,68.3578,32.6,75.4,21.4,27.9,1012.0,418.8,Sensor Network
2024-09-03,Faisalabad,31.4504,73.135,31.6,66.1,18.6,21.4,1013.3,425.1,Satellite Telemetry
2024-09-04,Karachi,24.8607,67.0011,32.0,80.9,10.5,25.3,1009.1,423.1,Environmental IoT
2024-09-04,Lahore,31.5204,74.3587,32.4,67.4,33.8,23.8,1015.2,426.1,Weather Station
2024-09-04,Islamabad,33.6844,73.0479,24.8,62.9,45.3,10.9,1015.6,409.6,Sensor Network
2024-09-04,Peshawar,34.0151,71.5249,29.1,66.0,26.7,25.4,1015.0,415.2,Weather Station
2024-09-04,Quetta,30.1798,66.975,21.3,52.1,9.1,20.0,1019.7,401.6,Satellite Telemetry
2024-09-04,Multan,30.1575,71.5249,36.1,60.9,12.7,17.7,1011.7,421.4,Weather Station
2024-09-04,Hyderabad,25.396,68.3578,34.8,81.7,19.7,15.2,1013.8,419.9,Sensor Network
2024-09-04,Faisalabad,31.4504,73.135,33.9,61.5,21.0,24.9,1013.8,430.6,Satellite Telemetry
2024-09-05,Karachi,24.8607,67.0011,34.5,87.8,16.4,15.7,1011.4,422.0,Sensor Network
2024-09-05,Lahore,31.5204,74.3587,32.1,70.4,33.7,20.1,1015.6,426.0,Environmental IoT
2024-09-05,Islamabad,33.6844,73.0479,25.3,61.0,44.2,23.5,1013.6,408.8,Environmental IoT
2024-09-05,Peshawar,34.0151,71.5249,29.1,58.1,21.9,11.9,1012.7,416.3,Satellite Telemetry
2024-09-05,Quetta,30.1798,66.975,20.4,51.8,12.5,21.9,1017.0,399.9,Sensor Network
2024-09-05,Multan,30.1575,71.5249,34.0,61.5,13.3,24.6,1011.5,423.6,Environmental IoT
2024-09-05,Hyderabad,25.396,68.3578,31.7,82.3,16.2,21.1,1011.5,416.4,Sensor Network
2024-09-05,Faisalabad,31.4504,73.135,31.5,63.7,19.9,16.1,1010.0,430.2,Sensor Network
2024-09-06,Karachi,24.8607,67.0011,32.0,86.9,13.5,12.3,1011.4,419.4,Sensor Network
2024-09-06,Lahore,31.5204,74.3587,30.3,64.3,29.9,23.2,1016.6,428.6,Weather Station
2024-09-06,Islamabad,33.6844,73.0479,26.9,58.1,42.6,25.8,1014.8,406.9,Weather Station
2024-09-06,Peshawar,34.0151,71.5249,29.6,62.9,27.9,11.6,1017.0,412.6,Sensor Network
2024-09-06,Quetta,30.1798,66.975,21.4,48.4,6.6,13.6,1017.8,404.6,Satellite Telemetry
2024-09-06,Multan,30.1575,71.5249,36.2,55.4,13.9,19.4,1011.1,424.3,Weather Station
2024-09-06,Hyderabad,25.396,68.3578,32.8,75.9,20.5,20.2,1011.0,416.9,Satellite Telemetry
2024-09-06,Faisalabad,31.4504,73.135,30.2,65.1,20.2,12.6,1013.2,427.9,Weather Station
2024-09-07,Karachi,24.8607,67.0011,35.5,80.6,8.8,19.6,1013.9,422.4,Sensor Network
2024-09-07,Lahore,31.5204,74.3587,30.9,65.6,28.4,15.2,1011.2,427.7,Sensor Network
2024-09-07,Islamabad,33.6844,73.0479,26.6,61.4,44.4,10.7,1015.1,408.8,Satellite Telemetry
2024-09-07,Peshawar,34.0151,71.5249,26.8,56.5,28.0,11.4,1012.6,412.0,Satellite Telemetry
2024-09-07,Quetta,30.1798,66.975,23.7,43.0,9.4,20.4,1020.4,402.6,Environmental IoT
2024-09-07,Multan,30.1575,71.5249,36.8,55.0,14.7,13.1,1014.6,425.7,Satellite Telemetry
2024-09-07,Hyderabad,25.396,68.3578,33.7,76.9,17.8,10.2,1011.2,420.7,Satellite Telemetry
2024-09-07,Faisalabad,31.4504,73.135,33.1,69.1,23.7,12.7,1014.0,429.8,Satellite Telemetry
2024-09-08,Karachi,24.8607,67.0011,35.0,78.0,12.7,26.0,1008.0,419.7,Satellite Telemetry
2024-09-08,Lahore,31.5204,74.3587,33.0,64.4,29.6,19.8,1011.4,424.1,Satellite Telemetry
2024-09-08,Islamabad,33.6844,73.0479,24.3,59.9,46.8,20.1,1016.9,408.4,Environmental IoT
2024-09-08,Peshawar,34.0151,71.5249,28.5,60.5,24.0,17.4,1016.2,416.4,Satellite Telemetry
2024-09-08,Quetta,30.1798,66.975,22.1,51.1,10.1,26.3,1020.9,400.9,Weather Station
2024-09-08,Multan,30.1575,71.5249,36.0,58.8,18.3,14.8,1009.9,426.4,Satellite Telemetry
2024-09-08,Hyderabad,25.396,68.3578,32.7,81.6,21.3,17.8,1011.9,415.3,Sensor Network
2024-09-08,Faisalabad,31.4504,73.135,33.0,66.1,21.3,19.2,1015.7,428.2,Satellite Telemetry
2024-09-09,Karachi,24.8607,67.0011,33.2,80.3,11.5,11.7,1009.4,422.1,Satellite Telemetry
2024-09-09,Lahore,31.5204,74.3587,30.2,65.3,26.5,12.0,1013.2,422.9,Environmental IoT
2024-09-09,Islamabad,33.6844,73.0479,26.6,62.5,47.2,15.6,1018.0,406.5,Environmental IoT
2024-09-09,Peshawar,34.0151,71.5249,27.6,56.9,24.5,11.6,1014.4,415.4,Weather Station
2024-09-09,Quetta,30.1798,66.975,20.8,52.4,6.8,23.0,1018.6,404.0,Environmental IoT
2024-09-09,Multan,30.1575,71.5249,34.6,54.4,18.1,15.9,1014.1,422.4,Sensor Network
2024-09-09,Hyderabad,25.396,68.3578,34.4,78.6,19.4,13.1,1011.5,419.6,Satellite Telemetry
2024-09-09,Faisalabad,31.4504,73.135,32.8,62.0,22.1,16.6,1013.5,428.6,Weather Station
2024-09-10,Karachi,24.8607,67.0011,32.4,85.5,13.4,14.0,1012.0,421.0,Environmental IoT
2024-09-10,Lahore,31.5204,74.3587,29.2,69.4,31.1,17.9,1013.3,426.5,Weather Station
2024-09-10,Islamabad,33.6844,73.0479,25.3,65.1,46.8,25.4,1017.6,411.1,Satellite Telemetry
2024-09-10,Peshawar,34.0151,71.5249,28.6,63.2,25.0,15.4,1016.8,415.6,Environmental IoT
2024-09-10,Quetta,30.1798,66.975,23.3,43.7,9.8,16.9,1017.7,404.0,Sensor Network
2024-09-10,Multan,30.1575,71.5249,35.4,54.4,13.3,26.1,1010.7,425.0,Satellite Telemetry
2024-09-10,Hyderabad,25.396,68.3578,33.4,73.3,17.1,17.9,1013.9,415.1,Sensor Network
2024-09-10,Faisalabad,31.4504,73.135,31.7,69.1,18.6,11.3,1013.1,427.6,Environmental IoT
2024-09-11,Karachi,24.8607,67.0011,33.2,82.5,10.6,27.2,1012.4,424.0,Sensor Network
2024-09-11,Lahore,31.5204,74.3587,29.3,71.1,28.9,23.9,1012.8,425.7,Environmental IoT
2024-09-11,Islamabad,33.6844,73.0479,27.6,58.2,44.1,18.8,1014.3,408.7,Satellite Telemetry
2024-09-11,Peshawar,34.0151,71.5249,27.6,60.9,29.0,19.5,1015.6,415.3,Sensor Network
2024-09-11,Quetta,30.1798,66.975,20.8,44.8,10.6,24.4,1019.2,403.6,Sensor Network
2024-09-11,Multan,30.1575,71.5249,33.8,53.4,16.6,16.7,1014.4,424.0,Environmental IoT
2024-09-11,Hyderabad,25.396,68.3578,33.6,82.4,14.5,23.3,1009.1,417.6,Environmental IoT
2024-09-11,Faisalabad,31.4504,73.135,33.7,62.8,19.2,24.4,1013.5,425.5,Environmental IoT
2024-09-12,Karachi,24.8607,67.0011,34.2,87.1,12.5,24.1,1012.0,422.2,Environmental IoT
2024-09-12,Lahore,31.5204,74.3587,29.3,67.1,26.4,12.7,1016.8,423.1,Satellite Telemetry
2024-09-12,Islamabad,33.6844,73.0479,27.7,62.4,42.8,18.2,1019.0,407.5,Sensor Network
2024-09-12,Peshawar,34.0151,71.5249,28.4,63.0,26.5,22.6,1013.8,412.9,Satellite Telemetry
2024-09-12,Quetta,30.1798,66.975,22.8,46.7,10.5,25.7,1021.5,400.2,Weather Station
2024-09-12,Multan,30.1575,71.5249,36.3,62.1,17.3,17.6,1009.4,425.8,Satellite Telemetry
2024-09-12,Hyderabad,25.396,68.3578,32.9,81.3,15.0,11.4,1013.7,420.2,Sensor Network
2024-09-12,Faisalabad,31.4504,73.135,32.5,64.6,24.7,19.5,1014.1,427.3,Weather Station
2024-09-13,Karachi,24.8607,67.0011,33.8,86.7,14.8,10.7,1008.2,421.9,Satellite Telemetry
2024-09-13,Lahore,31.5204,74.3587,30.6,69.9,29.5,16.2,1012.5,424.5,Satellite Telemetry
2024-09-13,Islamabad,33.6844,73.0479,25.1,58.6,46.3,28.0,1016.1,409.2,Satellite Telemetry
2024-09-13,Peshawar,34.0151,71.5249,30.0,64.7,25.4,18.2,1013.2,412.1,Environmental IoT
2024-09-13,Quetta,30.1798,66.975,22.8,48.1,9.7,23.9,1018.0,401.0,Satellite Telemetry
2024-09-13,Multan,30.1575,71.5249,33.1,53.1,13.0,12.2,1012.9,421.9,Environmental IoT
2024-09-13,Hyderabad,25.396,68.3578,33.0,82.1,18.2,13.5,1012.8,416.5,Satellite Telemetry
2024-09-13,Faisalabad,31.4504,73.135,31.8,69.9,21.3,18.2,1012.3,428.6,Environmental IoT
2024-09-14,Karachi,24.8607,67.0011,35.9,81.6,13.4,17.7,1012.7,419.2,Environmental IoT
2024-09-14,Lahore,31.5204,74.3587,29.5,70.4,31.6,20.8,1014.1,423.6,Sensor Network
2024-09-14,Islamabad,33.6844,73.0479,26.3,64.5,49.0,12.0,1018.6,409.1,Weather Station
2024-09-14,Peshawar,34.0151,71.5249,26.2,59.1,23.3,13.0,1017.3,413.4,Sensor Network
2024-09-14,Quetta,30.1798,66.975,21.5,45.6,9.0,10.8,1019.0,399.0,Weather Station
2024-09-14,Multan,30.1575,71.5249,33.4,53.4,14.7,25.0,1014.4,421.8,Weather Station
2024-09-14,Hyderabad,25.396,68.3578,33.7,82.2,15.6,24.1,1009.2,416.0,Weather Station
2024-09-14,Faisalabad,31.4504,73.135,33.5,68.7,20.4,21.9,1011.9,428.1,Sensor Network
2024-09-15,Karachi,24.8607,67.0011,32.6,78.1,12.6,19.2,1008.4,420.6,Weather Station
2024-09-15,Lahore,31.5204,74.3587,30.6,71.2,31.3,18.5,1014.2,428.6,Sensor Network
2024-09-15,Islamabad,33.6844,73.0479,27.8,58.3,46.0,16.8,1014.8,408.7,Weather Station
2024-09-15,Peshawar,34.0151,71.5249,26.0,64.7,24.1,16.8,1015.8,414.5,Satellite Telemetry
2024-09-15,Quetta,30.1798,66.975,23.5,43.8,8.9,19.9,1020.6,400.7,Satellite Telemetry
2024-09-15,Multan,30.1575,71.5249,34.9,62.7,12.7,10.1,1010.1,422.6,Weather Station
2024-09-15,Hyderabad,25.396,68.3578,32.8,83.0,16.4,22.1,1012.7,418.5,Environmental IoT
2024-09-15,Faisalabad,31.4504,73.135,32.1,64.7,21.7,18.2,1012.9,425.5,Satellite Telemetry
2024-09-16,Karachi,24.8607,67.0011,33.0,80.8,15.3,17.6,1012.3,421.2,Satellite Telemetry
2024-09-16,Lahore,31.5204,74.3587,32.1,66.9,28.4,13.2,1014.9,423.2,Sensor Network
2024-09-16,Islamabad,33.6844,73.0479,26.6,58.3,45.5,23.8,1013.1,408.2,Weather Station
2024-09-16,Peshawar,34.0151,71.5249,29.2,62.7,22.8,15.8,1013.7,413.2,Environmental IoT
2024-09-16,Quetta,30.1798,66.975,23.2,46.1,12.3,26.2,1019.8,402.0,Satellite Telemetry
2024-09-16,Multan,30.1575,71.5249,33.2,56.2,14.8,10.9,1013.9,424.7,Weather Station
2024-09-16,Hyderabad,25.396,68.3578,32.3,81.0,14.6,19.2,1014.5,419.0,Sensor Network
2024-09-16,Faisalabad,31.4504,73.135,32.0,64.0,24.0,17.9,1012.6,427.8,Satellite Telemetry
2024-09-17,Karachi,24.8607,67.0011,34.8,85.8,12.4,11.3,1008.7,420.1,Environmental IoT
2024-09-17,Lahore,31.5204,74.3587,29.1,65.8,26.7,19.9,1011.1,428.7,Environmental IoT
2024-09-17,Islamabad,33.6844,73.0479,26.0,63.6,47.0,10.3,1014.3,410.0,Sensor Network
2024-09-17,Peshawar,34.0151,71.5249,26.3,59.0,26.6,26.3,1017.2,410.9,Sensor Network
2024-09-17,Quetta,30.1798,66.975,22.5,44.5,12.3,24.9,1017.3,403.1,Satellite Telemetry
2024-09-17,Multan,30.1575,71.5249,33.9,53.3,11.8,27.1,1011.8,421.8,Sensor Network
2024-09-17,Hyderabad,25.396,68.3578,34.0,79.4,19.3,26.6,1011.9,420.5,Sensor Network
2024-09-17,Faisalabad,31.4504,73.135,32.8,62.5,21.3,25.0,1015.0,425.8,Sensor Network
2024-09-18,Karachi,24.8607,67.0011,34.8,83.6,14.8,13.4,1013.5,423.4,Environmental IoT
2024-09-18,Lahore,31.5204,74.3587,30.6,66.0,33.8,13.1,1016.3,423.8,Environmental IoT
2024-09-18,Islamabad,33.6844,73.0479,27.8,64.8,45.2,27.0,1018.1,410.4,Sensor Network
2024-09-18,Peshawar,34.0151,71.5249,26.4,63.7,27.4,11.7,1017.7,414.8,Weather Station
2024-09-18,Quetta,30.1798,66.975,21.6,46.1,7.4,11.6,1019.0,403.1,Environmental IoT
2024-09-18,Multan,30.1575,71.5249,36.9,54.7,16.5,26.2,1011.0,422.4,Environmental IoT
2024-09-18,Hyderabad,25.396,68.3578,32.8,81.6,19.0,14.9,1012.2,416.3,Satellite Telemetry
2024-09-18,Faisalabad,31.4504,73.135,32.8,67.2,18.7,24.0,1012.3,428.1,Weather Station
2024-09-19,Karachi,24.8607,67.0011,33.2,84.2,9.9,27.8,1012.2,424.5,Weather Station
2024-09-19,Lahore,31.5204,74.3587,32.1,68.9,32.9,21.8,1016.8,427.2,Environmental IoT
2024-09-19,Islamabad,33.6844,73.0479,25.6,63.8,43.3,26.5,1016.3,410.7,Weather Station
2024-09-19,Peshawar,34.0151,71.5249,26.2,56.1,22.5,19.6,1016.8,415.4,Weather Station
2024-09-19,Quetta,30.1798,66.975,20.7,43.8,8.2,16.1,1018.4,403.9,Satellite Telemetry
2024-09-19,Multan,30.1575,71.5249,33.1,53.9,15.7,15.9,1011.6,425.0,Satellite Telemetry
2024-09-19,Hyderabad,25.396,68.3578,33.7,77.7,19.0,20.2,1011.4,420.3,Environmental IoT
2024-09-19,Faisalabad,31.4504,73.135,30.4,62.1,21.3,15.5,1011.3,427.3,Weather Station
2024-09-20,Karachi,24.8607,67.0011,33.5,87.7,9.4,23.2,1011.2,424.3,Environmental IoT
2024-09-20,Lahore,31.5204,74.3587,29.0,63.6,33.0,14.3,1012.1,425.0,Weather Station
2024-09-20,Islamabad,33.6844,73.0479,26.2,61.2,44.0,16.1,1013.9,411.8,Satellite Telemetry
2024-09-20,Peshawar,34.0151,71.5249,27.4,59.0,28.8,12.1,1012.1,416.8,Sensor Network
2024-09-20,Quetta,30.1798,66.975,21.1,44.6,13.2,26.7,1021.8,403.1,Satellite Telemetry
2024-09-20,Multan,30.1575,71.5249,33.4,58.1,14.6,19.4,1009.2,422.5,Sensor Network
2024-09-20,Hyderabad,25.396,68.3578,33.9,80.2,14.2,27.6,1009.8,420.8,Sensor Network
2024-09-20,Faisalabad,31.4504,73.135,33.9,61.4,23.4,24.2,1010.9,429.3,Weather Station
2024-09-21,Karachi,24.8607,67.0011,35.1,87.1,9.5,10.6,1012.4,419.6,Environmental IoT
2024-09-21,Lahore,31.5204,74.3587,29.4,65.9,31.6,19.2,1011.8,423.1,Environmental IoT
2024-09-21,Islamabad,33.6844,73.0479,25.3,64.7,48.5,22.1,1018.9,409.2,Sensor Network
2024-09-21,Peshawar,34.0151,71.5249,29.7,58.1,22.3,27.4,1016.2,414.4,Sensor Network
2024-09-21,Quetta,30.1798,66.975,22.5,52.5,13.0,13.1,1020.4,403.9,Environmental IoT
2024-09-21,Multan,30.1575,71.5249,34.3,60.6,18.9,18.4,1012.3,424.6,Weather Station
2024-09-21,Hyderabad,25.396,68.3578,32.8,75.0,13.7,14.3,1012.3,419.8,Satellite Telemetry
2024-09-21,Faisalabad,31.4504,73.135,31.3,64.4,24.9,27.5,1014.5,429.4,Sensor Network
2024-09-22,Karachi,24.8607,67.0011,35.3,86.2,14.9,16.8,1013.1,419.2,Sensor Network
2024-09-22,Lahore,31.5204,74.3587,31.7,70.8,27.8,17.7,1016.7,424.7,Environmental IoT
2024-09-22,Islamabad,33.6844,73.0479,27.9,65.3,45.2,11.4,1013.6,409.5,Satellite Telemetry
2024-09-22,Peshawar,34.0151,71.5249,30.0,60.5,22.8,15.9,1015.9,414.1,Satellite Telemetry
2024-09-22,Quetta,30.1798,66.975,21.0,52.4,11.4,17.1,1018.8,402.4,Satellite Telemetry
2024-09-22,Multan,30.1575,71.5249,33.7,62.7,16.8,18.4,1010.1,424.0,Sensor Network
2024-09-22,Hyderabad,25.396,68.3578,32.9,81.9,16.6,12.4,1012.5,420.9,Satellite Telemetry
2024-09-22,Faisalabad,31.4504,73.135,32.8,69.2,23.0,15.3,1011.6,430.3,Weather Station
2024-09-23,Karachi,24.8607,67.0011,32.7,88.0,10.0,24.4,1009.3,423.9,Weather Station
2024-09-23,Lahore,31.5204,74.3587,29.9,67.9,30.2,16.2,1014.5,428.2,Satellite Telemetry
2024-09-23,Islamabad,33.6844,73.0479,27.2,64.8,48.7,25.8,1014.3,408.9,Satellite Telemetry
2024-09-23,Peshawar,34.0151,71.5249,29.0,65.6,23.9,20.8,1012.3,411.9,Sensor Network
2024-09-23,Quetta,30.1798,66.975,22.3,51.1,12.2,20.5,1019.1,402.6,Weather Station
2024-09-23,Multan,30.1575,71.5249,34.1,61.5,11.4,25.5,1013.3,426.4,Sensor Network
2024-09-23,Hyderabad,25.396,68.3578,32.2,81.1,21.0,14.4,1013.8,417.6,Sensor Network
2024-09-23,Faisalabad,31.4504,73.135,33.6,60.8,24.7,11.3,1010.3,430.3,Satellite Telemetry
2024-09-24,Karachi,24.8607,67.0011,34.7,79.4,10.7,15.8,1010.7,424.4,Sensor Network
2024-09-24,Lahore,31.5204,74.3587,29.1,64.8,26.3,21.5,1016.2,426.5,Environmental IoT
2024-09-24,Islamabad,33.6844,73.0479,27.9,63.7,41.9,14.7,1015.7,408.1,Sensor Network
2024-09-24,Peshawar,34.0151,71.5249,27.0,58.7,25.8,19.8,1016.2,411.3,Environmental IoT
2024-09-24,Quetta,30.1798,66.975,21.2,46.0,10.9,21.6,1016.2,402.4,Environmental IoT
2024-09-24,Multan,30.1575,71.5249,34.7,58.3,16.8,18.5,1011.1,424.1,Environmental IoT
2024-09-24,Hyderabad,25.396,68.3578,34.5,73.3,18.5,20.4,1010.9,418.8,Environmental IoT
2024-09-24,Faisalabad,31.4504,73.135,33.2,66.8,23.5,24.0,1012.2,425.4,Sensor Network
2024-09-25,Karachi,24.8607,67.0011,35.2,81.5,13.7,22.8,1011.7,420.3,Weather Station
2024-09-25,Lahore,31.5204,74.3587,32.5,70.7,31.3,12.5,1011.4,427.2,Weather Station
2024-09-25,Islamabad,33.6844,73.0479,25.6,59.3,46.6,19.4,1018.0,406.1,Satellite Telemetry
2024-09-25,Peshawar,34.0151,71.5249,27.7,60.7,23.9,16.9,1012.9,411.4,Satellite Telemetry
2024-09-25,Quetta,30.1798,66.975,21.3,50.6,13.0,22.4,1018.2,403.9,Satellite Telemetry
2024-09-25,Multan,30.1575,71.5249,35.5,60.7,15.5,18.2,1014.1,421.6,Environmental IoT
2024-09-25,Hyderabad,25.396,68.3578,32.8,82.7,19.7,16.5,1010.8,417.2,Sensor Network
2024-09-25,Faisalabad,31.4504,73.135,31.1,62.6,26.1,21.2,1012.8,425.7,Environmental IoT
2024-09-26,Karachi,24.8607,67.0011,34.5,83.3,13.7,18.8,1009.3,420.5,Sensor Network
2024-09-26,Lahore,31.5204,74.3587,29.2,63.1,32.0,25.0,1014.4,428.7,Environmental IoT
2024-09-26,Islamabad,33.6844,73.0479,26.4,67.5,43.3,13.7,1015.7,408.0,Weather Station
2024-09-26,Peshawar,34.0151,71.5249,29.2,60.4,24.9,18.0,1013.9,414.5,Sensor Network
2024-09-26,Quetta,30.1798,66.975,21.0,48.4,9.4,12.0,1021.9,399.1,Environmental IoT
2024-09-26,Multan,30.1575,71.5249,33.7,61.6,18.8,16.0,1014.9,426.3,Environmental IoT
2024-09-26,Hyderabad,25.396,68.3578,31.3,77.3,18.7,14.0,1010.9,420.9,Satellite Telemetry
2024-09-26,Faisalabad,31.4504,73.135,31.8,63.6,20.9,18.1,1012.2,427.4,Environmental IoT
2024-09-27,Karachi,24.8607,67.0011,33.3,81.1,13.4,25.1,1009.1,423.1,Satellite Telemetry
2024-09-27,Lahore,31.5204,74.3587,31.1,63.1,32.4,21.1,1016.5,426.4,Environmental IoT
2024-09-27,Islamabad,33.6844,73.0479,24.3,62.2,42.9,16.8,1015.1,408.2,Weather Station
2024-09-27,Peshawar,34.0151,71.5249,28.4,64.9,21.7,11.4,1012.7,412.4,Environmental IoT
2024-09-27,Quetta,30.1798,66.975,22.6,44.1,7.1,27.5,1017.2,402.3,Environmental IoT
2024-09-27,Multan,30.1575,71.5249,35.3,58.3,14.8,25.1,1009.4,426.1,Sensor Network
2024-09-27,Hyderabad,25.396,68.3578,34.2,78.2,16.1,13.7,1013.8,418.2,Sensor Network
2024-09-27,Faisalabad,31.4504,73.135,30.4,69.9,21.1,23.6,1012.8,429.6,Satellite Telemetry
2024-09-28,Karachi,24.8607,67.0011,34.2,83.1,14.9,15.4,1013.0,421.4,Satellite Telemetry
2024-09-28,Lahore,31.5204,74.3587,29.7,65.8,33.4,22.2,1016.3,427.2,Environmental IoT
2024-09-28,Islamabad,33.6844,73.0479,27.1,67.4,43.0,17.0,1019.0,406.5,Satellite Telemetry
2024-09-28,Peshawar,34.0151,71.5249,29.2,58.4,28.4,27.2,1017.9,411.3,Sensor Network
2024-09-28,Quetta,30.1798,66.975,22.3,50.2,7.2,23.2,1016.7,400.7,Satellite Telemetry
2024-09-28,Multan,30.1575,71.5249,36.2,60.9,11.7,16.0,1013.6,425.4,Satellite Telemetry
2024-09-28,Hyderabad,25.396,68.3578,33.9,81.1,21.3,10.8,1010.2,418.5,Environmental IoT
2024-09-28,Faisalabad,31.4504,73.135,33.6,60.5,19.6,10.2,1014.2,426.1,Satellite Telemetry
2024-09-29,Karachi,24.8607,67.0011,33.0,84.0,13.0,17.9,1010.3,423.6,Weather Station
2024-09-29,Lahore,31.5204,74.3587,30.5,72.3,28.4,11.6,1012.8,425.1,Sensor Network
2024-09-29,Islamabad,33.6844,73.0479,24.6,58.5,47.9,12.5,1013.9,409.8,Sensor Network
2024-09-29,Peshawar,34.0151,71.5249,26.1,62.5,23.1,27.4,1015.1,411.7,Sensor Network
2024-09-29,Quetta,30.1798,66.975,22.1,44.5,13.1,24.2,1020.9,405.0,Environmental IoT
2024-09-29,Multan,30.1575,71.5249,36.1,53.1,14.6,19.9,1013.6,425.7,Weather Station
2024-09-29,Hyderabad,25.396,68.3578,32.6,77.9,20.1,23.9,1011.7,420.2,Sensor Network
2024-09-29,Faisalabad,31.4504,73.135,33.7,60.5,22.3,10.1,1010.8,430.1,Weather Station
2024-09-30,Karachi,24.8607,67.0011,34.9,83.9,12.7,13.8,1008.9,420.0,Sensor Network
2024-09-30,Lahore,31.5204,74.3587,31.8,71.3,27.6,10.3,1015.4,425.2,Satellite Telemetry
2024-09-30,Islamabad,33.6844,73.0479,24.7,61.9,46.6,25.6,1014.4,408.1,Weather Station
2024-09-30,Peshawar,34.0151,71.5249,27.0,60.4,27.6,15.9,1013.1,414.6,Sensor Network
2024-09-30,Quetta,30.1798,66.975,23.3,47.7,8.8,23.9,1016.3,402.1,Weather Station
2024-09-30,Multan,30.1575,71.5249,35.8,54.9,12.8,12.3,1009.4,424.2,Sensor Network
2024-09-30,Hyderabad,25.396,68.3578,34.2,77.0,15.2,15.3,1009.1,417.1,Weather Station
2024-09-30,Faisalabad,31.4504,73.135,31.5,60.3,24.4,13.3,1014.5,425.8,Satellite Telemetry
2024-10-01,Karachi,24.8607,67.0011,30.1,85.2,3.7,13.8,1013.3,420.1,Sensor Network
2024-10-01,Lahore,31.5204,74.3587,27.5,63.4,1.7,18.9,1014.8,427.5,Weather Station
2024-10-01,Islamabad,33.6844,73.0479,20.7,58.1,6.3,21.6,1014.1,407.3,Weather Station
2024-10-01,Peshawar,34.0151,71.5249,25.1,60.7,1.2,20.8,1012.2,412.2,Weather Station
2024-10-01,Quetta,30.1798,66.975,16.2,43.6,0.0,21.6,1021.4,403.3,Sensor Network
2024-10-01,Multan,30.1575,71.5249,31.5,54.8,0.7,16.1,1011.4,423.4,Sensor Network
2024-10-01,Hyderabad,25.396,68.3578,30.8,79.6,4.7,17.8,1011.0,420.9,Weather Station
2024-10-01,Faisalabad,31.4504,73.135,27.2,59.6,4.4,12.9,1014.6,425.2,Satellite Telemetry
2024-10-02,Karachi,24.8607,67.0011,28.1,80.6,0.4,24.4,1013.4,425.0,Weather Station
2024-10-02,Lahore,31.5204,74.3587,25.8,63.5,3.2,12.7,1012.2,424.4,Satellite Telemetry
2024-10-02,Islamabad,33.6844,73.0479,23.8,56.6,4.6,21.7,1016.3,410.8,Satellite Telemetry
2024-10-02,Peshawar,34.0151,71.5249,24.8,58.1,3.0,19.2,1017.7,414.8,Sensor Network
2024-10-02,Quetta,30.1798,66.975,19.7,40.6,3.7,27.0,1019.5,404.9,Satellite Telemetry
2024-10-02,Multan,30.1575,71.5249,31.7,59.5,0.0,27.3,1010.0,421.7,Satellite Telemetry
2024-10-02,Hyderabad,25.396,68.3578,27.4,78.9,0.7,12.9,1014.7,420.0,Environmental IoT
2024-10-02,Faisalabad,31.4504,73.135,27.0,62.8,0.1,15.8,1015.6,430.0,Environmental IoT
2024-10-03,Karachi,24.8607,67.0011,29.2,81.7,4.1,11.4,1011.8,420.5,Sensor Network
2024-10-03,Lahore,31.5204,74.3587,27.6,68.5,5.4,13.0,1015.1,423.6,Satellite Telemetry
2024-10-03,Islamabad,33.6844,73.0479,22.6,59.0,1.4,18.6,1018.1,411.8,Sensor Network
2024-10-03,Peshawar,34.0151,71.5249,24.9,57.0,5.3,25.2,1013.3,414.4,Satellite Telemetry
2024-10-03,Quetta,30.1798,66.975,17.7,41.4,0.0,10.5,1020.9,404.3,Environmental IoT
2024-10-03,Multan,30.1575,71.5249,30.2,52.5,1.5,25.8,1011.3,426.3,Sensor Network
2024-10-03,Hyderabad,25.396,68.3578,29.4,71.3,5.3,16.5,1011.5,416.0,Satellite Telemetry
2024-10-03,Faisalabad,31.4504,73.135,29.3,63.9,2.4,15.8,1012.5,428.2,Sensor Network
2024-10-04,Karachi,24.8607,67.0011,31.9,85.1,0.0,27.9,1008.6,419.5,Satellite Telemetry
2024-10-04,Lahore,31.5204,74.3587,25.6,69.1,3.2,24.4,1015.5,425.4,Environmental IoT
2024-10-04,Islamabad,33.6844,73.0479,21.2,57.3,6.9,27.3,1014.7,408.5,Environmental IoT
2024-10-04,Peshawar,34.0151,71.5249,25.2,54.4,3.5,16.6,1012.2,412.8,Satellite Telemetry
2024-10-04,Quetta,30.1798,66.975,17.6,43.4,0.0,27.6,1016.7,402.1,Satellite Telemetry
2024-10-04,Multan,30.1575,71.5249,32.7,52.7,0.0,18.3,1009.9,422.8,Environmental IoT
2024-10-04,Hyderabad,25.396,68.3578,30.9,71.7,3.9,16.4,1011.5,417.4,Sensor Network
2024-10-04,Faisalabad,31.4504,73.135,28.5,64.2,2.9,16.7,1010.4,428.2,Environmental IoT
2024-10-05,Karachi,24.8607,67.0011,29.0,85.2,3.9,15.2,1010.7,419.7,Environmental IoT
2024-10-05,Lahore,31.5204,74.3587,25.2,62.1,1.2,26.4,1013.6,426.7,Sensor Network
2024-10-05,Islamabad,33.6844,73.0479,23.2,63.7,6.4,14.2,1014.5,412.2,Weather Station
2024-10-05,Peshawar,34.0151,71.5249,23.3,54.3,0.1,24.0,1017.7,414.9,Sensor Network
2024-10-05,Quetta,30.1798,66.975,17.8,46.1,1.8,12.4,1020.5,399.7,Satellite Telemetry
2024-10-05,Multan,30.1575,71.5249,29.4,54.9,2.9,18.3,1012.0,423.1,Sensor Network
2024-10-05,Hyderabad,25.396,68.3578,27.1,80.3,4.3,18.6,1010.8,420.7,Environmental IoT
2024-10-05,Faisalabad,31.4504,73.135,29.4,60.1,4.8,17.0,1010.7,429.3,Sensor Network
2024-10-06,Karachi,24.8607,67.0011,31.8,79.8,4.6,21.7,1010.3,420.0,Environmental IoT
2024-10-06,Lahore,31.5204,74.3587,27.0,68.9,6.6,20.8,1016.7,424.2,Environmental IoT
2024-10-06,Islamabad,33.6844,73.0479,23.0,63.2,4.2,10.7,1013.8,407.4,Weather Station
2024-10-06,Peshawar,34.0151,71.5249,23.6,55.2,4.7,26.3,1014.2,416.4,Sensor Network
2024-10-06,Quetta,30.1798,66.975,17.2,41.9,2.3,17.5,1020.0,401.6,Sensor Network
2024-10-06,Multan,30.1575,71.5249,31.2,52.6,1.7,25.9,1013.2,421.8,Environmental IoT
2024-10-06,Hyderabad,25.396,68.3578,30.5,78.4,0.0,16.5,1014.8,420.0,Weather Station
2024-10-06,Faisalabad,31.4504,73.135,27.4,58.9,3.4,24.9,1015.6,430.3,Satellite Telemetry
2024-10-07,Karachi,24.8607,67.0011,28.9,81.0,5.4,17.9,1011.7,424.5,Satellite Telemetry
2024-10-07,Lahore,31.5204,74.3587,25.4,70.1,7.0,22.0,1012.6,428.0,Satellite Telemetry
2024-10-07,Islamabad,33.6844,73.0479,23.0,56.8,3.7,20.5,1013.6,410.3,Weather Station
2024-10-07,Peshawar,34.0151,71.5249,25.9,57.5,4.9,20.6,1017.7,415.8,Sensor Network
2024-10-07,Quetta,30.1798,66.975,18.8,50.0,0.0,18.9,1017.0,403.2,Satellite Telemetry
2024-10-07,Multan,30.1575,71.5249,31.4,56.1,5.0,18.8,1012.8,422.5,Environmental IoT
2024-10-07,Hyderabad,25.396,68.3578,30.5,79.1,0.0,15.5,1014.6,419.5,Sensor Network
2024-10-07,Faisalabad,31.4504,73.135,29.4,65.9,1.6,24.7,1010.4,425.7,Weather Station
2024-10-08,Karachi,24.8607,67.0011,31.4,76.5,0.0,13.7,1009.7,420.5,Sensor Network
2024-10-08,Lahore,31.5204,74.3587,27.7,64.6,2.8,11.5,1014.7,427.3,Satellite Telemetry
2024-10-08,Islamabad,33.6844,73.0479,20.7,61.1,3.8,23.2,1015.6,411.0,Sensor Network
2024-10-08,Peshawar,34.0151,71.5249,25.6,62.4,4.4,25.3,1012.9,415.7,Sensor Network
2024-10-08,Quetta,30.1798,66.975,16.3,45.3,3.1,10.7,1019.8,399.6,Sensor Network
2024-10-08,Multan,30.1575,71.5249,32.4,50.7,0.8,19.5,1011.9,427.2,Environmental IoT
2024-10-08,Hyderabad,25.396,68.3578,29.1,77.3,3.5,26.4,1012.8,420.4,Environmental IoT
2024-10-08,Faisalabad,31.4504,73.135,29.3,58.4,5.0,13.0,1012.5,425.4,Weather Station
2024-10-09,Karachi,24.8607,67.0011,28.0,81.8,1.5,21.2,1011.7,420.6,Satellite Telemetry
2024-10-09,Lahore,31.5204,74.3587,27.6,68.9,0.5,23.0,1015.3,428.3,Satellite Telemetry
2024-10-09,Islamabad,33.6844,73.0479,20.9,60.8,6.4,18.1,1013.6,406.6,Sensor Network
2024-10-09,Peshawar,34.0151,71.5249,23.0,57.3,5.1,18.5,1017.8,416.2,Satellite Telemetry
2024-10-09,Quetta,30.1798,66.975,18.4,44.9,3.3,25.3,1019.4,399.6,Sensor Network
2024-10-09,Multan,30.1575,71.5249,30.4,58.5,1.0,14.4,1012.1,424.5,Weather Station
2024-10-09,Hyderabad,25.396,68.3578,30.4,73.0,0.6,26.5,1011.5,416.8,Sensor Network
2024-10-09,Faisalabad,31.4504,73.135,27.1,59.5,4.4,25.6,1012.4,430.7,Satellite Telemetry
2024-10-10,Karachi,24.8607,67.0011,30.8,85.1,4.6,17.6,1009.5,424.3,Environmental IoT
2024-10-10,Lahore,31.5204,74.3587,25.0,68.6,3.8,16.6,1014.0,423.7,Weather Station
2024-10-10,Islamabad,33.6844,73.0479,21.3,65.0,1.9,19.4,1016.6,407.3,Sensor Network
2024-10-10,Peshawar,34.0151,71.5249,22.7,62.3,1.2,14.9,1013.9,413.1,Satellite Telemetry
2024-10-10,Quetta,30.1798,66.975,16.4,45.3,1.6,21.0,1020.5,402.2,Sensor Network
2024-10-10,Multan,30.1575,71.5249,30.2,53.6,0.0,26.4,1012.6,422.4,Weather Station
2024-10-10,Hyderabad,25.396,68.3578,30.6,73.7,4.7,12.9,1013.6,417.8,Environmental IoT
2024-10-10,Faisalabad,31.4504,73.135,27.6,58.8,3.6,25.2,1015.3,430.1,Satellite Telemetry
2024-10-11,Karachi,24.8607,67.0011,29.7,81.0,4.5,10.3,1008.1,422.5,Sensor Network
2024-10-11,Lahore,31.5204,74.3587,27.8,61.8,4.0,19.4,1015.3,424.7,Satellite Telemetry
2024-10-11,Islamabad,33.6844,73.0479,23.1,56.2,7.5,23.8,1015.4,407.0,Environmental IoT
2024-10-11,Peshawar,34.0151,71.5249,24.6,63.4,2.0,25.4,1013.1,416.1,Satellite Telemetry
2024-10-11,Quetta,30.1798,66.975,17.7,45.1,3.6,25.7,1021.1,404.0,Satellite Telemetry
2024-10-11,Multan,30.1575,71.5249,30.3,51.1,0.0,28.0,1012.9,426.9,Sensor Network
2024-10-11,Hyderabad,25.396,68.3578,28.3,76.3,3.7,25.5,1013.0,420.1,Satellite Telemetry
2024-10-11,Faisalabad,31.4504,73.135,29.6,66.8,3.1,28.0,1011.2,430.9,Weather Station
2024-10-12,Karachi,24.8607,67.0011,30.2,82.9,0.2,23.8,1012.4,424.3,Environmental IoT
2024-10-12,Lahore,31.5204,74.3587,25.8,66.5,6.4,20.3,1013.8,424.0,Satellite Telemetry
2024-10-12,Islamabad,33.6844,73.0479,22.0,64.6,9.1,11.8,1015.2,412.0,Sensor Network
2024-10-12,Peshawar,34.0151,71.5249,24.5,54.7,0.0,16.1,1016.4,416.9,Sensor Network
2024-10-12,Quetta,30.1798,66.975,19.6,49.0,2.7,23.5,1020.9,404.7,Weather Station
2024-10-12,Multan,30.1575,71.5249,31.6,59.3,3.7,14.1,1013.0,423.4,Environmental IoT
2024-10-12,Hyderabad,25.396,68.3578,30.1,73.5,0.0,10.9,1012.7,418.8,Weather Station
2024-10-12,Faisalabad,31.4504,73.135,29.1,62.3,1.7,26.8,1014.8,428.6,Environmental IoT
2024-10-13,Karachi,24.8607,67.0011,28.9,80.4,0.0,23.3,1013.5,422.0,Satellite Telemetry
2024-10-13,Lahore,31.5204,74.3587,25.7,66.7,4.6,27.5,1012.0,426.9,Sensor Network
2024-10-13,Islamabad,33.6844,73.0479,22.3,63.7,1.4,20.0,1013.7,410.2,Satellite Telemetry
2024-10-13,Peshawar,34.0151,71.5249,25.8,58.5,5.7,27.4,1014.6,413.0,Sensor Network
2024-10-13,Quetta,30.1798,66.975,17.9,45.8,0.0,25.2,1019.1,404.9,Weather Station
2024-10-13,Multan,30.1575,71.5249,29.2,51.6,0.0,13.8,1010.7,423.8,Sensor Network
2024-10-13,Hyderabad,25.396,68.3578,30.9,78.2,3.9,23.5,1015.0,415.7,Weather Station
2024-10-13,Faisalabad,31.4504,73.135,27.1,59.0,6.0,10.9,1014.4,429.0,Sensor Network
2024-10-14,Karachi,24.8607,67.0011,28.7,78.3,0.0,24.4,1013.7,422.7,Weather Station
2024-10-14,Lahore,31.5204,74.3587,26.5,67.2,0.6,16.8,1012.4,429.0,Weather Station
2024-10-14,Islamabad,33.6844,73.0479,20.1,64.5,4.9,16.6,1018.7,406.9,Sensor Network
2024-10-14,Peshawar,34.0151,71.5249,25.5,57.1,0.7,26.9,1016.8,414.7,Sensor Network
2024-10-14,Quetta,30.1798,66.975,17.1,46.3,1.3,16.2,1019.0,403.1,Environmental IoT
2024-10-14,Multan,30.1575,71.5249,31.2,50.6,0.1,19.4,1011.9,425.1,Weather Station
2024-10-14,Hyderabad,25.396,68.3578,30.5,77.7,6.0,10.4,1013.4,417.5,Satellite Telemetry
2024-10-14,Faisalabad,31.4504,73.135,26.3,64.6,2.3,21.7,1014.1,429.8,Satellite Telemetry
2024-10-15,Karachi,24.8607,67.0011,28.4,81.5,0.0,12.5,1008.9,424.3,Environmental IoT
2024-10-15,Lahore,31.5204,74.3587,25.8,65.2,1.0,10.9,1014.2,427.1,Satellite Telemetry
2024-10-15,Islamabad,33.6844,73.0479,20.7,63.6,4.3,18.8,1016.1,411.1,Sensor Network
2024-10-15,Peshawar,34.0151,71.5249,26.0,61.9,3.6,15.5,1017.8,414.5,Weather Station
2024-10-15,Quetta,30.1798,66.975,17.5,48.1,2.0,26.7,1017.6,404.5,Environmental IoT
2024-10-15,Multan,30.1575,71.5249,31.2,59.2,4.7,20.6,1010.6,421.3,Environmental IoT
2024-10-15,Hyderabad,25.396,68.3578,29.7,78.9,0.0,18.6,1012.1,418.0,Sensor Network
2024-10-15,Faisalabad,31.4504,73.135,29.3,67.0,4.4,14.6,1012.0,431.3,Weather Station
2024-10-16,Karachi,24.8607,67.0011,31.3,85.2,0.0,23.7,1011.4,423.7,Environmental IoT
2024-10-16,Lahore,31.5204,74.3587,28.9,69.4,2.5,17.8,1015.3,424.8,Sensor Network
2024-10-16,Islamabad,33.6844,73.0479,20.2,60.1,3.8,26.2,1015.0,411.4,Sensor Network
2024-10-16,Peshawar,34.0151,71.5249,24.2,63.1,3.9,21.5,1015.2,416.2,Environmental IoT
2024-10-16,Quetta,30.1798,66.975,18.5,40.6,4.5,20.1,1020.8,401.0,Satellite Telemetry
2024-10-16,Multan,30.1575,71.5249,32.3,52.7,0.0,27.7,1010.7,426.8,Environmental IoT
2024-10-16,Hyderabad,25.396,68.3578,30.4,78.5,3.0,16.0,1012.5,418.4,Sensor Network
2024-10-16,Faisalabad,31.4504,73.135,27.4,63.3,4.5,26.4,1014.9,431.2,Weather Station
2024-10-17,Karachi,24.8607,67.0011,31.7,76.3,2.0,24.5,1011.3,420.8,Weather Station
2024-10-17,Lahore,31.5204,74.3587,27.6,67.7,4.4,21.0,1012.8,429.1,Sensor Network
2024-10-17,Islamabad,33.6844,73.0479,21.4,65.5,2.8,17.6,1013.1,408.7,Environmental IoT
2024-10-17,Peshawar,34.0151,71.5249,22.3,60.0,2.1,22.7,1012.0,412.0,Satellite Telemetry
2024-10-17,Quetta,30.1798,66.975,19.8,42.7,1.3,14.8,1017.4,404.8,Weather Station
2024-10-17,Multan,30.1575,71.5249,29.1,57.2,1.1,22.8,1009.5,425.4,Environmental IoT
2024-10-17,Hyderabad,25.396,68.3578,29.6,72.8,0.0,26.7,1012.4,418.4,Sensor Network
2024-10-17,Faisalabad,31.4504,73.135,27.0,62.4,5.0,22.0,1011.2,427.1,Environmental IoT
2024-10-18,Karachi,24.8607,67.0011,31.4,79.3,0.0,15.1,1012.7,419.8,Environmental IoT
2024-10-18,Lahore,31.5204,74.3587,27.8,68.0,3.9,15.8,1015.4,429.0,Environmental IoT
2024-10-18,Islamabad,33.6844,73.0479,20.8,61.6,9.1,11.0,1014.0,407.8,Environmental IoT
2024-10-18,Peshawar,34.0151,71.5249,25.8,55.1,2.2,18.8,1013.8,413.8,Environmental IoT
2024-10-18,Quetta,30.1798,66.975,18.9,44.6,1.6,17.5,1020.2,400.1,Environmental IoT
2024-10-18,Multan,30.1575,71.5249,29.5,51.1,4.8,12.3,1010.7,425.5,Sensor Network
2024-10-18,Hyderabad,25.396,68.3578,27.2,71.8,2.7,11.9,1013.3,416.9,Sensor Network
2024-10-18,Faisalabad,31.4504,73.135,28.0,63.6,3.2,16.0,1014.6,428.8,Weather Station
2024-10-19,Karachi,24.8607,67.0011,29.1,83.6,2.3,22.0,1009.7,424.6,Weather Station
2024-10-19,Lahore,31.5204,74.3587,27.2,69.6,4.4,11.2,1013.1,425.9,Weather Station
2024-10-19,Islamabad,33.6844,73.0479,21.1,63.6,7.9,27.2,1018.9,408.1,Satellite Telemetry
2024-10-19,Peshawar,34.0151,71.5249,24.6,58.0,1.1,21.0,1012.2,411.8,Sensor Network
2024-10-19,Quetta,30.1798,66.975,19.2,43.1,0.8,14.0,1020.1,400.6,Environmental IoT
2024-10-19,Multan,30.1575,71.5249,32.6,59.3,1.7,25.8,1011.5,422.8,Satellite Telemetry
2024-10-19,Hyderabad,25.396,68.3578,29.3,73.8,0.0,23.2,1010.3,418.5,Satellite Telemetry
2024-10-19,Faisalabad,31.4504,73.135,28.8,62.5,0.0,22.2,1012.8,426.1,Sensor Network
2024-10-20,Karachi,24.8607,67.0011,31.2,85.4,3.5,12.9,1012.1,421.0,Environmental IoT
2024-10-20,Lahore,31.5204,74.3587,25.3,65.6,0.0,27.6,1015.2,426.6,Weather Station
2024-10-20,Islamabad,33.6844,73.0479,23.2,60.1,8.2,27.1,1017.2,411.0,Sensor Network
2024-10-20,Peshawar,34.0151,71.5249,22.3,57.6,5.5,24.8,1016.6,414.0,Sensor Network
2024-10-20,Quetta,30.1798,66.975,19.5,44.6,2.6,13.7,1020.4,400.5,Environmental IoT
2024-10-20,Multan,30.1575,71.5249,32.8,50.7,0.0,27.0,1009.3,422.4,Satellite Telemetry
2024-10-20,Hyderabad,25.396,68.3578,30.6,76.3,4.5,20.4,1010.4,416.3,Weather Station
2024-10-20,Faisalabad,31.4504,73.135,28.8,66.0,0.1,10.1,1011.2,430.6,Weather Station
2024-10-21,Karachi,24.8607,67.0011,30.6,76.3,3.9,25.1,1008.3,420.4,Satellite Telemetry
2024-10-21,Lahore,31.5204,74.3587,25.6,62.9,1.8,25.5,1014.0,424.9,Satellite Telemetry
2024-10-21,Islamabad,33.6844,73.0479,22.0,59.1,4.6,14.7,1013.6,406.6,Weather Station
2024-10-21,Peshawar,34.0151,71.5249,25.7,57.1,1.7,12.4,1014.2,411.6,Weather Station
2024-10-21,Quetta,30.1798,66.975,17.0,47.8,0.0,11.0,1017.9,401.6,Sensor Network
2024-10-21,Multan,30.1575,71.5249,31.4,51.4,1.3,14.5,1013.0,424.8,Satellite Telemetry
2024-10-21,Hyderabad,25.396,68.3578,29.7,75.2,0.6,26.4,1014.6,416.7,Satellite Telemetry
2024-10-21,Faisalabad,31.4504,73.135,28.0,64.4,5.9,13.8,1015.6,429.2,Environmental IoT
2024-10-22,Karachi,24.8607,67.0011,31.4,77.8,0.2,14.5,1012.9,420.7,Weather Station
2024-10-22,Lahore,31.5204,74.3587,29.0,69.9,2.5,25.1,1011.0,425.1,Satellite Telemetry
2024-10-22,Islamabad,33.6844,73.0479,23.3,57.7,6.6,10.3,1014.1,411.4,Satellite Telemetry
2024-10-22,Peshawar,34.0151,71.5249,24.0,59.8,5.3,15.5,1014.3,414.3,Sensor Network
2024-10-22,Quetta,30.1798,66.975,18.9,45.8,0.0,23.6,1018.3,401.6,Environmental IoT
2024-10-22,Multan,30.1575,71.5249,30.0,59.9,1.1,21.2,1011.6,424.7,Sensor Network
2024-10-22,Hyderabad,25.396,68.3578,27.8,72.4,1.6,19.1,1012.1,417.5,Environmental IoT
2024-10-22,Faisalabad,31.4504,73.135,28.0,58.2,3.6,27.2,1012.5,429.6,Satellite Telemetry
2024-10-23,Karachi,24.8607,67.0011,30.3,83.2,4.6,22.7,1009.6,425.0,Environmental IoT
2024-10-23,Lahore,31.5204,74.3587,25.0,63.8,2.9,15.4,1013.1,425.4,Sensor Network
2024-10-23,Islamabad,33.6844,73.0479,23.6,63.4,8.8,16.3,1017.4,408.9,Satellite Telemetry
2024-10-23,Peshawar,34.0151,71.5249,24.8,63.1,2.6,25.4,1016.0,413.0,Weather Station
2024-10-23,Quetta,30.1798,66.975,19.4,50.0,1.4,26.8,1021.0,404.6,Weather Station
2024-10-23,Multan,30.1575,71.5249,30.4,57.4,2.1,14.0,1009.3,423.6,Environmental IoT
2024-10-23,Hyderabad,25.396,68.3578,28.4,72.2,0.7,22.1,1009.7,420.7,Environmental IoT
2024-10-23,Faisalabad,31.4504,73.135,27.6,59.6,0.7,14.1,1010.1,427.1,Sensor Network
2024-10-24,Karachi,24.8607,67.0011,31.5,82.8,0.0,21.0,1010.6,423.0,Sensor Network
2024-10-24,Lahore,31.5204,74.3587,25.4,67.4,1.1,26.7,1015.4,424.2,Sensor Network
2024-10-24,Islamabad,33.6844,73.0479,21.6,64.7,6.0,22.6,1017.4,411.7,Satellite Telemetry
2024-10-24,Peshawar,34.0151,71.5249,25.6,62.2,4.0,15.9,1013.3,411.7,Weather Station
2024-10-24,Quetta,30.1798,66.975,18.3,41.8,5.2,20.7,1016.9,402.2,Environmental IoT
2024-10-24,Multan,30.1575,71.5249,29.0,52.8,0.2,20.4,1012.0,427.3,Environmental IoT
2024-10-24,Hyderabad,25.396,68.3578,30.4,74.9,0.1,21.2,1013.3,417.1,Sensor Network
2024-10-24,Faisalabad,31.4504,73.135,27.4,67.2,2.9,12.8,1011.0,429.3,Weather Station
2024-10-25,Karachi,24.8607,67.0011,29.0,80.1,0.0,26.8,1008.1,420.2,Sensor Network
2024-10-25,Lahore,31.5204,74.3587,25.1,68.5,3.9,22.9,1014.1,428.9,Sensor Network
2024-10-25,Islamabad,33.6844,73.0479,20.3,58.6,8.3,20.0,1015.2,407.3,Weather Station
2024-10-25,Peshawar,34.0151,71.5249,23.2,59.2,2.2,25.8,1014.6,411.5,Weather Station
2024-10-25,Quetta,30.1798,66.975,18.6,43.4,3.8,12.8,1020.2,402.6,Environmental IoT
2024-10-25,Multan,30.1575,71.5249,30.0,55.2,1.3,26.7,1014.9,425.6,Sensor Network
2024-10-25,Hyderabad,25.396,68.3578,30.0,78.0,3.5,27.6,1011.6,417.5,Weather Station
2024-10-25,Faisalabad,31.4504,73.135,26.8,64.0,6.1,23.2,1010.8,429.1,Environmental IoT
2024-10-26,Karachi,24.8607,67.0011,28.3,78.9,0.0,20.8,1009.4,421.9,Weather Station
2024-10-26,Lahore,31.5204,74.3587,26.2,64.0,2.8,18.3,1013.7,425.7,Weather Station
2024-10-26,Islamabad,33.6844,73.0479,20.8,57.8,8.0,20.4,1015.7,411.5,Environmental IoT
2024-10-26,Peshawar,34.0151,71.5249,22.0,59.1,0.0,23.2,1013.1,411.6,Satellite Telemetry
2024-10-26,Quetta,30.1798,66.975,16.8,42.4,0.4,12.4,1020.4,404.3,Satellite Telemetry
2024-10-26,Multan,30.1575,71.5249,32.4,54.8,4.5,24.8,1011.2,426.2,Weather Station
2024-10-26,Hyderabad,25.396,68.3578,28.9,73.1,3.1,22.7,1009.5,419.1,Satellite Telemetry
2024-10-26,Faisalabad,31.4504,73.135,29.7,59.7,0.0,16.9,1015.5,430.1,Weather Station
2024-10-27,Karachi,24.8607,67.0011,28.5,80.5,0.5,13.3,1012.8,419.8,Sensor Network
2024-10-27,Lahore,31.5204,74.3587,25.3,62.7,3.6,17.0,1013.9,427.9,Environmental IoT
2024-10-27,Islamabad,33.6844,73.0479,21.6,59.8,1.5,27.4,1017.7,411.2,Weather Station
2024-10-27,Peshawar,34.0151,71.5249,25.5,59.5,3.1,19.5,1016.9,413.9,Satellite Telemetry
2024-10-27,Quetta,30.1798,66.975,19.8,43.6,2.9,21.3,1020.4,404.9,Environmental IoT
2024-10-27,Multan,30.1575,71.5249,31.6,52.3,0.0,23.7,1012.2,421.9,Sensor Network
2024-10-27,Hyderabad,25.396,68.3578,29.9,76.5,3.2,16.8,1013.8,416.0,Weather Station
2024-10-27,Faisalabad,31.4504,73.135,27.7,61.3,4.4,23.1,1013.8,426.3,Sensor Network
2024-10-28,Karachi,24.8607,67.0011,30.0,80.2,2.4,23.7,1008.1,419.7,Sensor Network
2024-10-28,Lahore,31.5204,74.3587,25.7,68.4,5.8,11.8,1013.6,425.4,Sensor Network
2024-10-28,Islamabad,33.6844,73.0479,22.8,58.0,8.9,12.9,1018.9,409.7,Satellite Telemetry
2024-10-28,Peshawar,34.0151,71.5249,23.9,57.3,0.0,26.8,1016.3,416.3,Satellite Telemetry
2024-10-28,Quetta,30.1798,66.975,19.6,48.3,2.0,11.9,1016.5,405.0,Satellite Telemetry
2024-10-28,Multan,30.1575,71.5249,30.4,51.9,3.9,24.6,1010.0,423.5,Environmental IoT
2024-10-28,Hyderabad,25.396,68.3578,30.1,76.5,4.3,18.5,1013.5,419.7,Weather Station
2024-10-28,Faisalabad,31.4504,73.135,26.2,65.7,0.0,20.4,1010.7,431.0,Satellite Telemetry
2024-10-29,Karachi,24.8607,67.0011,29.9,79.7,0.0,24.0,1011.9,420.5,Environmental IoT
2024-10-29,Lahore,31.5204,74.3587,26.1,69.7,7.0,16.8,1015.5,429.3,Weather Station
2024-10-29,Islamabad,33.6844,73.0479,21.8,62.0,3.7,10.8,1015.2,408.7,Environmental IoT
2024-10-29,Peshawar,34.0151,71.5249,25.2,59.1,1.0,11.0,1012.6,413.6,Environmental IoT
2024-10-29,Quetta,30.1798,66.975,19.2,41.6,0.9,17.2,1016.9,400.7,Sensor Network
2024-10-29,Multan,30.1575,71.5249,31.8,59.2,0.0,19.2,1011.4,423.7,Weather Station
2024-10-29,Hyderabad,25.396,68.3578,29.3,78.9,3.9,11.1,1014.3,416.0,Satellite Telemetry
2024-10-29,Faisalabad,31.4504,73.135,26.1,60.1,0.0,14.9,1012.8,430.5,Satellite Telemetry
2024-10-30,Karachi,24.8607,67.0011,31.9,84.6,2.4,10.1,1011.6,420.5,Satellite Telemetry
2024-10-30,Lahore,31.5204,74.3587,26.6,68.8,1.3,20.8,1011.0,428.7,Sensor Network
2024-10-30,Islamabad,33.6844,73.0479,23.3,61.1,2.6,13.4,1013.5,408.9,Environmental IoT
2024-10-30,Peshawar,34.0151,71.5249,25.5,57.5,5.1,18.2,1017.7,412.8,Weather Station
2024-10-30,Quetta,30.1798,66.975,16.9,46.7,3.8,14.8,1018.7,402.2,Sensor Network
2024-10-30,Multan,30.1575,71.5249,30.6,58.4,2.4,21.4,1011.8,421.7,Satellite Telemetry
2024-10-30,Hyderabad,25.396,68.3578,28.0,78.0,5.2,21.2,1012.2,415.7,Weather Station
2024-10-30,Faisalabad,31.4504,73.135,27.3,58.7,0.0,23.4,1012.9,428.3,Sensor Network
2024-10-31,Karachi,24.8607,67.0011,28.1,84.0,0.0,21.8,1010.6,421.7,Environmental IoT
2024-10-31,Lahore,31.5204,74.3587,25.6,62.3,6.2,23.2,1013.9,427.3,Weather Station
2024-10-31,Islamabad,33.6844,73.0479,20.7,65.4,8.7,11.5,1013.5,409.9,Weather Station
2024-10-31,Peshawar,34.0151,71.5249,25.7,61.5,5.4,11.1,1017.6,413.3,Satellite Telemetry
2024-10-31,Quetta,30.1798,66.975,17.0,41.7,0.0,26.7,1020.4,403.7,Satellite Telemetry
2024-10-31,Multan,30.1575,71.5249,29.5,57.2,0.0,10.2,1011.8,424.1,Sensor Network
2024-10-31,Hyderabad,25.396,68.3578,29.4,76.8,4.9,18.3,1012.6,417.7,Sensor Network
2024-10-31,Faisalabad,31.4504,73.135,27.9,65.4,1.4,14.5,1012.0,429.2,Weather Station
2024-11-01,Karachi,24.8607,67.0011,26.4,79.4,2.2,21.2,1010.4,423.1,Environmental IoT
2024-11-01,Lahore,31.5204,74.3587,22.8,66.4,4.1,11.5,1016.6,426.6,Sensor Network
2024-11-01,Islamabad,33.6844,73.0479,18.1,61.8,3.3,20.5,1017.2,406.7,Environmental IoT
2024-11-01,Peshawar,34.0151,71.5249,20.1,52.1,3.5,10.5,1014.7,415.3,Satellite Telemetry
2024-11-01,Quetta,30.1798,66.975,13.5,41.7,2.8,11.2,1021.8,400.2,Weather Station
2024-11-01,Multan,30.1575,71.5249,28.5,57.4,3.0,15.1,1014.1,422.0,Satellite Telemetry
2024-11-01,Hyderabad,25.396,68.3578,25.4,70.2,3.8,11.2,1009.8,418.3,Weather Station
2024-11-01,Faisalabad,31.4504,73.135,22.7,55.6,2.0,23.8,1016.0,430.7,Satellite Telemetry
2024-11-02,Karachi,24.8607,67.0011,27.2,77.9,4.4,25.2,1009.9,422.3,Weather Station
2024-11-02,Lahore,31.5204,74.3587,23.7,65.3,7.0,11.1,1011.3,429.6,Environmental IoT
2024-11-02,Islamabad,33.6844,73.0479,18.6,53.9,2.6,12.0,1015.2,411.4,Weather Station
2024-11-02,Peshawar,34.0151,71.5249,21.3,58.1,2.1,27.8,1014.9,415.4,Weather Station
2024-11-02,Quetta,30.1798,66.975,12.1,44.9,1.4,17.5,1016.9,401.2,Sensor Network
2024-11-02,Multan,30.1575,71.5249,26.7,47.7,0.0,11.2,1014.0,424.4,Satellite Telemetry
2024-11-02,Hyderabad,25.396,68.3578,23.2,75.1,4.3,10.5,1012.4,419.2,Environmental IoT
2024-11-02,Faisalabad,31.4504,73.135,24.5,54.9,4.6,17.9,1011.7,428.3,Satellite Telemetry
2024-11-03,Karachi,24.8607,67.0011,24.1,73.2,1.5,11.7,1009.2,421.1,Environmental IoT
2024-11-03,Lahore,31.5204,74.3587,23.6,62.1,4.8,20.8,1014.7,425.1,Weather Station
2024-11-03,Islamabad,33.6844,73.0479,18.6,58.6,3.6,15.5,1019.0,406.6,Sensor Network
2024-11-03,Peshawar,34.0151,71.5249,18.8,55.9,5.7,19.2,1017.9,417.5,Environmental IoT
2024-11-03,Quetta,30.1798,66.975,13.1,42.9,0.6,23.0,1020.3,400.2,Weather Station
2024-11-03,Multan,30.1575,71.5249,27.5,47.7,0.0,11.9,1014.8,424.6,Satellite Telemetry
2024-11-03,Hyderabad,25.396,68.3578,26.1,67.9,2.3,23.1,1011.0,419.9,Sensor Network
2024-11-03,Faisalabad,31.4504,73.135,25.6,58.8,0.0,14.6,1014.7,426.8,Satellite Telemetry
2024-11-04,Karachi,24.8607,67.0011,25.5,78.8,0.1,16.3,1012.5,420.5,Weather Station
2024-11-04,Lahore,31.5204,74.3587,21.6,64.0,5.7,27.4,1015.6,424.1,Environmental IoT
2024-11-04,Islamabad,33.6844,73.0479,16.8,58.7,9.0,17.4,1014.9,407.6,Weather Station
2024-11-04,Peshawar,34.0151,71.5249,21.1,52.3,0.0,23.1,1015.6,414.3,Weather Station
2024-11-04,Quetta,30.1798,66.975,13.0,42.0,4.7,19.2,1021.4,404.2,Satellite Telemetry
2024-11-04,Multan,30.1575,71.5249,27.3,55.1,2.9,11.9,1011.0,423.2,Weather Station
2024-11-04,Hyderabad,25.396,68.3578,24.2,68.5,1.8,19.5,1011.8,419.4,Environmental IoT
2024-11-04,Faisalabad,31.4504,73.135,23.6,61.2,0.0,24.3,1011.1,427.6,Environmental IoT
2024-11-05,Karachi,24.8607,67.0011,24.7,80.9,3.5,27.3,1011.4,422.5,Weather Station
2024-11-05,Lahore,31.5204,74.3587,21.8,66.0,3.8,25.6,1014.7,424.3,Environmental IoT
2024-11-05,Islamabad,33.6844,73.0479,18.7,58.6,4.8,19.3,1014.2,410.0,Weather Station
2024-11-05,Peshawar,34.0151,71.5249,20.5,54.4,4.2,22.9,1013.1,414.6,Environmental IoT
2024-11-05,Quetta,30.1798,66.975,14.7,39.4,0.0,16.3,1017.1,404.0,Environmental IoT
2024-11-05,Multan,30.1575,71.5249,27.1,52.5,5.1,17.6,1010.0,423.6,Satellite Telemetry
2024-11-05,Hyderabad,25.396,68.3578,23.4,73.9,6.0,17.7,1011.6,421.0,Sensor Network
2024-11-05,Faisalabad,31.4504,73.135,23.5,56.3,5.7,12.2,1015.5,427.9,Environmental IoT
2024-11-06,Karachi,24.8607,67.0011,25.4,76.6,4.8,22.5,1009.0,422.3,Satellite Telemetry
2024-11-06,Lahore,31.5204,74.3587,24.9,63.7,1.7,12.9,1011.6,425.2,Environmental IoT
2024-11-06,Islamabad,33.6844,73.0479,18.2,59.0,3.3,11.7,1013.8,406.9,Sensor Network
2024-11-06,Peshawar,34.0151,71.5249,19.4,52.7,0.0,14.8,1013.8,417.1,Satellite Telemetry
2024-11-06,Quetta,30.1798,66.975,15.2,40.1,0.0,10.7,1021.2,400.9,Sensor Network
2024-11-06,Multan,30.1575,71.5249,28.4,52.1,0.0,18.8,1010.4,424.8,Weather Station
2024-11-06,Hyderabad,25.396,68.3578,26.6,75.6,0.8,11.1,1012.6,416.8,Sensor Network
2024-11-06,Faisalabad,31.4504,73.135,22.2,56.5,4.5,19.8,1014.0,428.6,Environmental IoT
2024-11-07,Karachi,24.8607,67.0011,26.6,77.5,2.3,23.6,1011.5,424.4,Weather Station
2024-11-07,Lahore,31.5204,74.3587,23.8,62.1,7.0,14.3,1013.2,424.3,Weather Station
2024-11-07,Islamabad,33.6844,73.0479,17.8,62.3,5.4,10.7,1017.3,409.6,Satellite Telemetry
2024-11-07,Peshawar,34.0151,71.5249,20.4,53.7,5.0,15.5,1014.0,414.0,Weather Station
2024-11-07,Quetta,30.1798,66.975,13.3,46.8,4.3,13.6,1016.6,401.9,Sensor Network
2024-11-07,Multan,30.1575,71.5249,27.6,56.3,3.9,11.5,1013.8,426.9,Sensor Network
2024-11-07,Hyderabad,25.396,68.3578,24.8,76.4,4.5,24.0,1010.8,417.8,Satellite Telemetry
2024-11-07,Faisalabad,31.4504,73.135,25.5,58.4,1.1,10.9,1010.3,429.4,Environmental IoT
2024-11-08,Karachi,24.8607,67.0011,25.9,73.5,3.0,21.7,1013.0,420.7,Weather Station
2024-11-08,Lahore,31.5204,74.3587,21.2,65.9,0.4,16.2,1016.0,425.1,Environmental IoT
2024-11-08,Islamabad,33.6844,73.0479,16.2,59.6,2.1,27.0,1015.0,409.2,Satellite Telemetry
2024-11-08,Peshawar,34.0151,71.5249,21.9,51.4,1.6,17.1,1016.5,417.3,Environmental IoT
2024-11-08,Quetta,30.1798,66.975,15.9,43.8,0.0,25.2,1016.0,404.1,Environmental IoT
2024-11-08,Multan,30.1575,71.5249,28.7,50.5,0.0,14.2,1010.6,422.8,Environmental IoT
2024-11-08,Hyderabad,25.396,68.3578,23.3,74.2,0.0,14.9,1009.9,416.7,Satellite Telemetry
2024-11-08,Faisalabad,31.4504,73.135,22.2,62.2,2.3,16.3,1015.1,429.0,Sensor Network
2024-11-09,Karachi,24.8607,67.0011,25.5,81.6,0.0,25.8,1012.8,422.9,Weather Station
2024-11-09,Lahore,31.5204,74.3587,22.9,58.2,0.6,18.1,1014.9,426.6,Weather Station
2024-11-09,Islamabad,33.6844,73.0479,20.0,53.4,2.1,11.0,1014.7,411.0,Satellite Telemetry
2024-11-09,Peshawar,34.0151,71.5249,20.6,53.5,4.1,12.3,1014.7,417.0,Sensor Network
2024-11-09,Quetta,30.1798,66.975,13.5,46.5,0.0,11.1,1016.7,400.0,Environmental IoT
2024-11-09,Multan,30.1575,71.5249,28.8,50.0,5.0,18.9,1014.6,424.8,Sensor Network
2024-11-09,Hyderabad,25.396,68.3578,25.9,77.4,2.5,10.5,1013.6,417.4,Sensor Network
2024-11-09,Faisalabad,31.4504,73.135,24.5,57.1,5.3,20.4,1011.1,431.2,Sensor Network
2024-11-10,Karachi,24.8607,67.0011,27.5,73.4,1.9,11.9,1012.6,425.5,Satellite Telemetry
2024-11-10,Lahore,31.5204,74.3587,23.9,58.0,4.9,19.6,1014.4,426.8,Satellite Telemetry
2024-11-10,Islamabad,33.6844,73.0479,16.8,60.9,6.8,24.9,1016.8,408.5,Sensor Network
2024-11-10,Peshawar,34.0151,71.5249,21.2,54.8,3.5,27.1,1013.9,417.4,Sensor Network
2024-11-10,Quetta,30.1798,66.975,13.9,38.3,1.1,19.7,1021.9,399.9,Weather Station
2024-11-10,Multan,30.1575,71.5249,27.2,48.8,1.6,18.6,1009.6,421.9,Environmental IoT
2024-11-10,Hyderabad,25.396,68.3578,23.5,74.5,1.2,19.1,1012.6,417.6,Weather Station
2024-11-10,Faisalabad,31.4504,73.135,22.1,60.9,0.0,12.5,1016.0,426.4,Satellite Telemetry
2024-11-11,Karachi,24.8607,67.0011,25.8,76.5,1.9,17.4,1012.3,423.4,Environmental IoT
2024-11-11,Lahore,31.5204,74.3587,23.4,61.3,2.7,26.0,1014.0,428.6,Environmental IoT
2024-11-11,Islamabad,33.6844,73.0479,19.1,62.4,7.8,15.1,1014.2,411.4,Satellite Telemetry
2024-11-11,Peshawar,34.0151,71.5249,21.2,51.5,3.1,20.9,1015.6,412.7,Weather Station
2024-11-11,Quetta,30.1798,66.975,15.3,41.4,1.6,14.0,1019.9,402.4,Satellite Telemetry
2024-11-11,Multan,30.1575,71.5249,28.1,48.4,2.2,11.1,1013.9,426.0,Environmental IoT
2024-11-11,Hyderabad,25.396,68.3578,26.8,74.5,5.4,17.1,1013.4,420.3,Satellite Telemetry
2024-11-11,Faisalabad,31.4504,73.135,23.0,60.2,2.3,24.7,1011.7,429.3,Environmental IoT
2024-11-12,Karachi,24.8607,67.0011,25.9,78.8,0.0,13.9,1013.4,423.5,Satellite Telemetry
2024-11-12,Lahore,31.5204,74.3587,24.8,58.3,6.7,11.6,1013.1,428.7,Weather Station
2024-11-12,Islamabad,33.6844,73.0479,17.2,59.4,8.3,13.4,1014.3,409.2,Environmental IoT
2024-11-12,Peshawar,34.0151,71.5249,18.8,52.9,1.8,26.0,1015.3,411.9,Sensor Network
2024-11-12,Quetta,30.1798,66.975,12.3,42.8,0.0,11.6,1018.9,403.4,Satellite Telemetry
2024-11-12,Multan,30.1575,71.5249,25.7,53.4,0.0,14.0,1010.1,422.1,Environmental IoT
2024-11-12,Hyderabad,25.396,68.3578,25.0,75.5,0.0,15.6,1013.5,418.0,Environmental IoT
2024-11-12,Faisalabad,31.4504,73.135,22.9,56.6,5.6,24.6,1011.5,430.7,Environmental IoT
2024-11-13,Karachi,24.8607,67.0011,27.6,76.0,2.2,18.0,1009.2,420.4,Weather Station
2024-11-13,Lahore,31.5204,74.3587,24.3,61.8,6.6,19.3,1011.9,423.9,Weather Station
2024-11-13,Islamabad,33.6844,73.0479,17.0,56.2,2.0,24.2,1017.2,409.3,Environmental IoT
2024-11-13,Peshawar,34.0151,71.5249,18.2,51.5,5.3,14.2,1015.0,416.7,Sensor Network
2024-11-13,Quetta,30.1798,66.975,15.1,39.3,0.5,22.2,1017.6,401.6,Weather Station
2024-11-13,Multan,30.1575,71.5249,26.5,51.6,0.0,26.3,1009.4,422.9,Environmental IoT
2024-11-13,Hyderabad,25.396,68.3578,26.4,75.0,3.3,24.1,1012.7,421.3,Satellite Telemetry
2024-11-13,Faisalabad,31.4504,73.135,24.2,58.0,5.6,16.1,1012.9,431.0,Sensor Network
2024-11-14,Karachi,24.8607,67.0011,24.3,75.8,0.0,12.3,1009.4,425.5,Environmental IoT
2024-11-14,Lahore,31.5204,74.3587,23.9,67.3,4.2,16.7,1015.5,426.8,Sensor Network
2024-11-14,Islamabad,33.6844,73.0479,18.3,59.9,7.1,10.7,1018.5,411.2,Environmental IoT
2024-11-14,Peshawar,34.0151,71.5249,18.4,58.6,5.4,23.5,1016.6,414.7,Environmental IoT
2024-11-14,Quetta,30.1798,66.975,13.2,42.4,0.0,19.7,1018.6,401.2,Sensor Network
2024-11-14,Multan,30.1575,71.5249,28.6,49.6,0.0,21.7,1012.3,422.0,Weather Station
2024-11-14,Hyderabad,25.396,68.3578,24.4,74.6,4.9,22.8,1012.6,421.5,Environmental IoT
2024-11-14,Faisalabad,31.4504,73.135,25.3,57.3,2.3,11.0,1012.3,427.6,Satellite Telemetry
2024-11-15,Karachi,24.8607,67.0011,24.8,74.9,2.3,13.1,1012.4,421.2,Satellite Telemetry
2024-11-15,Lahore,31.5204,74.3587,23.3,66.7,1.6,27.0,1013.7,427.4,Satellite Telemetry
2024-11-15,Islamabad,33.6844,73.0479,19.2,53.6,5.1,18.9,1013.7,409.9,Weather Station
2024-11-15,Peshawar,34.0151,71.5249,18.2,52.3,5.2,10.1,1016.6,415.2,Environmental IoT
2024-11-15,Quetta,30.1798,66.975,16.0,42.8,0.0,27.8,1018.6,403.6,Satellite Telemetry
2024-11-15,Multan,30.1575,71.5249,26.9,55.1,5.6,16.2,1009.4,423.4,Weather Station
2024-11-15,Hyderabad,25.396,68.3578,26.4,73.5,0.0,16.8,1011.7,419.4,Weather Station
2024-11-15,Faisalabad,31.4504,73.135,25.6,55.4,4.8,17.6,1012.7,429.2,Sensor Network
2024-11-16,Karachi,24.8607,67.0011,26.0,75.6,3.5,23.7,1010.3,424.9,Environmental IoT
2024-11-16,Lahore,31.5204,74.3587,22.5,58.0,6.4,21.0,1015.5,424.1,Satellite Telemetry
2024-11-16,Islamabad,33.6844,73.0479,17.8,56.5,4.5,16.4,1016.0,410.9,Weather Station
2024-11-16,Peshawar,34.0151,71.5249,20.7,56.2,1.2,21.9,1012.7,417.7,Sensor Network
2024-11-16,Quetta,30.1798,66.975,13.1,39.0,4.3,20.7,1021.2,405.1,Sensor Network
2024-11-16,Multan,30.1575,71.5249,28.8,49.6,5.3,27.1,1013.5,426.9,Satellite Telemetry
2024-11-16,Hyderabad,25.396,68.3578,26.6,69.6,0.0,20.0,1012.7,417.4,Satellite Telemetry
2024-11-16,Faisalabad,31.4504,73.135,24.6,62.9,0.2,20.5,1015.2,430.3,Environmental IoT
2024-11-17,Karachi,24.8607,67.0011,27.6,75.6,1.9,21.4,1011.8,421.1,Weather Station
2024-11-17,Lahore,31.5204,74.3587,24.7,58.9,0.7,17.1,1013.6,426.5,Sensor Network
2024-11-17,Islamabad,33.6844,73.0479,18.9,61.3,7.8,22.4,1013.7,409.8,Sensor Network
2024-11-17,Peshawar,34.0151,71.5249,20.0,52.6,3.6,26.5,1012.2,414.5,Sensor Network
2024-11-17,Quetta,30.1798,66.975,14.8,42.5,0.2,13.7,1020.9,405.5,Environmental IoT
2024-11-17,Multan,30.1575,71.5249,26.0,49.2,0.8,15.5,1010.5,423.5,Satellite Telemetry
2024-11-17,Hyderabad,25.396,68.3578,23.4,69.0,5.8,20.7,1013.3,416.7,Weather Station
2024-11-17,Faisalabad,31.4504,73.135,22.6,60.0,4.0,25.6,1010.2,429.3,Weather Station
2024-11-18,Karachi,24.8607,67.0011,24.6,75.9,0.5,22.9,1012.2,421.1,Environmental IoT
2024-11-18,Lahore,31.5204,74.3587,21.9,64.3,2.2,12.1,1016.3,426.6,Weather Station
2024-11-18,Islamabad,33.6844,73.0479,17.0,62.4,7.8,23.8,1017.0,408.3,Satellite Telemetry
2024-11-18,Peshawar,34.0151,71.5249,19.0,51.6,4.2,21.1,1014.2,415.6,Environmental IoT
2024-11-18,Quetta,30.1798,66.975,15.5,39.5,0.0,13.7,1016.2,404.3,Weather Station
2024-11-18,Multan,30.1575,71.5249,26.4,53.5,0.0,24.9,1013.1,422.5,Sensor Network
2024-11-18,Hyderabad,25.396,68.3578,25.6,74.4,0.0,26.5,1009.2,418.5,Satellite Telemetry
2024-11-18,Faisalabad,31.4504,73.135,25.7,61.8,4.5,12.7,1013.5,428.1,Sensor Network
2024-11-19,Karachi,24.8607,67.0011,27.9,74.3,2.5,18.9,1011.1,420.2,Satellite Telemetry
2024-11-19,Lahore,31.5204,74.3587,24.7,62.0,6.6,15.8,1016.6,427.6,Weather Station
2024-11-19,Islamabad,33.6844,73.0479,19.1,55.5,7.3,21.4,1013.1,409.3,Sensor Network
2024-11-19,Peshawar,34.0151,71.5249,18.7,53.5,3.7,15.3,1013.8,417.4,Weather Station
2024-11-19,Quetta,30.1798,66.975,13.4,43.3,0.0,26.1,1021.9,403.1,Environmental IoT
2024-11-19,Multan,30.1575,71.5249,27.1,49.9,0.0,22.7,1012.3,425.9,Sensor Network
2024-11-19,Hyderabad,25.396,68.3578,25.2,69.0,0.5,15.3,1014.9,421.2,Sensor Network
2024-11-19,Faisalabad,31.4504,73.135,23.6,56.1,0.5,19.1,1011.5,428.2,Sensor Network
2024-11-20,Karachi,24.8607,67.0011,25.4,78.3,2.9,25.4,1012.8,425.5,Sensor Network
2024-11-20,Lahore,31.5204,74.3587,23.9,61.3,1.8,17.3,1012.1,424.8,Satellite Telemetry
2024-11-20,Islamabad,33.6844,73.0479,17.6,59.5,3.5,14.1,1018.1,411.5,Weather Station
2024-11-20,Peshawar,34.0151,71.5249,20.1,58.7,4.4,25.3,1014.5,416.0,Sensor Network
2024-11-20,Quetta,30.1798,66.975,15.0,44.3,4.5,24.6,1018.8,404.1,Satellite Telemetry
2024-11-20,Multan,30.1575,71.5249,28.4,57.0,3.6,21.4,1011.5,427.7,Satellite Telemetry
2024-11-20,Hyderabad,25.396,68.3578,25.0,68.2,3.1,21.2,1010.4,417.5,Satellite Telemetry
2024-11-20,Faisalabad,31.4504,73.135,24.5,59.5,4.0,11.9,1013.3,431.6,Sensor Network
2024-11-21,Karachi,24.8607,67.0011,25.1,75.5,0.3,10.5,1010.0,425.1,Environmental IoT
2024-11-21,Lahore,31.5204,74.3587,23.6,65.4,0.0,27.9,1014.9,426.4,Sensor Network
2024-11-21,Islamabad,33.6844,73.0479,16.7,61.4,5.7,23.0,1014.5,411.5,Sensor Network
2024-11-21,Peshawar,34.0151,71.5249,19.6,52.6,6.3,25.0,1014.4,417.1,Sensor Network
2024-11-21,Quetta,30.1798,66.975,13.0,46.1,4.2,21.9,1017.9,400.4,Weather Station
2024-11-21,Multan,30.1575,71.5249,28.7,51.9,2.6,17.3,1013.5,426.1,Weather Station
2024-11-21,Hyderabad,25.396,68.3578,23.8,74.1,0.0,27.5,1014.0,421.6,Weather Station
2024-11-21,Faisalabad,31.4504,73.135,25.5,62.5,3.7,21.0,1012.1,430.5,Weather Station
2024-11-22,Karachi,24.8607,67.0011,26.4,72.8,4.0,12.0,1008.6,423.6,Environmental IoT
2024-11-22,Lahore,31.5204,74.3587,23.9,58.4,6.0,23.5,1016.2,429.0,Satellite Telemetry
2024-11-22,Islamabad,33.6844,73.0479,16.3,55.4,3.6,12.7,1016.7,407.6,Satellite Telemetry
2024-11-22,Peshawar,34.0151,71.5249,19.9,58.6,3.0,10.2,1017.1,414.9,Sensor Network
2024-11-22,Quetta,30.1798,66.975,14.8,45.0,1.4,12.8,1018.8,401.7,Weather Station
2024-11-22,Multan,30.1575,71.5249,25.2,49.8,0.0,14.3,1011.6,422.6,Environmental IoT
2024-11-22,Hyderabad,25.396,68.3578,24.8,75.9,5.6,19.5,1013.7,418.4,Sensor Network
2024-11-22,Faisalabad,31.4504,73.135,25.9,56.3,6.3,21.4,1014.5,427.8,Satellite Telemetry
2024-11-23,Karachi,24.8607,67.0011,27.8,80.6,0.0,25.2,1012.5,424.7,Satellite Telemetry
2024-11-23,Lahore,31.5204,74.3587,21.8,58.5,4.5,26.3,1011.8,426.5,Satellite Telemetry
2024-11-23,Islamabad,33.6844,73.0479,17.9,62.3,5.7,23.6,1015.7,411.7,Environmental IoT
2024-11-23,Peshawar,34.0151,71.5249,18.2,52.5,3.8,21.9,1013.9,414.6,Satellite Telemetry
2024-11-23,Quetta,30.1798,66.975,12.4,47.1,3.2,15.7,1017.1,402.1,Satellite Telemetry
2024-11-23,Multan,30.1575,71.5249,26.3,55.9,3.6,22.2,1010.5,427.8,Weather Station
2024-11-23,Hyderabad,25.396,68.3578,26.9,76.3,4.1,11.9,1012.3,418.9,Sensor Network
2024-11-23,Faisalabad,31.4504,73.135,23.8,57.2,6.3,17.3,1013.1,426.4,Weather Station
2024-11-24,Karachi,24.8607,67.0011,27.0,73.0,0.0,22.8,1009.2,422.1,Weather Station
2024-11-24,Lahore,31.5204,74.3587,22.0,58.6,4.5,10.6,1014.7,424.3,Sensor Network
2024-11-24,Islamabad,33.6844,73.0479,19.5,61.1,8.0,25.5,1019.0,410.4,Environmental IoT
2024-11-24,Peshawar,34.0151,71.5249,20.7,50.8,3.5,11.1,1017.2,415.1,Satellite Telemetry
2024-11-24,Quetta,30.1798,66.975,15.9,45.2,1.2,10.6,1020.3,403.1,Satellite Telemetry
2024-11-24,Multan,30.1575,71.5249,26.5,53.6,4.8,11.2,1013.2,424.8,Environmental IoT
2024-11-24,Hyderabad,25.396,68.3578,26.1,69.2,3.5,19.2,1010.7,418.4,Satellite Telemetry
2024-11-24,Faisalabad,31.4504,73.135,25.7,61.0,0.0,13.3,1013.5,430.1,Environmental IoT
2024-11-25,Karachi,24.8607,67.0011,25.0,76.7,2.0,25.1,1009.5,420.3,Satellite Telemetry
2024-11-25,Lahore,31.5204,74.3587,22.5,60.4,0.1,17.4,1013.2,427.3,Weather Station
2024-11-25,Islamabad,33.6844,73.0479,17.2,52.7,4.4,22.2,1017.3,407.3,Environmental IoT
2024-11-25,Peshawar,34.0151,71.5249,18.9,51.3,1.6,26.2,1013.8,413.4,Environmental IoT
2024-11-25,Quetta,30.1798,66.975,12.1,44.6,0.0,20.2,1016.3,403.2,Environmental IoT
2024-11-25,Multan,30.1575,71.5249,28.1,49.8,5.5,23.5,1012.8,424.2,Satellite Telemetry
2024-11-25,Hyderabad,25.396,68.3578,25.2,70.7,2.4,16.0,1013.7,417.5,Environmental IoT
2024-11-25,Faisalabad,31.4504,73.135,24.4,56.3,1.2,13.6,1010.7,426.0,Environmental IoT
2024-11-26,Karachi,24.8607,67.0011,26.7,73.1,0.0,14.7,1008.0,424.2,Environmental IoT
2024-11-26,Lahore,31.5204,74.3587,22.3,63.4,0.2,12.9,1012.7,426.4,Environmental IoT
2024-11-26,Islamabad,33.6844,73.0479,17.4,53.9,8.0,22.4,1013.7,408.0,Weather Station
2024-11-26,Peshawar,34.0151,71.5249,20.8,52.6,0.0,23.8,1016.2,417.6,Satellite Telemetry
2024-11-26,Quetta,30.1798,66.975,14.4,46.8,2.6,22.4,1021.7,400.9,Environmental IoT
2024-11-26,Multan,30.1575,71.5249,25.3,56.4,0.0,14.4,1011.7,425.2,Weather Station
2024-11-26,Hyderabad,25.396,68.3578,23.7,77.3,0.0,11.7,1012.3,417.6,Weather Station
2024-11-26,Faisalabad,31.4504,73.135,26.0,63.2,1.6,17.4,1010.7,431.8,Satellite Telemetry
2024-11-27,Karachi,24.8607,67.0011,24.4,78.6,1.8,19.7,1011.6,424.2,Satellite Telemetry
2024-11-27,Lahore,31.5204,74.3587,22.5,64.6,1.9,20.8,1016.5,425.0,Weather Station
2024-11-27,Islamabad,33.6844,73.0479,18.4,59.0,5.6,13.7,1013.7,411.4,Environmental IoT
2024-11-27,Peshawar,34.0151,71.5249,21.9,58.7,4.7,23.6,1014.8,413.3,Satellite Telemetry
2024-11-27,Quetta,30.1798,66.975,14.7,41.9,1.2,23.1,1022.0,401.5,Sensor Network
2024-11-27,Multan,30.1575,71.5249,28.4,55.6,4.1,19.4,1014.4,425.9,Sensor Network
2024-11-27,Hyderabad,25.396,68.3578,26.1,74.7,0.0,27.2,1013.4,416.3,Satellite Telemetry
2024-11-27,Faisalabad,31.4504,73.135,25.1,56.3,2.3,24.4,1014.6,431.8,Sensor Network
2024-11-28,Karachi,24.8607,67.0011,26.1,77.2,5.4,24.7,1012.8,421.0,Satellite Telemetry
2024-11-28,Lahore,31.5204,74.3587,21.2,63.9,1.9,25.0,1011.3,428.3,Satellite Telemetry
2024-11-28,Islamabad,33.6844,73.0479,16.8,59.6,3.1,19.0,1014.9,409.4,Environmental IoT
2024-11-28,Peshawar,34.0151,71.5249,18.5,52.3,7.0,20.4,1013.7,414.8,Weather Station
2024-11-28,Quetta,30.1798,66.975,14.9,43.5,0.0,12.1,1017.2,402.8,Weather Station
2024-11-28,Multan,30.1575,71.5249,28.5,55.9,5.5,19.2,1013.0,424.9,Weather Station
2024-11-28,Hyderabad,25.396,68.3578,24.7,72.4,2.6,19.1,1010.3,419.6,Weather Station
2024-11-28,Faisalabad,31.4504,73.135,23.4,60.1,0.0,17.1,1010.3,431.6,Weather Station
2024-11-29,Karachi,24.8607,67.0011,24.9,78.2,4.7,14.0,1008.7,423.0,Satellite Telemetry
2024-11-29,Lahore,31.5204,74.3587,24.4,64.0,1.8,24.9,1012.9,428.1,Weather Station
2024-11-29,Islamabad,33.6844,73.0479,18.0,54.3,7.5,19.0,1015.9,409.9,Sensor Network
2024-11-29,Peshawar,34.0151,71.5249,19.9,57.9,5.4,20.3,1014.6,413.8,Environmental IoT
2024-11-29,Quetta,30.1798,66.975,13.5,44.2,4.4,24.2,1018.5,402.5,Weather Station
2024-11-29,Multan,30.1575,71.5249,27.1,56.8,0.0,24.3,1014.4,422.6,Environmental IoT
2024-11-29,Hyderabad,25.396,68.3578,27.0,74.6,2.5,22.1,1013.4,417.8,Satellite Telemetry
2024-11-29,Faisalabad,31.4504,73.135,24.0,57.6,2.2,19.0,1015.7,427.5,Environmental IoT
2024-11-30,Karachi,24.8607,67.0011,26.2,72.7,3.2,12.5,1008.3,422.7,Environmental IoT
2024-11-30,Lahore,31.5204,74.3587,21.9,59.3,2.9,13.3,1012.2,428.8,Sensor Network
2024-11-30,Islamabad,33.6844,73.0479,18.4,53.5,7.6,14.8,1015.1,411.1,Satellite Telemetry
2024-11-30,Peshawar,34.0151,71.5249,21.9,59.9,6.5,25.9,1012.0,412.1,Weather Station
2024-11-30,Quetta,30.1798,66.975,12.0,39.9,0.0,21.1,1016.5,405.4,Sensor Network
2024-11-30,Multan,30.1575,71.5249,25.1,56.9,1.4,26.5,1011.0,422.3,Sensor Network
2024-11-30,Hyderabad,25.396,68.3578,26.6,70.2,3.2,23.8,1013.1,416.2,Environmental IoT
2024-11-30,Faisalabad,31.4504,73.135,24.3,63.6,3.4,21.9,1011.7,429.5,Weather Station
2024-12-01,Karachi,24.8607,67.0011,21.4,70.9,5.0,22.2,1010.0,420.2,Environmental IoT
2024-12-01,Lahore,31.5204,74.3587,18.4,61.1,6.8,14.0,1012.6,428.7,Sensor Network
2024-12-01,Islamabad,33.6844,73.0479,15.9,53.0,4.2,16.0,1013.9,410.4,Environmental IoT
2024-12-01,Peshawar,34.0151,71.5249,15.2,48.1,0.0,27.5,1017.0,417.1,Weather Station
2024-12-01,Quetta,30.1798,66.975,12.1,39.8,0.0,18.2,1016.4,403.4,Satellite Telemetry
2024-12-01,Multan,30.1575,71.5249,23.0,48.7,5.1,12.5,1012.8,424.5,Environmental IoT
2024-12-01,Hyderabad,25.396,68.3578,21.1,67.2,1.6,27.5,1012.1,420.2,Weather Station
2024-12-01,Faisalabad,31.4504,73.135,19.7,51.4,2.0,25.4,1015.6,428.1,Sensor Network
2024-12-02,Karachi,24.8607,67.0011,21.9,72.5,0.8,25.3,1008.1,424.1,Environmental IoT
2024-12-02,Lahore,31.5204,74.3587,18.1,63.6,5.5,19.4,1012.1,424.7,Environmental IoT
2024-12-02,Islamabad,33.6844,73.0479,14.6,53.8,6.1,21.9,1018.2,412.9,Sensor Network
2024-12-02,Peshawar,34.0151,71.5249,17.4,56.9,4.9,23.4,1012.6,413.5,Sensor Network
2024-12-02,Quetta,30.1798,66.975,11.8,42.0,0.0,17.4,1016.3,401.4,Environmental IoT
2024-12-02,Multan,30.1575,71.5249,25.6,53.6,2.0,12.5,1011.8,426.1,Weather Station
2024-12-02,Hyderabad,25.396,68.3578,22.0,64.2,0.0,10.1,1010.0,421.1,Environmental IoT
2024-12-02,Faisalabad,31.4504,73.135,20.4,60.8,4.4,13.7,1015.7,429.2,Satellite Telemetry
2024-12-03,Karachi,24.8607,67.0011,22.4,73.9,0.0,10.5,1012.5,423.9,Sensor Network
2024-12-03,Lahore,31.5204,74.3587,21.8,57.6,5.8,27.1,1016.8,426.8,Weather Station
2024-12-03,Islamabad,33.6844,73.0479,15.7,55.6,2.9,10.5,1013.9,412.8,Environmental IoT
2024-12-03,Peshawar,34.0151,71.5249,17.6,49.7,3.8,25.9,1015.2,415.3,Environmental IoT
2024-12-03,Quetta,30.1798,66.975,11.9,37.0,0.0,12.2,1018.2,403.5,Weather Station
2024-12-03,Multan,30.1575,71.5249,23.9,49.7,0.0,21.6,1010.5,424.3,Satellite Telemetry
2024-12-03,Hyderabad,25.396,68.3578,21.7,67.3,0.4,26.5,1010.0,418.1,Weather Station
2024-12-03,Faisalabad,31.4504,73.135,22.9,54.7,1.8,22.5,1011.5,431.7,Satellite Telemetry
2024-12-04,Karachi,24.8607,67.0011,21.3,69.0,0.9,14.8,1011.5,424.7,Sensor Network
2024-12-04,Lahore,31.5204,74.3587,19.4,59.1,4.0,21.9,1013.2,427.6,Weather Station
2024-12-04,Islamabad,33.6844,73.0479,15.9,58.6,4.3,25.2,1013.5,408.8,Weather Station
2024-12-04,Peshawar,34.0151,71.5249,18.6,50.0,4.2,27.9,1015.8,413.9,Environmental IoT
2024-12-04,Quetta,30.1798,66.975,11.4,42.8,1.3,13.9,1020.1,404.5,Weather Station
2024-12-04,Multan,30.1575,71.5249,23.3,46.3,2.2,11.3,1009.6,426.2,Sensor Network
2024-12-04,Hyderabad,25.396,68.3578,23.2,64.4,3.4,12.2,1010.2,421.3,Environmental IoT
2024-12-04,Faisalabad,31.4504,73.135,20.5,54.5,2.3,23.8,1011.9,429.4,Satellite Telemetry
2024-12-05,Karachi,24.8607,67.0011,22.1,73.1,3.6,26.7,1010.8,422.7,Environmental IoT
2024-12-05,Lahore,31.5204,74.3587,20.3,54.6,5.9,21.6,1013.9,426.9,Environmental IoT
2024-12-05,Islamabad,33.6844,73.0479,13.6,49.7,3.0,26.3,1014.2,411.5,Environmental IoT
2024-12-05,Peshawar,34.0151,71.5249,17.3,47.7,1.0,11.9,1014.6,414.7,Sensor Network
2024-12-05,Quetta,30.1798,66.975,10.4,42.4,0.0,13.1,1018.4,404.6,Weather Station
2024-12-05,Multan,30.1575,71.5249,25.3,46.8,5.1,22.1,1011.0,422.3,Environmental IoT
2024-12-05,Hyderabad,25.396,68.3578,21.5,68.1,1.0,13.7,1009.9,416.8,Satellite Telemetry
2024-12-05,Faisalabad,31.4504,73.135,19.3,59.0,4.7,22.1,1016.0,429.3,Sensor Network
2024-12-06,Karachi,24.8607,67.0011,24.8,70.1,1.3,15.8,1010.1,425.4,Satellite Telemetry
2024-12-06,Lahore,31.5204,74.3587,18.5,59.7,1.2,11.9,1012.1,424.2,Environmental IoT
2024-12-06,Islamabad,33.6844,73.0479,13.7,52.8,4.9,24.3,1013.9,411.1,Environmental IoT
2024-12-06,Peshawar,34.0151,71.5249,18.1,53.1,4.0,24.4,1015.1,414.1,Satellite Telemetry
2024-12-06,Quetta,30.1798,66.975,10.9,37.2,0.0,12.4,1020.8,402.6,Satellite Telemetry
2024-12-06,Multan,30.1575,71.5249,23.5,50.7,5.6,25.4,1009.7,423.0,Environmental IoT
2024-12-06,Hyderabad,25.396,68.3578,22.6,68.5,5.2,20.6,1013.6,420.0,Weather Station
2024-12-06,Faisalabad,31.4504,73.135,21.3,54.7,5.9,18.0,1015.1,428.8,Sensor Network
2024-12-07,Karachi,24.8607,67.0011,24.3,72.5,2.1,26.8,1013.9,422.5,Satellite Telemetry
2024-12-07,Lahore,31.5204,74.3587,18.9,58.3,5.6,20.3,1013.3,429.0,Weather Station
2024-12-07,Islamabad,33.6844,73.0479,16.7,58.0,5.1,15.6,1017.8,410.3,Environmental IoT
2024-12-07,Peshawar,34.0151,71.5249,18.0,50.0,5.9,15.7,1014.5,415.1,Satellite Telemetry
2024-12-07,Quetta,30.1798,66.975,11.3,38.6,0.0,16.9,1020.9,405.2,Sensor Network
2024-12-07,Multan,30.1575,71.5249,24.3,53.8,0.8,11.0,1012.0,427.7,Weather Station
2024-12-07,Hyderabad,25.396,68.3578,23.3,68.4,4.8,19.8,1009.3,417.2,Weather Station
2024-12-07,Faisalabad,31.4504,73.135,22.2,54.6,0.0,11.1,1013.2,431.0,Satellite Telemetry
2024-12-08,Karachi,24.8607,67.0011,24.2,77.7,3.5,18.0,1013.7,420.1,Satellite Telemetry
2024-12-08,Lahore,31.5204,74.3587,20.6,59.9,3.5,21.3,1014.2,428.6,Satellite Telemetry
2024-12-08,Islamabad,33.6844,73.0479,13.3,51.2,6.2,11.5,1014.7,409.3,Sensor Network
2024-12-08,Peshawar,34.0151,71.5249,15.5,47.3,0.0,22.2,1012.3,413.8,Weather Station
2024-12-08,Quetta,30.1798,66.975,11.7,36.1,2.5,17.5,1017.3,403.8,Satellite Telemetry
2024-12-08,Multan,30.1575,71.5249,24.1,45.3,3.0,26.0,1010.2,422.2,Environmental IoT
2024-12-08,Hyderabad,25.396,68.3578,22.0,68.7,0.0,11.5,1012.0,418.4,Satellite Telemetry
2024-12-08,Faisalabad,31.4504,73.135,19.2,58.3,3.7,26.1,1013.6,429.5,Sensor Network
2024-12-09,Karachi,24.8607,67.0011,24.0,75.9,0.0,11.7,1009.3,425.2,Environmental IoT
2024-12-09,Lahore,31.5204,74.3587,20.4,55.6,0.4,25.7,1015.4,429.0,Satellite Telemetry
2024-12-09,Islamabad,33.6844,73.0479,15.9,49.1,7.1,23.6,1017.2,408.2,Sensor Network
2024-12-09,Peshawar,34.0151,71.5249,18.0,49.8,4.3,18.6,1014.0,417.0,Weather Station
2024-12-09,Quetta,30.1798,66.975,12.8,43.4,0.0,27.1,1020.2,401.5,Satellite Telemetry
2024-12-09,Multan,30.1575,71.5249,25.9,47.6,3.2,18.1,1011.8,424.8,Environmental IoT
2024-12-09,Hyderabad,25.396,68.3578,23.0,66.4,0.0,22.1,1014.9,420.9,Environmental IoT
2024-12-09,Faisalabad,31.4504,73.135,20.4,56.2,0.2,23.7,1011.4,430.3,Sensor Network
2024-12-10,Karachi,24.8607,67.0011,21.2,78.5,5.3,17.6,1012.4,425.2,Satellite Telemetry
2024-12-10,Lahore,31.5204,74.3587,20.0,62.8,3.5,18.3,1016.3,425.6,Sensor Network
2024-12-10,Islamabad,33.6844,73.0479,14.7,55.4,1.8,20.3,1016.0,407.4,Weather Station
2024-12-10,Peshawar,34.0151,71.5249,19.0,54.1,0.6,22.1,1015.8,414.6,Sensor Network
2024-12-10,Quetta,30.1798,66.975,11.0,40.6,4.9,18.7,1020.5,403.9,Environmental IoT
2024-12-10,Multan,30.1575,71.5249,24.6,52.3,4.2,19.2,1015.0,424.6,Sensor Network
2024-12-10,Hyderabad,25.396,68.3578,23.0,65.6,4.0,21.8,1012.5,421.6,Environmental IoT
2024-12-10,Faisalabad,31.4504,73.135,21.0,57.8,1.3,26.3,1010.6,431.2,Environmental IoT
2024-12-11,Karachi,24.8607,67.0011,21.7,78.2,3.6,15.2,1011.5,424.8,Sensor Network
2024-12-11,Lahore,31.5204,74.3587,19.5,59.0,3.8,17.8,1012.8,428.7,Sensor Network
2024-12-11,Islamabad,33.6844,73.0479,15.3,53.4,6.0,21.1,1018.8,409.0,Environmental IoT
2024-12-11,Peshawar,34.0151,71.5249,17.6,54.0,3.0,27.4,1017.4,417.4,Satellite Telemetry
2024-12-11,Quetta,30.1798,66.975,9.6,41.3,3.7,25.9,1016.6,400.6,Sensor Network
2024-12-11,Multan,30.1575,71.5249,24.0,46.9,0.0,24.7,1010.8,422.3,Weather Station
2024-12-11,Hyderabad,25.396,68.3578,23.4,64.2,4.0,24.0,1010.4,421.0,Satellite Telemetry
2024-12-11,Faisalabad,31.4504,73.135,22.6,54.4,0.3,18.8,1015.2,428.0,Satellite Telemetry
2024-12-12,Karachi,24.8607,67.0011,23.7,73.9,0.0,19.9,1012.6,424.6,Satellite Telemetry
2024-12-12,Lahore,31.5204,74.3587,18.1,55.8,1.3,10.1,1015.8,424.9,Environmental IoT
2024-12-12,Islamabad,33.6844,73.0479,14.8,58.4,9.3,18.1,1016.8,412.4,Satellite Telemetry
2024-12-12,Peshawar,34.0151,71.5249,15.1,47.8,0.0,18.2,1013.8,417.1,Environmental IoT
2024-12-12,Quetta,30.1798,66.975,9.6,43.8,1.2,12.6,1016.8,400.8,Environmental IoT
2024-12-12,Multan,30.1575,71.5249,22.5,53.8,0.0,24.5,1012.3,424.3,Satellite Telemetry
2024-12-12,Hyderabad,25.396,68.3578,20.5,68.5,2.2,14.0,1014.0,421.2,Satellite Telemetry
2024-12-12,Faisalabad,31.4504,73.135,20.2,60.2,3.0,26.6,1012.0,430.5,Environmental IoT
2024-12-13,Karachi,24.8607,67.0011,21.6,77.5,0.0,18.5,1011.9,423.1,Satellite Telemetry
2024-12-13,Lahore,31.5204,74.3587,21.6,60.9,4.4,10.4,1011.4,428.2,Weather Station
2024-12-13,Islamabad,33.6844,73.0479,13.6,54.9,4.2,20.5,1013.3,413.0,Sensor Network
2024-12-13,Peshawar,34.0151,71.5249,18.5,51.1,2.1,15.8,1016.8,412.3,Weather Station
2024-12-13,Quetta,30.1798,66.975,10.8,40.6,3.0,22.9,1021.9,402.3,Environmental IoT
2024-12-13,Multan,30.1575,71.5249,24.1,52.6,3.3,12.2,1011.2,424.1,Weather Station
2024-12-13,Hyderabad,25.396,68.3578,23.6,64.9,3.5,27.3,1010.5,420.5,Weather Station
2024-12-13,Faisalabad,31.4504,73.135,19.3,53.2,4.3,19.7,1015.8,426.8,Environmental IoT
2024-12-14,Karachi,24.8607,67.0011,22.1,76.8,5.1,15.9,1008.6,422.5,Satellite Telemetry
2024-12-14,Lahore,31.5204,74.3587,18.2,58.6,0.5,15.7,1013.7,429.4,Weather Station
2024-12-14,Islamabad,33.6844,73.0479,15.3,49.2,5.8,20.8,1018.5,410.8,Weather Station
2024-12-14,Peshawar,34.0151,71.5249,17.9,53.9,0.0,14.8,1015.7,416.6,Sensor Network
2024-12-14,Quetta,30.1798,66.975,10.2,42.7,1.7,25.5,1017.0,405.7,Satellite Telemetry
2024-12-14,Multan,30.1575,71.5249,22.7,51.9,4.2,20.0,1014.5,425.2,Weather Station
2024-12-14,Hyderabad,25.396,68.3578,20.7,70.6,1.5,12.8,1014.1,417.2,Sensor Network
2024-12-14,Faisalabad,31.4504,73.135,22.4,52.8,4.0,21.3,1014.5,430.4,Satellite Telemetry
2024-12-15,Karachi,24.8607,67.0011,24.9,74.2,1.3,20.3,1010.7,423.0,Satellite Telemetry
2024-12-15,Lahore,31.5204,74.3587,18.4,54.1,7.0,27.9,1011.8,427.5,Environmental IoT
2024-12-15,Islamabad,33.6844,73.0479,13.9,49.1,5.5,19.5,1015.3,413.2,Sensor Network
2024-12-15,Peshawar,34.0151,71.5249,18.5,52.7,1.8,17.9,1014.9,414.5,Satellite Telemetry
2024-12-15,Quetta,30.1798,66.975,9.7,35.1,0.0,16.0,1017.9,401.9,Weather Station
2024-12-15,Multan,30.1575,71.5249,22.9,52.3,1.4,17.8,1009.2,427.5,Weather Station
2024-12-15,Hyderabad,25.396,68.3578,23.9,69.2,2.0,17.1,1012.2,416.4,Weather Station
2024-12-15,Faisalabad,31.4504,73.135,22.0,52.9,2.2,16.0,1014.2,431.4,Weather Station
2024-12-16,Karachi,24.8607,67.0011,22.8,71.6,0.6,24.5,1013.3,424.9,Weather Station
2024-12-16,Lahore,31.5204,74.3587,21.2,55.8,0.1,16.8,1012.1,427.2,Satellite Telemetry
2024-12-16,Islamabad,33.6844,73.0479,16.7,52.8,5.1,12.3,1018.1,411.3,Sensor Network
2024-12-16,Peshawar,34.0151,71.5249,16.8,47.1,1.1,26.5,1015.3,413.5,Sensor Network
2024-12-16,Quetta,30.1798,66.975,12.1,36.2,3.1,16.9,1020.1,405.6,Satellite Telemetry
2024-12-16,Multan,30.1575,71.5249,22.5,48.9,0.6,12.2,1015.0,426.2,Weather Station
2024-12-16,Hyderabad,25.396,68.3578,20.7,64.8,0.0,20.7,1011.2,418.1,Weather Station
2024-12-16,Faisalabad,31.4504,73.135,20.4,56.9,2.0,18.3,1010.4,428.6,Satellite Telemetry
2024-12-17,Karachi,24.8607,67.0011,24.7,73.0,0.3,12.4,1010.1,423.9,Satellite Telemetry
2024-12-17,Lahore,31.5204,74.3587,20.4,57.0,4.4,22.9,1016.6,427.4,Weather Station
2024-12-17,Islamabad,33.6844,73.0479,15.8,55.0,1.8,19.5,1013.7,407.3,Weather Station
2024-12-17,Peshawar,34.0151,71.5249,17.0,47.5,6.1,21.1,1013.5,413.5,Environmental IoT
2024-12-17,Quetta,30.1798,66.975,9.3,40.3,0.8,21.6,1021.8,401.0,Environmental IoT
2024-12-17,Multan,30.1575,71.5249,22.4,46.0,0.0,24.8,1013.6,427.4,Sensor Network
2024-12-17,Hyderabad,25.396,68.3578,20.9,68.3,3.8,15.4,1010.0,421.8,Environmental IoT
2024-12-17,Faisalabad,31.4504,73.135,19.8,58.0,5.1,18.8,1012.9,428.5,Satellite Telemetry
2024-12-18,Karachi,24.8607,67.0011,21.9,73.2,2.6,19.4,1013.9,423.9,Satellite Telemetry
2024-12-18,Lahore,31.5204,74.3587,18.3,55.4,0.2,15.5,1016.1,429.9,Satellite Telemetry
2024-12-18,Islamabad,33.6844,73.0479,15.1,52.1,2.2,13.8,1019.0,411.4,Satellite Telemetry
2024-12-18,Peshawar,34.0151,71.5249,16.3,48.2,5.9,20.1,1017.4,418.3,Weather Station
2024-12-18,Quetta,30.1798,66.975,12.4,43.6,2.7,21.0,1018.1,405.6,Satellite Telemetry
2024-12-18,Multan,30.1575,71.5249,24.5,48.5,0.1,12.0,1009.3,423.9,Environmental IoT
2024-12-18,Hyderabad,25.396,68.3578,22.3,71.1,5.7,10.8,1014.7,417.4,Satellite Telemetry
2024-12-18,Faisalabad,31.4504,73.135,19.8,58.4,6.5,11.5,1015.7,429.3,Weather Station
2024-12-19,Karachi,24.8607,67.0011,25.0,76.0,0.0,19.7,1011.5,422.7,Weather Station
2024-12-19,Lahore,31.5204,74.3587,19.1,62.2,1.6,24.8,1011.3,429.1,Sensor Network
2024-12-19,Islamabad,33.6844,73.0479,14.6,52.8,7.1,17.5,1018.2,410.0,Sensor Network
2024-12-19,Peshawar,34.0151,71.5249,15.6,54.4,2.8,20.7,1016.5,417.0,Environmental IoT
2024-12-19,Quetta,30.1798,66.975,10.1,36.0,0.0,20.1,1018.3,401.8,Environmental IoT
2024-12-19,Multan,30.1575,71.5249,23.4,50.6,0.6,26.4,1009.8,423.0,Sensor Network
2024-12-19,Hyderabad,25.396,68.3578,22.0,64.4,0.0,23.9,1013.5,419.9,Environmental IoT
2024-12-19,Faisalabad,31.4504,73.135,20.8,60.9,5.3,13.0,1015.8,428.3,Sensor Network
2024-12-20,Karachi,24.8607,67.0011,21.3,76.8,4.1,25.3,1012.6,424.2,Satellite Telemetry
2024-12-20,Lahore,31.5204,74.3587,19.7,62.2,5.2,10.8,1015.8,427.7,Satellite Telemetry
2024-12-20,Islamabad,33.6844,73.0479,13.8,57.3,3.3,17.4,1017.3,409.3,Sensor Network
2024-12-20,Peshawar,34.0151,71.5249,18.5,54.1,0.9,21.9,1015.4,418.2,Satellite Telemetry
2024-12-20,Quetta,30.1798,66.975,11.7,37.0,4.6,18.3,1018.5,404.6,Weather Station
2024-12-20,Multan,30.1575,71.5249,25.6,44.8,2.9,19.3,1013.9,426.1,Satellite Telemetry
2024-12-20,Hyderabad,25.396,68.3578,22.7,68.9,2.9,11.2,1011.6,420.1,Weather Station
2024-12-20,Faisalabad,31.4504,73.135,21.5,57.0,5.5,27.7,1010.6,428.9,Sensor Network
2024-12-21,Karachi,24.8607,67.0011,23.0,71.4,3.1,23.0,1008.0,425.5,Environmental IoT
2024-12-21,Lahore,31.5204,74.3587,20.6,61.8,5.3,19.9,1012.1,427.9,Weather Station
2024-12-21,Islamabad,33.6844,73.0479,15.5,58.7,6.5,22.4,1015.5,412.1,Weather Station
2024-12-21,Peshawar,34.0151,71.5249,15.7,52.8,3.6,22.5,1016.5,413.6,Sensor Network
2024-12-21,Quetta,30.1798,66.975,9.6,37.3,1.1,23.9,1021.0,404.2,Environmental IoT
2024-12-21,Multan,30.1575,71.5249,25.2,44.7,0.0,18.2,1014.5,428.0,Weather Station
2024-12-21,Hyderabad,25.396,68.3578,22.2,64.1,3.7,22.7,1014.5,419.9,Environmental IoT
2024-12-21,Faisalabad,31.4504,73.135,23.0,60.1,0.6,11.5,1014.3,428.3,Environmental IoT
2024-12-22,Karachi,24.8607,67.0011,24.0,77.7,5.1,21.7,1012.9,423.5,Weather Station
2024-12-22,Lahore,31.5204,74.3587,22.0,59.6,0.3,16.0,1011.7,425.6,Weather Station
2024-12-22,Islamabad,33.6844,73.0479,13.4,55.1,3.9,13.2,1017.2,411.9,Satellite Telemetry
2024-12-22,Peshawar,34.0151,71.5249,19.1,56.4,3.2,23.7,1017.2,414.1,Weather Station
2024-12-22,Quetta,30.1798,66.975,12.1,40.4,4.6,11.9,1018.3,401.3,Satellite Telemetry
2024-12-22,Multan,30.1575,71.5249,22.3,46.2,0.0,26.2,1010.8,426.9,Weather Station
2024-12-22,Hyderabad,25.396,68.3578,21.5,69.1,4.2,26.0,1011.7,417.1,Environmental IoT
2024-12-22,Faisalabad,31.4504,73.135,22.6,53.4,0.3,12.7,1011.4,427.6,Weather Station
2024-12-23,Karachi,24.8607,67.0011,23.0,72.7,0.0,13.7,1010.8,421.0,Satellite Telemetry
2024-12-23,Lahore,31.5204,74.3587,19.7,55.6,6.5,10.7,1015.7,425.3,Weather Station
2024-12-23,Islamabad,33.6844,73.0479,13.6,57.4,6.1,23.8,1014.0,407.6,Sensor Network
2024-12-23,Peshawar,34.0151,71.5249,18.8,53.7,1.4,17.0,1014.2,418.2,Environmental IoT
2024-12-23,Quetta,30.1798,66.975,9.4,40.6,0.0,23.2,1019.8,405.8,Weather Station
2024-12-23,Multan,30.1575,71.5249,23.9,44.7,0.0,20.7,1013.7,425.0,Environmental IoT
2024-12-23,Hyderabad,25.396,68.3578,20.1,68.7,1.7,25.8,1013.1,419.6,Weather Station
2024-12-23,Faisalabad,31.4504,73.135,21.1,51.0,1.7,26.9,1014.1,432.0,Sensor Network
2024-12-24,Karachi,24.8607,67.0011,22.5,77.8,5.2,15.9,1012.9,422.2,Environmental IoT
2024-12-24,Lahore,31.5204,74.3587,20.9,55.1,0.7,23.0,1013.8,425.6,Satellite Telemetry
2024-12-24,Islamabad,33.6844,73.0479,16.8,57.8,6.9,16.8,1015.7,413.1,Environmental IoT
2024-12-24,Peshawar,34.0151,71.5249,16.4,52.4,0.2,17.7,1012.5,412.6,Satellite Telemetry
2024-12-24,Quetta,30.1798,66.975,11.5,40.0,0.7,15.2,1016.3,404.4,Sensor Network
2024-12-24,Multan,30.1575,71.5249,22.1,51.0,0.0,16.3,1011.1,425.2,Environmental IoT
2024-12-24,Hyderabad,25.396,68.3578,21.6,73.8,3.8,13.0,1013.3,422.2,Weather Station
2024-12-24,Faisalabad,31.4504,73.135,22.8,55.9,6.0,24.9,1014.8,430.6,Weather Station
2024-12-25,Karachi,24.8607,67.0011,23.7,74.2,0.3,17.8,1010.1,425.0,Weather Station
2024-12-25,Lahore,31.5204,74.3587,20.3,55.3,0.0,16.9,1016.2,424.8,Environmental IoT
2024-12-25,Islamabad,33.6844,73.0479,15.9,53.1,6.6,27.2,1014.5,412.2,Environmental IoT
2024-12-25,Peshawar,34.0151,71.5249,16.3,49.6,4.8,26.7,1013.8,414.9,Weather Station
2024-12-25,Quetta,30.1798,66.975,10.0,39.8,1.7,12.5,1021.3,403.4,Satellite Telemetry
2024-12-25,Multan,30.1575,71.5249,24.8,47.6,3.8,10.2,1012.6,424.9,Satellite Telemetry
2024-12-25,Hyderabad,25.396,68.3578,23.9,73.5,0.0,10.1,1013.2,421.1,Satellite Telemetry
2024-12-25,Faisalabad,31.4504,73.135,22.6,53.1,6.7,17.2,1011.7,430.2,Environmental IoT
2024-12-26,Karachi,24.8607,67.0011,21.3,72.1,3.6,24.6,1009.5,425.1,Weather Station
2024-12-26,Lahore,31.5204,74.3587,18.3,60.3,3.6,23.6,1015.6,428.6,Environmental IoT
2024-12-26,Islamabad,33.6844,73.0479,13.6,53.5,1.6,13.7,1017.1,408.7,Environmental IoT
2024-12-26,Peshawar,34.0151,71.5249,17.3,55.5,4.2,15.7,1015.3,416.7,Sensor Network
2024-12-26,Quetta,30.1798,66.975,9.1,39.8,3.8,12.4,1020.4,406.0,Environmental IoT
2024-12-26,Multan,30.1575,71.5249,25.4,44.7,0.0,20.7,1014.6,424.0,Satellite Telemetry
2024-12-26,Hyderabad,25.396,68.3578,20.1,70.8,2.5,25.1,1012.6,421.8,Weather Station
2024-12-26,Faisalabad,31.4504,73.135,22.0,53.3,4.7,11.6,1011.8,430.5,Environmental IoT
2024-12-27,Karachi,24.8607,67.0011,22.4,74.9,0.0,15.7,1010.6,421.2,Sensor Network
2024-12-27,Lahore,31.5204,74.3587,21.0,57.8,2.8,15.8,1011.2,425.0,Sensor Network
2024-12-27,Islamabad,33.6844,73.0479,14.2,52.1,3.4,25.6,1015.3,408.5,Sensor Network
2024-12-27,Peshawar,34.0151,71.5249,17.2,47.2,0.0,19.7,1012.9,414.2,Satellite Telemetry
2024-12-27,Quetta,30.1798,66.975,9.6,36.4,1.1,18.1,1018.1,402.7,Sensor Network
2024-12-27,Multan,30.1575,71.5249,23.1,51.6,0.0,14.9,1010.3,426.3,Weather Station
2024-12-27,Hyderabad,25.396,68.3578,21.9,73.0,1.1,11.6,1012.7,419.4,Satellite Telemetry
2024-12-27,Faisalabad,31.4504,73.135,21.9,59.2,0.5,23.8,1015.2,427.9,Sensor Network
2024-12-28,Karachi,24.8607,67.0011,23.8,71.8,0.9,21.8,1013.8,421.8,Environmental IoT
2024-12-28,Lahore,31.5204,74.3587,21.1,60.0,3.7,23.4,1014.4,428.2,Weather Station
2024-12-28,Islamabad,33.6844,73.0479,13.3,52.3,2.9,17.8,1018.9,407.8,Weather Station
2024-12-28,Peshawar,34.0151,71.5249,15.8,55.5,4.1,13.4,1012.1,416.8,Weather Station
2024-12-28,Quetta,30.1798,66.975,9.1,41.5,3.1,13.7,1021.3,404.8,Environmental IoT
2024-12-28,Multan,30.1575,71.5249,23.8,51.9,4.3,17.7,1011.0,423.9,Weather Station
2024-12-28,Hyderabad,25.396,68.3578,20.2,67.9,0.0,27.0,1012.0,420.2,Weather Station
2024-12-28,Faisalabad,31.4504,73.135,20.1,56.7,0.7,20.9,1013.8,432.4,Satellite Telemetry
2024-12-29,Karachi,24.8607,67.0011,22.8,75.7,1.2,23.1,1011.7,423.5,Weather Station
2024-12-29,Lahore,31.5204,74.3587,20.1,58.4,3.6,16.2,1015.8,430.0,Satellite Telemetry
2024-12-29,Islamabad,33.6844,73.0479,15.8,58.7,7.5,11.7,1014.6,409.0,Sensor Network
2024-12-29,Peshawar,34.0151,71.5249,16.0,55.1,4.9,13.8,1013.0,416.2,Satellite Telemetry
2024-12-29,Quetta,30.1798,66.975,13.1,41.3,0.5,19.0,1020.2,401.1,Weather Station
2024-12-29,Multan,30.1575,71.5249,22.1,53.3,1.1,23.6,1013.6,428.3,Sensor Network
2024-12-29,Hyderabad,25.396,68.3578,21.2,71.7,3.7,13.8,1011.0,416.6,Sensor Network
2024-12-29,Faisalabad,31.4504,73.135,21.2,54.0,0.0,22.5,1013.1,427.2,Weather Station
2024-12-30,Karachi,24.8607,67.0011,24.0,76.1,3.4,22.7,1010.0,426.4,Sensor Network
2024-12-30,Lahore,31.5204,74.3587,20.9,54.8,3.6,18.5,1013.2,425.3,Sensor Network
2024-12-30,Islamabad,33.6844,73.0479,13.9,50.2,5.2,11.0,1014.9,408.1,Weather Station
2024-12-30,Peshawar,34.0151,71.5249,17.1,47.5,2.9,25.3,1013.3,416.0,Satellite Telemetry
2024-12-30,Quetta,30.1798,66.975,12.5,40.9,0.0,16.5,1020.7,401.8,Environmental IoT
2024-12-30,Multan,30.1575,71.5249,23.2,47.5,0.2,22.6,1011.8,427.7,Environmental IoT
2024-12-30,Hyderabad,25.396,68.3578,23.8,67.1,3.4,13.5,1009.6,417.7,Weather Station
2024-12-30,Faisalabad,31.4504,73.135,21.7,52.4,4.7,26.9,1014.3,427.6,Weather Station